CustomerID,Count,Country,State,City,Zip Code,Lat Long,Latitude,Longitude,Gender,Senior Citizen,Partner,Dependents,Tenure Months,Phone Service,Multiple Lines,Internet Service,Online Security,Online Backup,Device Protection,Tech Support,Streaming TV,Streaming Movies,Contract,Paperless Billing,Payment Method,Monthly Charges,Total Charges,Churn Label,Churn Value,Churn Score,CLTV,Churn Reason,Churn,AvgMonthlySpend,TenureGroup,IsNewCustomer,TotalServices
9237-HQITU,1,United States,California,Los Angeles,90005,"34.059281, -118.30742",34.059281,-118.30742,Female,No,No,Yes,2,Yes,No,Fiber optic,No,No,No,No,No,No,Month-to-month,Yes,Electronic check,70.7,151.65,Yes,1,67,2701,Moved,1,75.825,0-6 months,Yes,1
9305-CDSKC,1,United States,California,Los Angeles,90006,"34.048013, -118.293953",34.048013,-118.293953,Female,No,No,Yes,8,Yes,Yes,Fiber optic,No,No,Yes,No,Yes,Yes,Month-to-month,Yes,Electronic check,99.65,820.5,Yes,1,86,5372,Moved,1,102.5625,7-12 months,No,5
7892-POOKP,1,United States,California,Los Angeles,90010,"34.062125, -118.315709",34.062125,-118.315709,Female,No,Yes,Yes,28,Yes,Yes,Fiber optic,No,No,Yes,Yes,Yes,Yes,Month-to-month,Yes,Electronic check,104.8,3046.05,Yes,1,84,5003,Moved,1,108.78750000000001,25-48 months,No,6
0280-XJGEX,1,United States,California,Los Angeles,90015,"34.039224, -118.266293",34.039224,-118.266293,Male,No,No,Yes,49,Yes,Yes,Fiber optic,No,Yes,Yes,No,Yes,Yes,Month-to-month,Yes,Bank transfer (automatic),103.7,5036.3,Yes,1,89,5340,Competitor had better devices,1,102.78163265306122,49+ months,No,6
6467-CHFZW,1,United States,California,Los Angeles,90028,"34.099869, -118.326843",34.099869,-118.326843,Male,No,Yes,Yes,47,Yes,Yes,Fiber optic,No,Yes,No,No,Yes,Yes,Month-to-month,Yes,Electronic check,99.35,4749.15,Yes,1,77,5789,Competitor had better devices,1,101.04574468085106,25-48 months,No,5
6047-YHPVI,1,United States,California,Los Angeles,90039,"34.110845, -118.259595",34.110845,-118.259595,Male,No,No,Yes,5,Yes,No,Fiber optic,No,No,No,No,No,No,Month-to-month,Yes,Electronic check,69.7,316.9,Yes,1,66,2454,Competitor offered higher download speeds,1,63.379999999999995,0-6 months,Yes,1
5380-WJKOV,1,United States,California,Los Angeles,90041,"34.137412, -118.207607",34.137412,-118.207607,Male,No,No,Yes,34,Yes,Yes,Fiber optic,No,Yes,Yes,No,Yes,Yes,Month-to-month,Yes,Electronic check,106.35,3549.25,Yes,1,65,2941,Competitor offered higher download speeds,1,104.38970588235294,25-48 months,No,6
8168-UQWWF,1,United States,California,Los Angeles,90042,"34.11572, -118.192754",34.11572,-118.192754,Female,No,No,Yes,11,Yes,Yes,Fiber optic,No,No,Yes,No,Yes,Yes,Month-to-month,Yes,Bank transfer (automatic),97.85,1105.4,Yes,1,70,5674,Competitor offered more data,1,100.4909090909091,7-12 months,No,5
7760-OYPDY,1,United States,California,Los Angeles,90056,"33.987945, -118.370442",33.987945,-118.370442,Female,No,No,Yes,2,Yes,No,Fiber optic,No,No,No,No,Yes,No,Month-to-month,Yes,Electronic check,80.65,144.15,Yes,1,90,5586,Competitor offered more data,1,72.075,0-6 months,Yes,2
9420-LOJKX,1,United States,California,Los Angeles,90061,"33.92128, -118.274186",33.92128,-118.274186,Female,No,No,Yes,15,Yes,No,Fiber optic,Yes,Yes,No,No,Yes,Yes,Month-to-month,Yes,Credit card (automatic),99.1,1426.4,Yes,1,82,2966,Competitor offered more data,1,95.09333333333333,13-24 months,No,5
7495-OOKFY,1,United States,California,Los Angeles,90063,"34.044271, -118.185237",34.044271,-118.185237,Female,Yes,Yes,Yes,8,Yes,Yes,Fiber optic,No,Yes,No,No,No,No,Month-to-month,Yes,Credit card (automatic),80.65,633.3,Yes,1,69,5302,Competitor made better offer,1,79.1625,7-12 months,No,3
1658-BYGOY,1,United States,California,Los Angeles,90065,"34.108833, -118.229715",34.108833,-118.229715,Male,Yes,No,Yes,18,Yes,Yes,Fiber optic,No,No,No,No,Yes,Yes,Month-to-month,Yes,Electronic check,95.45,1752.55,Yes,1,81,3179,Competitor made better offer,1,97.36388888888888,13-24 months,No,4
5698-BQJOH,1,United States,California,Beverly Hills,90211,"34.063947, -118.383001",34.063947,-118.383001,Female,No,No,Yes,9,Yes,Yes,Fiber optic,No,No,No,No,Yes,Yes,Month-to-month,No,Electronic check,94.4,857.25,Yes,1,96,5571,Price too high,1,95.25,7-12 months,No,4
5919-TMRGD,1,United States,California,Huntington Park,90255,"33.97803, -118.217141",33.97803,-118.217141,Female,No,No,Yes,1,Yes,No,Fiber optic,No,No,No,No,Yes,No,Month-to-month,Yes,Electronic check,79.35,79.35,Yes,1,87,2483,Product dissatisfaction,1,79.35,0-6 months,Yes,2
9191-MYQKX,1,United States,California,Lynwood,90262,"33.923573, -118.200669",33.923573,-118.200669,Female,No,Yes,Yes,7,Yes,No,Fiber optic,No,No,Yes,No,No,No,Month-to-month,Yes,Bank transfer (automatic),75.15,496.9,Yes,1,70,3457,Service dissatisfaction,1,70.98571428571428,7-12 months,No,2
8637-XJIVR,1,United States,California,Marina Del Rey,90292,"33.977468, -118.445475",33.977468,-118.445475,Female,No,No,Yes,12,Yes,Yes,Fiber optic,Yes,No,No,No,No,No,Month-to-month,Yes,Electronic check,78.95,927.35,Yes,1,86,5806,Lack of self-service on Website,1,77.27916666666667,7-12 months,No,3
4598-XLKNJ,1,United States,California,Inglewood,90303,"33.936291, -118.332639",33.936291,-118.332639,Female,Yes,Yes,Yes,25,Yes,No,Fiber optic,No,Yes,Yes,No,Yes,Yes,Month-to-month,Yes,Electronic check,98.5,2514.5,Yes,1,88,5337,Limited range of services,1,100.58,25-48 months,No,5
0486-HECZI,1,United States,California,Torrance,90504,"33.867257, -118.330794",33.867257,-118.330794,Male,No,Yes,Yes,55,Yes,Yes,Fiber optic,Yes,Yes,No,No,Yes,No,Month-to-month,Yes,Electronic check,96.75,5238.9,Yes,1,75,5154,Long distance charges,1,95.25272727272727,49+ months,No,5
4846-WHAFZ,1,United States,California,Whittier,90602,"33.972119, -118.020188",33.972119,-118.020188,Female,Yes,Yes,Yes,37,Yes,Yes,Fiber optic,No,No,No,No,No,No,Month-to-month,Yes,Electronic check,76.5,2868.15,Yes,1,67,2793,Extra data charges,1,77.51756756756757,25-48 months,No,2
5299-RULOA,1,United States,California,Whittier,90606,"33.976678, -118.065875",33.976678,-118.065875,Female,No,Yes,Yes,10,Yes,Yes,Fiber optic,Yes,No,No,No,Yes,Yes,Month-to-month,Yes,Electronic check,100.25,1064.65,Yes,1,87,5998,Price too high,1,106.465,7-12 months,No,5
0404-SWRVG,1,United States,California,La Habra,90631,"33.940619, -117.9513",33.940619,-117.9513,Male,No,No,Yes,3,Yes,Yes,Fiber optic,No,No,No,No,No,No,Month-to-month,Yes,Electronic check,74.4,229.55,Yes,1,76,4415,Product dissatisfaction,1,76.51666666666667,0-6 months,Yes,2
4412-YLTKF,1,United States,California,Pico Rivera,90660,"33.989524, -118.089299",33.989524,-118.089299,Female,Yes,No,Yes,27,Yes,Yes,Fiber optic,No,No,Yes,No,No,No,Month-to-month,Yes,Electronic check,78.05,2135.5,Yes,1,95,4638,Service dissatisfaction,1,79.0925925925926,25-48 months,No,3
0390-DCFDQ,1,United States,California,Los Alamitos,90720,"33.79499, -118.065591",33.79499,-118.065591,Female,Yes,Yes,Yes,1,Yes,No,Fiber optic,No,No,No,No,No,No,Month-to-month,Yes,Mailed check,70.45,70.45,Yes,1,76,3964,Don't know,1,70.45,0-6 months,Yes,1
3874-EQOEP,1,United States,California,Long Beach,90804,"33.783047, -118.1486",33.783047,-118.1486,Male,No,No,Yes,7,Yes,Yes,Fiber optic,No,No,No,No,Yes,Yes,Month-to-month,No,Mailed check,95.0,655.5,Yes,1,94,2786,Poor expertise of phone support,1,93.64285714285714,7-12 months,No,4
0867-MKZVY,1,United States,California,Altadena,91001,"34.196837, -118.142236",34.196837,-118.142236,Female,No,Yes,Yes,20,Yes,Yes,Fiber optic,Yes,No,No,No,No,No,Month-to-month,No,Electronic check,82.4,1592.35,Yes,1,86,5719,Price too high,1,79.61749999999999,13-24 months,No,3
3376-BMGFE,1,United States,California,Monrovia,91016,"34.1528, -118.000482",34.1528,-118.000482,Female,No,No,Yes,4,Yes,No,Fiber optic,No,No,No,No,No,No,Month-to-month,Yes,Bank transfer (automatic),70.9,273.0,Yes,1,75,4287,Product dissatisfaction,1,68.25,0-6 months,Yes,1
1875-QIVME,1,United States,California,Tujunga,91042,"34.296574, -118.244839",34.296574,-118.244839,Female,No,Yes,Yes,2,Yes,Yes,Fiber optic,No,No,Yes,Yes,Yes,Yes,Month-to-month,Yes,Electronic check,104.4,242.8,Yes,1,83,4690,Lack of self-service on Website,1,121.4,0-6 months,Yes,6
2656-FMOKZ,1,United States,California,Pasadena,91106,"34.139402, -118.128658",34.139402,-118.128658,Female,Yes,No,Yes,15,Yes,Yes,Fiber optic,No,No,No,No,No,No,Month-to-month,Yes,Mailed check,74.45,1145.7,Yes,1,99,5717,Limited range of services,1,76.38000000000001,13-24 months,No,2
2070-FNEXE,1,United States,California,Pasadena,91107,"34.159007, -118.087353",34.159007,-118.087353,Female,Yes,No,Yes,7,Yes,No,Fiber optic,Yes,No,No,No,No,No,Month-to-month,No,Bank transfer (automatic),76.45,503.6,Yes,1,81,4419,Lack of affordable download/upload speed,1,71.94285714285715,7-12 months,No,2
9367-WXLCH,1,United States,California,Glendale,91204,"34.136306, -118.26036",34.136306,-118.26036,Male,No,No,Yes,8,Yes,Yes,Fiber optic,No,No,No,No,No,Yes,Month-to-month,No,Bank transfer (automatic),84.5,662.65,Yes,1,86,2152,Extra data charges,1,82.83125,7-12 months,No,3
1918-ZBFQJ,1,United States,California,Glendale,91206,"34.162515, -118.203869",34.162515,-118.203869,Female,No,No,Yes,13,Yes,No,Fiber optic,No,Yes,Yes,No,No,No,Month-to-month,Yes,Electronic check,79.25,1111.65,Yes,1,73,5142,Price too high,1,85.51153846153846,13-24 months,No,3
2472-OVKUP,1,United States,California,Canoga Park,91304,"34.224377, -118.632656",34.224377,-118.632656,Male,No,Yes,Yes,6,Yes,No,Fiber optic,No,Yes,Yes,No,No,Yes,Month-to-month,Yes,Electronic check,91.0,531.0,Yes,1,94,2283,Service dissatisfaction,1,88.5,0-6 months,Yes,4
1285-OKIPP,1,United States,California,Mission Hills,91345,"34.266389, -118.459744",34.266389,-118.459744,Male,No,No,Yes,1,Yes,No,Fiber optic,No,No,No,No,No,Yes,Month-to-month,No,Electronic check,79.9,79.9,Yes,1,98,3394,Lack of self-service on Website,1,79.9,0-6 months,Yes,2
7825-ECJRF,1,United States,California,Santa Clarita,91350,"34.502432, -118.41459",34.502432,-118.41459,Female,No,No,Yes,19,Yes,No,Fiber optic,Yes,No,Yes,Yes,Yes,Yes,Month-to-month,Yes,Electronic check,106.6,1934.45,Yes,1,71,3764,Network reliability,1,101.81315789473685,13-24 months,No,6
9408-SSNVZ,1,United States,California,Stevenson Ranch,91381,"34.364153, -118.615583",34.364153,-118.615583,Female,No,No,Yes,4,Yes,No,Fiber optic,No,No,No,No,No,No,Month-to-month,Yes,Electronic check,70.15,268.35,Yes,1,67,2227,Don't know,1,67.0875,0-6 months,Yes,1
8937-RDTHP,1,United States,California,Burbank,91504,"34.213049, -118.317651",34.213049,-118.317651,Male,No,No,Yes,1,Yes,No,Fiber optic,Yes,No,No,No,No,Yes,Month-to-month,Yes,Mailed check,84.6,84.6,Yes,1,66,2484,Poor expertise of phone support,1,84.6,0-6 months,Yes,3
0094-OIFMO,1,United States,California,North Hollywood,91605,"34.207295, -118.400022",34.207295,-118.400022,Female,Yes,No,Yes,11,Yes,No,Fiber optic,No,Yes,No,No,Yes,Yes,Month-to-month,Yes,Electronic check,95.0,1120.3,Yes,1,85,5980,Product dissatisfaction,1,101.84545454545454,7-12 months,No,4
9947-OTFQU,1,United States,California,Covina,91722,"34.097345, -117.906736",34.097345,-117.906736,Male,Yes,No,No,15,Yes,No,Fiber optic,No,Yes,No,No,No,No,Month-to-month,Yes,Electronic check,74.4,1074.3,Yes,1,86,4616,Service dissatisfaction,1,71.61999999999999,13-24 months,No,2
4629-NRXKX,1,United States,California,El Monte,91731,"34.079934, -118.046695",34.079934,-118.046695,Female,No,Yes,No,2,Yes,No,Fiber optic,No,No,No,No,No,No,Month-to-month,No,Electronic check,70.4,147.15,Yes,1,75,5687,Network reliability,1,73.575,0-6 months,Yes,1
3606-TWKGI,1,United States,California,Rowland Heights,91748,"33.976753, -117.897367",33.976753,-117.897367,Male,Yes,No,No,13,Yes,Yes,Fiber optic,No,Yes,Yes,No,Yes,Yes,Month-to-month,Yes,Electronic check,106.9,1364.3,Yes,1,84,2494,Extra data charges,1,104.94615384615385,13-24 months,No,6
4385-GZQXV,1,United States,California,Ontario,91764,"34.074087, -117.605618",34.074087,-117.605618,Female,Yes,No,No,16,Yes,No,Fiber optic,No,No,No,Yes,Yes,Yes,Month-to-month,Yes,Electronic check,94.45,1511.2,Yes,1,81,3810,Product dissatisfaction,1,94.45,13-24 months,No,4
5940-AHUHD,1,United States,California,Pomona,91768,"34.067932, -117.785168",34.067932,-117.785168,Male,No,No,No,1,Yes,No,Fiber optic,No,No,No,No,No,No,Month-to-month,No,Mailed check,70.6,70.6,Yes,1,69,3338,Lack of self-service on Website,1,70.6,0-6 months,Yes,1
6432-TWQLB,1,United States,California,Rosemead,91770,"34.065108, -118.082791",34.065108,-118.082791,Male,No,Yes,No,5,Yes,Yes,Fiber optic,No,Yes,No,Yes,No,No,Month-to-month,Yes,Electronic check,85.4,401.1,Yes,1,80,3676,Network reliability,1,80.22,0-6 months,Yes,4
4484-GLZOU,1,United States,California,San Dimas,91773,"34.102119, -117.815532",34.102119,-117.815532,Female,No,Yes,No,52,Yes,Yes,Fiber optic,No,Yes,Yes,No,Yes,Yes,Month-to-month,Yes,Electronic check,105.05,5624.85,Yes,1,65,4839,Don't know,1,108.17019230769232,49+ months,No,6
9512-UIBFX,1,United States,California,West Covina,91791,"34.061634, -117.893169",34.061634,-117.893169,Male,No,Yes,No,18,Yes,No,Fiber optic,No,No,Yes,No,Yes,Yes,Month-to-month,No,Mailed check,95.15,1779.95,Yes,1,68,4643,Don't know,1,98.88611111111112,13-24 months,No,4
5583-SXDAG,1,United States,California,Alhambra,91803,"34.074736, -118.145959",34.074736,-118.145959,Male,No,Yes,No,1,Yes,No,Fiber optic,No,No,No,No,No,No,Month-to-month,No,Electronic check,70.0,70.0,Yes,1,97,4094,Don't know,1,70.0,0-6 months,Yes,1
3488-PGMQJ,1,United States,California,Alpine,91901,"32.827184, -116.703729",32.827184,-116.703729,Male,Yes,No,No,8,Yes,No,Fiber optic,No,Yes,No,No,No,No,Month-to-month,Yes,Electronic check,74.5,606.55,Yes,1,80,4345,Poor expertise of online support,1,75.81875,7-12 months,No,2
7534-BFESC,1,United States,California,Boulevard,91905,"32.677097, -116.304991",32.677097,-116.304991,Male,Yes,No,No,24,Yes,Yes,Fiber optic,No,No,No,No,No,No,Month-to-month,Yes,Electronic check,76.1,1712.7,Yes,1,98,2018,Price too high,1,71.3625,13-24 months,No,2
6390-DSAZX,1,United States,California,Guatay,91931,"32.857946, -116.561917",32.857946,-116.561917,Female,No,No,No,1,Yes,No,Fiber optic,Yes,No,No,No,No,No,Month-to-month,Yes,Mailed check,73.6,73.6,Yes,1,80,2565,Product dissatisfaction,1,73.6,0-6 months,Yes,2
8098-LLAZX,1,United States,California,Jacumba,91934,"32.649787, -116.2237",32.649787,-116.2237,Female,Yes,No,No,4,Yes,Yes,Fiber optic,No,No,No,No,Yes,Yes,Month-to-month,Yes,Electronic check,95.45,396.1,Yes,1,85,3677,Service dissatisfaction,1,99.025,0-6 months,Yes,4
0265-EDXBD,1,United States,California,Mount Laguna,91948,"32.830852, -116.444601",32.830852,-116.444601,Male,Yes,Yes,No,32,Yes,Yes,Fiber optic,No,No,No,No,No,No,Month-to-month,Yes,Electronic check,74.9,2303.35,Yes,1,69,4105,Lack of self-service on Website,1,71.9796875,25-48 months,No,2
7563-BIUPC,1,United States,California,Borrego Springs,92004,"33.200369, -116.192313",33.200369,-116.192313,Male,No,No,No,5,Yes,No,Fiber optic,No,No,No,No,Yes,No,Month-to-month,Yes,Electronic check,80.6,415.55,Yes,1,69,5715,Network reliability,1,83.11,0-6 months,Yes,2
2840-XANRC,1,United States,California,Del Mar,92014,"32.948262, -117.256086",32.948262,-117.256086,Male,Yes,Yes,No,24,Yes,No,Fiber optic,No,No,Yes,No,Yes,Yes,Month-to-month,Yes,Electronic check,93.15,2231.05,Yes,1,73,2212,Lack of affordable download/upload speed,1,92.96041666666667,13-24 months,No,4
5804-LEPIM,1,United States,California,Escondido,92029,"33.079834, -117.134275",33.079834,-117.134275,Female,Yes,No,No,2,Yes,No,Fiber optic,No,No,No,No,No,No,Month-to-month,Yes,Electronic check,70.35,139.05,Yes,1,73,2671,Extra data charges,1,69.525,0-6 months,Yes,1
0122-OAHPZ,1,United States,California,Oceanside,92057,"33.254497, -117.285879",33.254497,-117.285879,Female,No,No,No,7,Yes,Yes,Fiber optic,No,No,No,No,No,No,Month-to-month,Yes,Electronic check,73.85,511.25,Yes,1,67,2473,Price too high,1,73.03571428571429,7-12 months,No,2
2868-SNELZ,1,United States,California,Pala,92059,"33.384345, -117.072619",33.384345,-117.072619,Female,No,No,No,2,Yes,Yes,Fiber optic,No,No,Yes,No,No,No,Month-to-month,No,Mailed check,80.6,155.8,Yes,1,92,2683,Product dissatisfaction,1,77.9,0-6 months,Yes,3
1343-EHPYB,1,United States,California,Ranchita,92066,"33.215251, -116.53633",33.215251,-116.53633,Male,No,Yes,No,63,Yes,Yes,Fiber optic,No,Yes,Yes,No,Yes,Yes,Month-to-month,Yes,Electronic check,103.4,6603.0,Yes,1,98,4352,Network reliability,1,104.80952380952381,49+ months,No,6
2034-GDRCN,1,United States,California,Valley Center,92082,"33.25283, -116.986079",33.25283,-116.986079,Female,No,No,No,2,Yes,No,Fiber optic,No,No,No,No,Yes,Yes,Month-to-month,Yes,Electronic check,90.4,168.2,Yes,1,76,4157,Don't know,1,84.1,0-6 months,Yes,3
0219-YTZUE,1,United States,California,San Diego,92103,"32.747484, -117.166877",32.747484,-117.166877,Male,No,Yes,No,4,Yes,Yes,Fiber optic,No,Yes,Yes,No,No,No,Month-to-month,Yes,Bank transfer (automatic),84.8,371.9,Yes,1,73,4939,Don't know,1,92.975,0-6 months,Yes,4
4572-DVCGN,1,United States,California,San Diego,92105,"32.741859, -117.090353",32.741859,-117.090353,Female,No,No,No,10,Yes,No,Fiber optic,No,No,No,No,No,Yes,Month-to-month,Yes,Bank transfer (automatic),80.25,846.0,Yes,1,85,3598,Poor expertise of online support,1,84.6,7-12 months,No,2
1010-DIAUQ,1,United States,California,San Diego,92116,"32.765299, -117.122565",32.765299,-117.122565,Male,No,No,No,5,Yes,No,Fiber optic,No,No,Yes,No,Yes,Yes,Month-to-month,No,Bank transfer (automatic),96.5,492.55,Yes,1,98,5383,Price too high,1,98.51,0-6 months,Yes,4
0259-GBZSH,1,United States,California,San Diego,92122,"32.85723, -117.209774",32.85723,-117.209774,Male,No,No,No,2,Yes,Yes,Fiber optic,No,No,No,No,Yes,No,Month-to-month,Yes,Electronic check,85.65,181.5,Yes,1,73,3878,Product dissatisfaction,1,90.75,0-6 months,Yes,3
9601-BRXPO,1,United States,California,San Diego,92129,"32.961064, -117.134917",32.961064,-117.134917,Female,No,Yes,No,25,Yes,Yes,Fiber optic,No,No,Yes,Yes,Yes,Yes,Month-to-month,Yes,Bank transfer (automatic),104.95,2566.5,Yes,1,66,3642,Service dissatisfaction,1,102.66,25-48 months,No,6
5167-ZFFMM,1,United States,California,Indio,92201,"33.713891, -116.237257",33.713891,-116.237257,Male,No,No,No,1,Yes,Yes,Fiber optic,No,Yes,No,No,No,Yes,Month-to-month,Yes,Credit card (automatic),90.85,90.85,Yes,1,81,3424,Network reliability,1,90.85,0-6 months,Yes,4
0533-BNWKF,1,United States,California,Palm Desert,92211,"33.762759, -116.324817",33.762759,-116.324817,Female,Yes,Yes,No,55,Yes,Yes,Fiber optic,No,Yes,Yes,No,No,No,Month-to-month,Yes,Electronic check,85.45,4874.7,Yes,1,100,5502,Lack of affordable download/upload speed,1,88.63090909090909,49+ months,No,4
6599-CEBNN,1,United States,California,Desert Hot Springs,92240,"33.948558, -116.516976",33.948558,-116.516976,Female,No,No,No,34,Yes,No,Fiber optic,No,Yes,No,No,No,No,Month-to-month,Yes,Credit card (automatic),73.95,2524.45,Yes,1,94,5795,Long distance charges,1,74.24852941176471,25-48 months,No,2
0979-PHULV,1,United States,California,Holtville,92250,"32.811001, -115.152865",32.811001,-115.152865,Male,No,Yes,No,69,Yes,Yes,Fiber optic,No,No,Yes,No,Yes,Yes,Month-to-month,Yes,Credit card (automatic),99.45,7007.6,Yes,1,80,4020,Extra data charges,1,101.55942028985508,49+ months,No,5
0334-GDDSO,1,United States,California,Ocotillo,92259,"32.698964, -115.886656",32.698964,-115.886656,Male,Yes,No,No,3,Yes,Yes,Fiber optic,No,Yes,No,No,No,No,Month-to-month,Yes,Electronic check,81.35,233.7,Yes,1,73,2818,Service dissatisfaction,1,77.89999999999999,0-6 months,Yes,3
0578-SKVMF,1,United States,California,Seeley,92273,"32.790282, -115.689559",32.790282,-115.689559,Female,No,Yes,No,22,Yes,No,Fiber optic,No,Yes,No,No,No,Yes,Month-to-month,No,Electronic check,83.3,1845.9,Yes,1,88,3804,Lack of self-service on Website,1,83.90454545454546,13-24 months,No,3
5564-NEMQO,1,United States,California,Thermal,92274,"33.53604, -116.119222",33.53604,-116.119222,Female,Yes,No,No,1,Yes,No,Fiber optic,No,No,Yes,No,No,No,Month-to-month,Yes,Bank transfer (automatic),75.3,75.3,Yes,1,67,4902,Network reliability,1,75.3,0-6 months,Yes,2
7752-XUSCI,1,United States,California,Crestline,92325,"34.248061, -117.29028",34.248061,-117.29028,Female,No,No,No,60,Yes,Yes,Fiber optic,No,Yes,Yes,No,Yes,Yes,Month-to-month,Yes,Electronic check,105.9,6396.45,Yes,1,84,4105,Don't know,1,106.6075,49+ months,No,6
4110-PFEUZ,1,United States,California,Daggett,92327,"34.875144, -116.821698",34.875144,-116.821698,Female,No,No,No,1,Yes,No,Fiber optic,No,No,No,No,No,No,Month-to-month,No,Mailed check,69.55,69.55,Yes,1,73,2792,Competitor had better devices,1,69.55,0-6 months,Yes,1
0256-LTHVJ,1,United States,California,Ludlow,92338,"34.702766, -116.093376",34.702766,-116.093376,Female,No,Yes,No,28,Yes,No,Fiber optic,No,No,No,No,No,Yes,Month-to-month,Yes,Electronic check,81.05,2227.1,Yes,1,98,5201,Competitor had better devices,1,79.53928571428571,25-48 months,No,2
0880-TKATG,1,United States,California,Lucerne Valley,92356,"34.508417, -116.856103",34.508417,-116.856103,Male,No,Yes,No,4,Yes,Yes,Fiber optic,No,No,Yes,No,Yes,Yes,Month-to-month,No,Electronic check,101.15,385.9,Yes,1,84,4417,Competitor had better devices,1,96.475,0-6 months,Yes,5
3811-VBYBZ,1,United States,California,Lytle Creek,92358,"34.238162, -117.534306",34.238162,-117.534306,Male,No,No,No,7,Yes,Yes,Fiber optic,No,Yes,No,No,Yes,Yes,Month-to-month,Yes,Electronic check,99.8,673.25,Yes,1,98,2031,Competitor had better devices,1,96.17857142857143,7-12 months,No,5
9399-APLBT,1,United States,California,Rialto,92377,"34.156758, -117.404686",34.156758,-117.404686,Female,No,Yes,No,1,Yes,No,Fiber optic,No,Yes,No,No,No,No,Month-to-month,Yes,Electronic check,74.7,74.7,Yes,1,80,5980,Competitor had better devices,1,74.7,0-6 months,Yes,2
2359-KMGLI,1,United States,California,Running Springs,92382,"34.186211, -117.07683",34.186211,-117.07683,Male,No,No,No,24,Yes,Yes,Fiber optic,No,Yes,No,No,No,No,Month-to-month,Yes,Electronic check,80.25,1861.5,Yes,1,77,4418,Competitor had better devices,1,77.5625,13-24 months,No,3
0306-JAELE,1,United States,California,Tecopa,92389,"35.824572, -116.274755",35.824572,-116.274755,Male,No,No,No,5,Yes,No,Fiber optic,No,No,No,Yes,Yes,Yes,Month-to-month,Yes,Electronic check,96.1,453.4,Yes,1,66,4192,Competitor had better devices,1,90.67999999999999,0-6 months,Yes,4
6227-HWPWX,1,United States,California,Victorville,92392,"34.486835, -117.362274",34.486835,-117.362274,Female,No,No,No,15,Yes,No,Fiber optic,No,No,No,No,No,No,Month-to-month,No,Bank transfer (automatic),69.0,994.8,Yes,1,73,5671,Competitor had better devices,1,66.32,13-24 months,No,1
5949-XIKAE,1,United States,California,San Bernardino,92401,"34.105935, -117.2914",34.105935,-117.2914,Female,No,Yes,No,8,Yes,No,Fiber optic,No,Yes,No,No,Yes,No,Month-to-month,Yes,Electronic check,83.55,680.05,Yes,1,65,2879,Product dissatisfaction,1,85.00625,7-12 months,No,3
8372-JUXUI,1,United States,California,San Bernardino,92410,"34.106922, -117.297553",34.106922,-117.297553,Male,No,No,No,1,Yes,Yes,Fiber optic,No,No,No,No,No,No,Month-to-month,Yes,Electronic check,74.35,74.35,Yes,1,93,2814,Service dissatisfaction,1,74.35,0-6 months,Yes,2
0388-EOPEX,1,United States,California,Riverside,92503,"33.890046, -117.455583",33.890046,-117.455583,Female,No,Yes,No,2,Yes,No,Fiber optic,Yes,No,No,No,No,No,Month-to-month,Yes,Electronic check,74.4,139.4,Yes,1,77,4263,Lack of self-service on Website,1,69.7,0-6 months,Yes,2
7783-YKGDV,1,United States,California,March Air Reserve Base,92518,"33.888323, -117.277533",33.888323,-117.277533,Female,No,No,No,12,Yes,Yes,Fiber optic,Yes,Yes,Yes,No,No,Yes,Month-to-month,Yes,Bank transfer (automatic),99.7,1238.45,Yes,1,76,2538,Lack of affordable download/upload speed,1,103.20416666666667,7-12 months,No,6
5609-CEBID,1,United States,California,Hemet,92544,"33.644585, -116.871544",33.644585,-116.871544,Female,Yes,No,No,20,Yes,Yes,Fiber optic,No,Yes,Yes,No,No,Yes,Month-to-month,Yes,Electronic check,94.1,1782.4,Yes,1,87,2666,Long distance charges,1,89.12,13-24 months,No,5
7218-HKQFK,1,United States,California,Homeland,92548,"33.761894, -117.120868",33.761894,-117.120868,Male,No,Yes,No,2,Yes,No,Fiber optic,No,No,No,Yes,Yes,Yes,Month-to-month,Yes,Electronic check,94.2,167.5,Yes,1,72,3715,Don't know,1,83.75,0-6 months,Yes,4
4636-QRJKY,1,United States,California,Idyllwild,92549,"33.755039, -116.741796",33.755039,-116.741796,Female,No,Yes,No,6,Yes,Yes,Fiber optic,No,No,No,Yes,No,No,Month-to-month,Yes,Electronic check,80.5,502.85,Yes,1,98,5032,Price too high,1,83.80833333333334,0-6 months,Yes,3
5956-VKDTT,1,United States,California,Moreno Valley,92557,"33.970661, -117.255039",33.970661,-117.255039,Female,Yes,Yes,No,5,Yes,Yes,Fiber optic,No,No,No,No,No,No,Month-to-month,Yes,Electronic check,74.35,334.8,Yes,1,82,5273,Product dissatisfaction,1,66.96000000000001,0-6 months,Yes,2
9412-GHEEC,1,United States,California,Murrieta,92563,"33.581045, -117.14719",33.581045,-117.14719,Male,No,No,No,40,Yes,Yes,Fiber optic,No,No,Yes,Yes,Yes,Yes,Month-to-month,No,Bank transfer (automatic),104.8,4131.95,Yes,1,88,3492,Service dissatisfaction,1,103.29875,25-48 months,No,6
0257-ZESQC,1,United States,California,Perris,92571,"33.828289, -117.201666",33.828289,-117.201666,Female,Yes,Yes,No,27,Yes,No,Fiber optic,Yes,No,No,No,No,No,Month-to-month,Yes,Bank transfer (automatic),75.2,1929.35,Yes,1,99,4517,Lack of self-service on Website,1,71.4574074074074,25-48 months,No,2
6825-UYPFK,1,United States,California,Sun City,92586,"33.707483, -117.200006",33.707483,-117.200006,Female,No,No,No,23,Yes,Yes,Fiber optic,No,No,No,No,No,No,Month-to-month,No,Bank transfer (automatic),75.6,1758.6,Yes,1,81,2115,Network reliability,1,76.4608695652174,13-24 months,No,2
8397-MVTAZ,1,United States,California,Sun City,92587,"33.69887, -117.25071",33.69887,-117.25071,Male,No,Yes,No,34,Yes,Yes,Fiber optic,No,No,Yes,No,Yes,Yes,Month-to-month,Yes,Electronic check,100.05,3480.0,Yes,1,72,2568,Don't know,1,102.3529411764706,25-48 months,No,5
9282-IZGQK,1,United States,California,Irvine,92612,"33.643095, -117.810896",33.643095,-117.810896,Female,No,No,No,1,Yes,Yes,Fiber optic,No,No,No,No,No,Yes,Month-to-month,Yes,Electronic check,85.0,85.0,Yes,1,80,5679,Don't know,1,85.0,0-6 months,Yes,3
1342-JPNKI,1,United States,California,Lake Forest,92630,"33.644849, -117.684254",33.644849,-117.684254,Male,No,No,No,10,Yes,Yes,Fiber optic,No,No,No,No,Yes,No,Month-to-month,Yes,Bank transfer (automatic),86.05,834.1,Yes,1,85,2966,Don't know,1,83.41,7-12 months,No,3
6986-IJDHX,1,United States,California,Huntington Beach,92648,"33.679659, -118.016195",33.679659,-118.016195,Male,No,Yes,No,39,Yes,No,Fiber optic,No,Yes,No,No,Yes,No,Month-to-month,Yes,Mailed check,86.3,3266.0,Yes,1,98,3364,Poor expertise of phone support,1,83.74358974358974,25-48 months,No,3
5301-GAUUY,1,United States,California,Newport Beach,92661,"33.601309, -117.902304",33.601309,-117.902304,Male,No,No,No,32,Yes,Yes,Fiber optic,No,Yes,No,No,No,No,Month-to-month,Yes,Bank transfer (automatic),80.35,2596.15,Yes,1,92,5974,Competitor had better devices,1,81.1296875,25-48 months,No,3
0939-YAPAF,1,United States,California,Santa Ana,92701,"33.748478, -117.858918",33.748478,-117.858918,Female,No,No,No,35,Yes,Yes,Fiber optic,No,No,Yes,No,Yes,Yes,Month-to-month,Yes,Electronic check,100.25,3527.6,Yes,1,72,2744,Competitor offered higher download speeds,1,100.78857142857143,25-48 months,No,5
3627-FHKBK,1,United States,California,Anaheim,92806,"33.83796, -117.870494",33.83796,-117.870494,Female,No,No,No,1,Yes,No,Fiber optic,Yes,No,No,No,No,No,Month-to-month,No,Mailed check,75.3,75.3,Yes,1,87,3244,Competitor had better devices,1,75.3,0-6 months,Yes,2
2865-TCHJW,1,United States,California,Anaheim,92807,"33.848733, -117.788357",33.848733,-117.788357,Female,Yes,No,No,4,Yes,Yes,Fiber optic,No,No,Yes,No,Yes,No,Month-to-month,Yes,Electronic check,89.2,346.2,Yes,1,74,5808,Competitor had better devices,1,86.55,0-6 months,Yes,4
5192-EBGOV,1,United States,California,Brea,92823,"33.924143, -117.79387",33.924143,-117.79387,Female,Yes,No,No,1,Yes,Yes,Fiber optic,No,No,No,No,Yes,No,Month-to-month,Yes,Electronic check,85.7,85.7,Yes,1,66,4880,Competitor offered higher download speeds,1,85.7,0-6 months,Yes,3
3419-SNJJD,1,United States,California,Yorba Linda,92887,"33.884073, -117.732197",33.884073,-117.732197,Female,Yes,Yes,No,65,Yes,Yes,Fiber optic,Yes,No,Yes,No,Yes,Yes,Month-to-month,No,Bank transfer (automatic),105.25,6786.4,Yes,1,91,4196,Competitor offered higher download speeds,1,104.40615384615384,49+ months,No,6
4554-YGZIH,1,United States,California,Summerland,93067,"34.420998, -119.60137",34.420998,-119.60137,Male,Yes,Yes,No,49,Yes,Yes,Fiber optic,No,Yes,No,No,No,Yes,Month-to-month,No,Credit card (automatic),90.05,4547.25,Yes,1,96,5059,Competitor made better offer,1,92.80102040816327,49+ months,No,4
5099-BAILX,1,United States,California,Santa Barbara,93101,"34.419203, -119.710008",34.419203,-119.710008,Male,Yes,Yes,No,43,Yes,Yes,Fiber optic,No,Yes,Yes,Yes,Yes,Yes,Month-to-month,Yes,Bank transfer (automatic),110.75,4687.9,Yes,1,65,2728,Competitor made better offer,1,109.02093023255813,25-48 months,No,7
7207-RMRDB,1,United States,California,Santa Barbara,93110,"34.437945, -119.77191",34.437945,-119.77191,Female,No,Yes,No,65,Yes,Yes,Fiber optic,No,Yes,Yes,No,Yes,Yes,Month-to-month,Yes,Electronic check,105.5,6985.65,Yes,1,89,5720,Competitor had better devices,1,107.47153846153846,49+ months,No,6
0195-IESCP,1,United States,California,Armona,93202,"36.315979, -119.710852",36.315979,-119.710852,Male,No,Yes,No,10,Yes,Yes,Fiber optic,No,No,No,No,No,Yes,Month-to-month,Yes,Electronic check,85.25,855.3,Yes,1,75,3573,Competitor offered more data,1,85.53,7-12 months,No,3
0970-ETWGE,1,United States,California,Bodfish,93205,"35.523991, -118.400432",35.523991,-118.400432,Male,No,No,No,1,Yes,No,Fiber optic,No,No,No,No,Yes,Yes,Month-to-month,Yes,Electronic check,89.55,89.55,Yes,1,99,4996,Competitor had better devices,1,89.55,0-6 months,Yes,3
1626-ERCMM,1,United States,California,Camp Nelson,93208,"36.057458, -118.591951",36.057458,-118.591951,Male,Yes,Yes,No,20,Yes,Yes,Fiber optic,No,No,No,No,Yes,Yes,Month-to-month,Yes,Electronic check,94.55,1899.65,Yes,1,84,5604,Competitor had better devices,1,94.9825,13-24 months,No,4
5644-PDMZC,1,United States,California,Delano,93215,"35.772244, -119.209689",35.772244,-119.209689,Female,Yes,No,No,2,Yes,Yes,Fiber optic,No,Yes,No,No,No,Yes,Month-to-month,No,Electronic check,89.5,161.5,Yes,1,80,2065,Competitor offered higher download speeds,1,80.75,0-6 months,Yes,4
9576-ANLXO,1,United States,California,Earlimart,93219,"35.858054, -119.305858",35.858054,-119.305858,Female,No,No,No,3,Yes,No,Fiber optic,No,No,No,No,No,No,Month-to-month,Yes,Bank transfer (automatic),69.55,222.3,Yes,1,87,2876,Competitor offered higher download speeds,1,74.10000000000001,0-6 months,Yes,1
2024-BASKD,1,United States,California,Exeter,93221,"36.301689, -119.018233",36.301689,-119.018233,Female,No,No,No,1,Yes,No,Fiber optic,No,No,Yes,No,No,No,Month-to-month,Yes,Mailed check,74.6,74.6,Yes,1,94,3860,Competitor offered more data,1,74.6,0-6 months,Yes,2
7538-GWHML,1,United States,California,Lemon Cove,93244,"36.462671, -118.997291",36.462671,-118.997291,Female,No,No,No,2,Yes,No,Fiber optic,No,No,No,No,No,No,Month-to-month,No,Electronic check,69.65,145.15,Yes,1,80,2323,Competitor made better offer,1,72.575,0-6 months,Yes,1
3276-HDUEG,1,United States,California,Maricopa,93252,"34.737031, -119.460557",34.737031,-119.460557,Female,No,No,No,1,Yes,Yes,Fiber optic,No,No,No,No,No,No,Month-to-month,Yes,Mailed check,75.05,75.05,Yes,1,78,4838,Competitor offered higher download speeds,1,75.05,0-6 months,Yes,2
1448-PWKYE,1,United States,California,Shafter,93263,"35.490705, -119.286833",35.490705,-119.286833,Male,No,Yes,No,1,Yes,No,Fiber optic,No,No,No,No,No,Yes,Month-to-month,No,Electronic check,80.0,80.0,Yes,1,88,2046,Competitor had better devices,1,80.0,0-6 months,Yes,2
2276-YDAVZ,1,United States,California,Wofford Heights,93285,"35.690535, -118.552784",35.690535,-118.552784,Female,No,No,No,3,Yes,Yes,Fiber optic,No,No,No,No,No,No,Month-to-month,Yes,Credit card (automatic),75.1,270.7,Yes,1,69,4965,Competitor offered higher download speeds,1,90.23333333333333,0-6 months,Yes,2
7133-VBDCG,1,United States,California,Bakersfield,93311,"35.16207, -119.194488",35.16207,-119.194488,Female,No,No,No,25,Yes,No,Fiber optic,Yes,Yes,No,No,No,No,Month-to-month,Yes,Bank transfer (automatic),79.85,2015.35,Yes,1,85,4535,Competitor offered higher download speeds,1,80.61399999999999,25-48 months,No,3
4952-YSOGZ,1,United States,California,Lompoc,93436,"34.601055, -120.382917",34.601055,-120.382917,Female,No,Yes,No,4,Yes,Yes,Fiber optic,No,No,No,No,No,Yes,Month-to-month,Yes,Electronic check,85.95,381.3,Yes,1,74,5640,Competitor offered more data,1,95.325,0-6 months,Yes,3
5244-IRFIH,1,United States,California,Los Alamos,93440,"34.758699, -120.275839",34.758699,-120.275839,Male,Yes,Yes,No,33,Yes,Yes,Fiber optic,No,No,No,No,Yes,Yes,Month-to-month,Yes,Electronic check,94.5,3105.55,Yes,1,96,4333,Competitor made better offer,1,94.10757575757576,25-48 months,No,4
2684-EIWEO,1,United States,California,Oceano,93445,"35.059695, -120.604741",35.059695,-120.604741,Female,Yes,No,No,30,Yes,Yes,Fiber optic,Yes,Yes,Yes,No,No,No,Month-to-month,No,Credit card (automatic),91.7,2758.15,Yes,1,97,2482,Competitor made better offer,1,91.93833333333333,25-48 months,No,5
6439-GTPCA,1,United States,California,Pismo Beach,93449,"35.165668, -120.655842",35.165668,-120.655842,Female,No,No,No,45,Yes,Yes,Fiber optic,No,No,Yes,Yes,No,No,Month-to-month,Yes,Electronic check,87.25,3941.7,Yes,1,73,5269,Competitor had better devices,1,87.59333333333333,25-48 months,No,4
5138-WVKYJ,1,United States,California,Mojave,93501,"35.097323, -118.171288",35.097323,-118.171288,Male,No,No,No,10,Yes,Yes,Fiber optic,Yes,No,No,No,Yes,Yes,Month-to-month,No,Electronic check,98.55,1008.55,Yes,1,80,3658,Competitor offered higher download speeds,1,100.85499999999999,7-12 months,No,5
6683-VLCTZ,1,United States,California,Johannesburg,93528,"35.363339, -117.637641",35.363339,-117.637641,Male,Yes,No,No,20,Yes,Yes,Fiber optic,No,No,Yes,No,Yes,Yes,Month-to-month,Yes,Electronic check,98.55,1842.8,Yes,1,92,5444,Competitor offered more data,1,92.14,13-24 months,No,5
2189-WWOEW,1,United States,California,Keene,93531,"35.214982, -118.59049",35.214982,-118.59049,Female,No,No,No,15,Yes,No,Fiber optic,No,Yes,No,No,No,Yes,Month-to-month,Yes,Bank transfer (automatic),85.9,1269.55,Yes,1,96,3579,Don't know,1,84.63666666666667,13-24 months,No,3
1894-IGFSG,1,United States,California,Lancaster,93535,"34.712708, -117.889656",34.712708,-117.889656,Female,No,No,No,22,Yes,No,Fiber optic,No,No,No,No,Yes,Yes,Month-to-month,No,Electronic check,89.25,1907.85,Yes,1,82,3161,Competitor had better devices,1,86.72045454545454,13-24 months,No,3
7379-POKDZ,1,United States,California,Lancaster,93536,"34.741406, -118.38111",34.741406,-118.38111,Male,No,Yes,No,3,Yes,No,Fiber optic,No,No,No,No,No,No,Month-to-month,Yes,Electronic check,70.3,208.85,Yes,1,66,3038,Competitor had better devices,1,69.61666666666666,0-6 months,Yes,1
0236-HFWSV,1,United States,California,Palmdale,93552,"34.557711, -118.029441",34.557711,-118.029441,Male,No,No,No,15,Yes,Yes,Fiber optic,No,No,No,No,Yes,Yes,Month-to-month,Yes,Electronic check,93.35,1444.65,Yes,1,77,5264,Competitor offered higher download speeds,1,96.31,13-24 months,No,4
5842-POCOP,1,United States,California,Randsburg,93554,"35.405722, -117.773354",35.405722,-117.773354,Female,No,Yes,No,5,Yes,No,Fiber optic,Yes,No,Yes,No,No,Yes,Month-to-month,Yes,Mailed check,88.9,454.15,Yes,1,79,4356,Competitor offered higher download speeds,1,90.83,0-6 months,Yes,4
7314-OXENN,1,United States,California,Trona,93562,"35.74837, -117.384948",35.74837,-117.384948,Male,No,No,No,2,Yes,Yes,Fiber optic,No,Yes,No,No,No,No,Month-to-month,Yes,Electronic check,82.0,184.65,Yes,1,97,3051,Competitor offered more data,1,92.325,0-6 months,Yes,3
1450-GALXR,1,United States,California,Friant,93626,"37.027663, -119.69056",37.027663,-119.69056,Female,No,No,No,10,Yes,Yes,Fiber optic,No,No,No,Yes,Yes,Yes,Month-to-month,Yes,Electronic check,98.5,1058.25,Yes,1,74,5184,Attitude of service provider,1,105.825,7-12 months,No,5
3138-BKYAV,1,United States,California,Kerman,93630,"36.727418, -120.123526",36.727418,-120.123526,Male,No,No,No,6,Yes,No,Fiber optic,No,Yes,No,No,Yes,No,Month-to-month,Yes,Electronic check,85.35,489.45,Yes,1,75,4694,Attitude of service provider,1,81.575,0-6 months,Yes,3
4289-DTDKW,1,United States,California,Madera,93637,"36.902954, -120.194274",36.902954,-120.194274,Male,No,Yes,No,40,Yes,Yes,Fiber optic,No,Yes,No,No,Yes,Yes,Month-to-month,Yes,Electronic check,101.3,4113.1,Yes,1,70,2576,Attitude of support person,1,102.82750000000001,25-48 months,No,5
1820-TQVEV,1,United States,California,Madera,93638,"37.004068, -119.930027",37.004068,-119.930027,Male,No,No,No,1,Yes,No,Fiber optic,No,No,No,No,No,No,Month-to-month,Yes,Electronic check,69.55,69.55,Yes,1,76,3042,Attitude of support person,1,69.55,0-6 months,Yes,1
6275-YDUVO,1,United States,California,Orosi,93647,"36.600185, -119.175655",36.600185,-119.175655,Female,No,No,No,2,Yes,No,Fiber optic,No,No,Yes,No,No,Yes,Month-to-month,Yes,Mailed check,86.2,178.7,Yes,1,95,2969,Attitude of service provider,1,89.35,0-6 months,Yes,3
0115-TFERT,1,United States,California,Fresno,93650,"36.841655, -119.797113",36.841655,-119.797113,Male,No,Yes,No,21,Yes,Yes,Fiber optic,No,Yes,Yes,Yes,Yes,Yes,Month-to-month,Yes,Electronic check,111.2,2317.1,Yes,1,89,4123,Attitude of service provider,1,110.33809523809524,13-24 months,No,7
2311-QYMUQ,1,United States,California,San Joaquin,93660,"36.600193, -120.153393",36.600193,-120.153393,Female,No,Yes,No,16,Yes,No,Fiber optic,No,Yes,Yes,No,Yes,No,Month-to-month,Yes,Credit card (automatic),89.45,1430.25,Yes,1,73,3696,Attitude of support person,1,89.390625,13-24 months,No,4
3643-AHCFP,1,United States,California,Selma,93662,"36.545322, -119.642281",36.545322,-119.642281,Male,Yes,Yes,No,7,Yes,Yes,Fiber optic,No,No,No,No,Yes,Yes,Month-to-month,Yes,Bank transfer (automatic),95.6,644.35,Yes,1,83,3265,Competitor made better offer,1,92.05,7-12 months,No,4
9231-ZJYAM,1,United States,California,Squaw Valley,93675,"36.719141, -119.202677",36.719141,-119.202677,Female,Yes,No,No,4,Yes,No,Fiber optic,No,No,No,No,Yes,No,Month-to-month,Yes,Electronic check,78.85,292.8,Yes,1,72,5301,Moved,1,73.2,0-6 months,Yes,2
3027-ZTDHO,1,United States,California,Fresno,93721,"36.732694, -119.783786",36.732694,-119.783786,Male,No,No,No,1,Yes,No,Fiber optic,No,No,No,No,Yes,Yes,Month-to-month,Yes,Electronic check,89.9,89.9,Yes,1,80,5951,Don't know,1,89.9,0-6 months,Yes,3
0947-MUGVO,1,United States,California,Jolon,93928,"35.930782, -121.189757",35.930782,-121.189757,Male,Yes,Yes,No,20,Yes,No,Fiber optic,No,Yes,No,No,No,No,Month-to-month,Yes,Electronic check,73.65,1463.5,Yes,1,95,5849,Competitor offered higher download speeds,1,73.175,13-24 months,No,2
9944-HKVVB,1,United States,California,King City,93930,"36.220761, -120.980777",36.220761,-120.980777,Female,No,No,No,3,Yes,No,Fiber optic,No,Yes,No,No,Yes,Yes,Month-to-month,Yes,Electronic check,95.1,307.4,Yes,1,77,5861,Competitor offered higher download speeds,1,102.46666666666665,0-6 months,Yes,4
4124-MMETB,1,United States,California,Lockwood,93932,"35.989792, -121.055933",35.989792,-121.055933,Male,No,No,No,22,Yes,Yes,Fiber optic,No,No,No,No,Yes,Yes,Month-to-month,Yes,Credit card (automatic),94.65,2104.55,Yes,1,85,3665,Competitor offered higher download speeds,1,95.66136363636365,13-24 months,No,4
3671-SHRSP,1,United States,California,Marina,93933,"36.689582, -121.758398",36.689582,-121.758398,Male,No,Yes,No,4,Yes,No,Fiber optic,No,No,Yes,Yes,No,No,Month-to-month,Yes,Mailed check,80.6,319.15,Yes,1,86,3080,Competitor offered more data,1,79.7875,0-6 months,Yes,3
0207-MDKNV,1,United States,California,Daly City,94014,"37.691561, -122.445202",37.691561,-122.445202,Female,No,No,No,15,Yes,No,Fiber optic,Yes,No,Yes,Yes,Yes,Yes,Month-to-month,No,Electronic check,105.1,1582.75,Yes,1,84,2122,Competitor made better offer,1,105.51666666666667,13-24 months,No,6
9851-KIELU,1,United States,California,Loma Mar,94021,"37.266388, -122.26308",37.266388,-122.26308,Male,No,No,No,10,Yes,No,Fiber optic,Yes,Yes,Yes,Yes,Yes,Yes,Month-to-month,Yes,Electronic check,110.1,1043.3,Yes,1,76,5803,Competitor made better offer,1,104.33,7-12 months,No,7
3908-BLSYF,1,United States,California,Los Altos,94024,"37.352911, -122.093002",37.352911,-122.093002,Female,No,No,No,6,Yes,No,Fiber optic,No,No,Yes,No,No,Yes,Month-to-month,No,Electronic check,83.9,497.55,Yes,1,97,3962,Price too high,1,82.925,0-6 months,Yes,3
7549-MYGPK,1,United States,California,Mountain View,94040,"37.380662, -122.086022",37.380662,-122.086022,Female,No,Yes,No,63,Yes,Yes,Fiber optic,Yes,Yes,Yes,No,Yes,No,Month-to-month,Yes,Electronic check,100.55,6215.35,Yes,1,79,5413,Price too high,1,98.65634920634922,49+ months,No,6
3804-RVTGV,1,United States,California,Mountain View,94043,"37.419725, -122.062947",37.419725,-122.062947,Male,No,Yes,No,50,Yes,Yes,Fiber optic,No,Yes,Yes,No,Yes,Yes,Month-to-month,Yes,Bank transfer (automatic),103.85,5017.9,Yes,1,100,5812,Price too high,1,100.35799999999999,49+ months,No,6
4315-MURBD,1,United States,California,San Bruno,94066,"37.624436, -122.430661",37.624436,-122.430661,Female,No,No,No,12,Yes,No,Fiber optic,Yes,No,No,Yes,Yes,Yes,Month-to-month,Yes,Bank transfer (automatic),98.9,1120.95,Yes,1,71,5559,Price too high,1,93.41250000000001,7-12 months,No,5
9734-YWGEX,1,United States,California,South San Francisco,94080,"37.654436, -122.426468",37.654436,-122.426468,Female,No,No,No,9,Yes,Yes,Fiber optic,No,No,Yes,No,Yes,Yes,Month-to-month,No,Credit card (automatic),98.3,923.5,Yes,1,81,2954,Price too high,1,102.61111111111111,7-12 months,No,5
2719-BDAQO,1,United States,California,Sunnyvale,94086,"37.378541, -122.020456",37.378541,-122.020456,Male,No,No,No,17,Yes,No,Fiber optic,Yes,No,No,No,Yes,Yes,Month-to-month,No,Electronic check,93.85,1625.65,Yes,1,93,4940,Price too high,1,95.62647058823529,13-24 months,No,4
0781-LKXBR,1,United States,California,San Francisco,94102,"37.7795, -122.419233",37.7795,-122.419233,Male,Yes,No,No,9,Yes,Yes,Fiber optic,No,No,Yes,No,Yes,Yes,Month-to-month,Yes,Electronic check,100.5,918.6,Yes,1,70,4038,Price too high,1,102.06666666666666,7-12 months,No,5
1907-UBQFC,1,United States,California,San Francisco,94108,"37.791998, -122.408653",37.791998,-122.408653,Male,Yes,No,No,10,Yes,No,Fiber optic,No,Yes,No,No,No,No,Month-to-month,Yes,Electronic check,72.85,688.65,Yes,1,99,3189,Price too high,1,68.865,7-12 months,No,2
6513-EECDB,1,United States,California,San Francisco,94114,"37.758085, -122.434801",37.758085,-122.434801,Male,Yes,Yes,No,1,Yes,Yes,Fiber optic,No,No,No,No,No,No,Month-to-month,Yes,Electronic check,73.55,73.55,Yes,1,94,4369,Price too high,1,73.55,0-6 months,Yes,2
7074-IEVOJ,1,United States,California,San Francisco,94130,"37.820894, -122.369725",37.820894,-122.369725,Female,Yes,No,No,3,Yes,Yes,Fiber optic,No,Yes,No,No,No,No,Month-to-month,Yes,Electronic check,79.4,205.05,Yes,1,91,3501,Product dissatisfaction,1,68.35000000000001,0-6 months,Yes,3
9625-QSTYE,1,United States,California,San Francisco,94131,"37.746699, -122.442833",37.746699,-122.442833,Female,No,No,No,13,Yes,No,Fiber optic,No,Yes,Yes,No,No,No,Month-to-month,Yes,Electronic check,81.15,952.3,Yes,1,79,4806,Service dissatisfaction,1,73.25384615384615,13-24 months,No,3
4750-ZRXIU,1,United States,California,Palo Alto,94304,"37.386978, -122.177746",37.386978,-122.177746,Female,Yes,No,No,4,Yes,Yes,Fiber optic,No,No,No,No,No,Yes,Month-to-month,Yes,Electronic check,84.6,360.1,Yes,1,83,2467,Lack of self-service on Website,1,90.025,0-6 months,Yes,3
6400-BWQKW,1,United States,California,San Mateo,94402,"37.556634, -122.317723",37.556634,-122.317723,Female,No,No,No,6,Yes,Yes,Fiber optic,Yes,No,No,No,No,No,Month-to-month,Yes,Electronic check,79.05,434.5,Yes,1,99,3263,Network reliability,1,72.41666666666667,0-6 months,Yes,3
6680-WKXRZ,1,United States,California,Antioch,94509,"37.980057, -121.801599",37.980057,-121.801599,Female,No,No,No,3,Yes,Yes,Fiber optic,No,No,No,No,No,No,Month-to-month,No,Bank transfer (automatic),74.4,215.8,Yes,1,97,2054,Don't know,1,71.93333333333334,0-6 months,Yes,2
7028-DVOIQ,1,United States,California,Birds Landing,94512,"38.140719, -121.838298",38.140719,-121.838298,Male,Yes,No,No,35,Yes,Yes,Fiber optic,No,No,Yes,No,Yes,Yes,Month-to-month,Yes,Electronic check,99.05,3395.8,Yes,1,82,2074,Don't know,1,97.02285714285715,25-48 months,No,5
9889-TMAHG,1,United States,California,Fremont,94539,"37.516791, -121.899117",37.516791,-121.899117,Male,Yes,No,No,8,Yes,No,Fiber optic,Yes,No,No,Yes,Yes,Yes,Month-to-month,No,Credit card (automatic),100.3,832.35,Yes,1,74,5084,Competitor had better devices,1,104.04375,7-12 months,No,5
3158-MOERK,1,United States,California,Hayward,94545,"37.62984, -122.120843",37.62984,-122.120843,Female,No,No,No,2,Yes,Yes,Fiber optic,No,No,No,No,Yes,Yes,Month-to-month,Yes,Electronic check,96.0,174.8,Yes,1,83,3391,Competitor offered more data,1,87.4,0-6 months,Yes,4
7294-TMAOP,1,United States,California,Castro Valley,94546,"37.708327, -122.083473",37.708327,-122.083473,Female,No,No,No,1,Yes,No,Fiber optic,No,No,No,No,Yes,Yes,Month-to-month,No,Electronic check,90.55,90.55,Yes,1,72,2627,Competitor made better offer,1,90.55,0-6 months,Yes,3
5875-YPQFJ,1,United States,California,Fremont,94555,"37.555473, -122.080312",37.555473,-122.080312,Male,No,No,No,1,Yes,No,Fiber optic,No,No,No,No,No,No,Month-to-month,Yes,Electronic check,69.9,69.9,Yes,1,84,5367,Competitor offered higher download speeds,1,69.9,0-6 months,Yes,1
8603-IJWDN,1,United States,California,Pinole,94564,"37.996462, -122.293716",37.996462,-122.293716,Male,No,No,No,1,Yes,Yes,Fiber optic,No,No,No,No,No,Yes,Month-to-month,Yes,Electronic check,86.6,86.6,Yes,1,93,5228,Competitor offered higher download speeds,1,86.6,0-6 months,Yes,3
9369-XFEHK,1,United States,California,Pleasanton,94566,"37.633361, -121.862395",37.633361,-121.862395,Female,Yes,Yes,No,33,Yes,Yes,Fiber optic,No,Yes,No,No,No,No,Month-to-month,Yes,Bank transfer (automatic),80.6,2656.5,Yes,1,72,3601,Competitor offered more data,1,80.5,25-48 months,No,3
3842-IYKUE,1,United States,California,San Leandro,94579,"37.687264, -122.15728",37.687264,-122.15728,Female,No,No,No,35,Yes,Yes,Fiber optic,No,Yes,No,Yes,No,No,Month-to-month,No,Credit card (automatic),85.3,2917.5,Yes,1,88,2455,Competitor offered more data,1,83.35714285714286,25-48 months,No,4
6641-XRPSU,1,United States,California,San Lorenzo,94580,"37.676249, -122.132415",37.676249,-122.132415,Female,No,No,No,34,Yes,No,Fiber optic,No,No,No,No,No,No,Month-to-month,Yes,Credit card (automatic),70.0,2416.1,Yes,1,93,2318,Competitor offered more data,1,71.06176470588235,25-48 months,No,1
1374-DMZUI,1,United States,California,San Ramon,94583,"37.766556, -121.976784",37.766556,-121.976784,Female,Yes,No,No,4,Yes,Yes,Fiber optic,No,No,No,No,Yes,Yes,Month-to-month,Yes,Electronic check,94.3,424.45,Yes,1,99,5419,Competitor made better offer,1,106.1125,0-6 months,Yes,4
8357-EQXFO,1,United States,California,Union City,94587,"37.59485, -122.051521",37.59485,-122.051521,Female,No,No,No,7,Yes,No,Fiber optic,No,No,Yes,No,Yes,Yes,Month-to-month,Yes,Electronic check,95.35,660.9,Yes,1,92,3077,Competitor made better offer,1,94.41428571428571,7-12 months,No,4
1989-PRJHP,1,United States,California,Pleasanton,94588,"37.685052, -121.912061",37.685052,-121.912061,Male,Yes,Yes,No,27,Yes,Yes,Fiber optic,No,No,No,No,No,No,Month-to-month,Yes,Electronic check,75.5,1893.95,Yes,1,65,2377,Competitor had better devices,1,70.1462962962963,25-48 months,No,2
9524-EGPJC,1,United States,California,Walnut Creek,94595,"37.862128, -122.075197",37.862128,-122.075197,Female,No,No,No,18,Yes,Yes,Fiber optic,No,No,No,Yes,No,Yes,Month-to-month,Yes,Electronic check,90.1,1612.75,Yes,1,80,4260,Competitor offered higher download speeds,1,89.59722222222223,13-24 months,No,4
6993-OHLXR,1,United States,California,Walnut Creek,94596,"37.900662, -122.052782",37.900662,-122.052782,Female,No,No,No,2,Yes,No,Fiber optic,No,No,No,No,No,No,Month-to-month,No,Electronic check,68.95,119.75,Yes,1,84,5225,Competitor offered more data,1,59.875,0-6 months,Yes,1
8818-XYFCQ,1,United States,California,Walnut Creek,94598,"37.916648, -122.008483",37.916648,-122.008483,Male,No,Yes,No,32,Yes,Yes,Fiber optic,Yes,No,No,No,Yes,Yes,Month-to-month,Yes,Credit card (automatic),99.55,3204.65,Yes,1,71,5026,Competitor made better offer,1,100.1453125,25-48 months,No,5
4822-RVYBB,1,United States,California,Berkeley,94704,"37.871416, -122.246597",37.871416,-122.246597,Male,Yes,No,No,8,Yes,Yes,Fiber optic,No,No,Yes,No,Yes,Yes,Month-to-month,Yes,Electronic check,100.6,819.4,Yes,1,90,5906,Competitor offered higher download speeds,1,102.425,7-12 months,No,5
8436-BJUMM,1,United States,California,Albany,94706,"37.890274, -122.295192",37.890274,-122.295192,Male,No,Yes,No,26,Yes,Yes,Fiber optic,No,No,No,No,Yes,No,Month-to-month,Yes,Electronic check,83.75,2070.6,Yes,1,84,2404,Competitor offered higher download speeds,1,79.63846153846154,25-48 months,No,3
4184-TJFAN,1,United States,California,Berkeley,94707,"37.897753, -122.279391",37.897753,-122.279391,Female,Yes,Yes,No,3,Yes,No,Fiber optic,Yes,No,No,Yes,Yes,No,Month-to-month,Yes,Mailed check,88.3,273.75,Yes,1,68,4486,Competitor offered higher download speeds,1,91.25,0-6 months,Yes,4
4145-UQXUQ,1,United States,California,Berkeley,94710,"37.872902, -122.303708",37.872902,-122.303708,Female,Yes,No,No,8,Yes,No,Fiber optic,No,No,Yes,No,Yes,Yes,Month-to-month,Yes,Electronic check,92.1,729.95,Yes,1,81,5662,Competitor offered more data,1,91.24375,7-12 months,No,4
9948-YPTDG,1,United States,California,San Rafael,94903,"38.018065, -122.546024",38.018065,-122.546024,Male,No,Yes,No,38,Yes,No,Fiber optic,Yes,Yes,No,No,No,No,Month-to-month,Yes,Electronic check,79.45,3013.05,Yes,1,85,2405,Competitor offered more data,1,79.29078947368421,25-48 months,No,3
1236-WFCDV,1,United States,California,Greenbrae,94904,"37.946617, -122.563571",37.946617,-122.563571,Male,Yes,No,No,14,Yes,No,Fiber optic,No,No,No,No,Yes,Yes,Month-to-month,No,Credit card (automatic),90.45,1266.1,Yes,1,96,4777,Competitor offered more data,1,90.43571428571428,13-24 months,No,3
4883-QICIH,1,United States,California,Bodega Bay,94923,"38.377165, -123.037957",38.377165,-123.037957,Male,No,Yes,No,32,Yes,No,Fiber optic,No,No,No,No,No,No,Month-to-month,Yes,Bank transfer (automatic),69.75,2347.9,Yes,1,96,2356,Don't know,1,73.371875,25-48 months,No,1
5981-ITEMU,1,United States,California,Marshall,94940,"38.129308, -122.834815",38.129308,-122.834815,Male,No,Yes,No,40,Yes,Yes,Fiber optic,No,No,No,No,Yes,Yes,Month-to-month,Yes,Bank transfer (automatic),97.1,3706.95,Yes,1,67,3099,Competitor offered more data,1,92.67375,25-48 months,No,4
6941-PMGEP,1,United States,California,Novato,94945,"38.135897, -122.563683",38.135897,-122.563683,Female,No,No,No,5,Yes,No,Fiber optic,No,No,No,No,No,Yes,Month-to-month,Yes,Electronic check,80.0,412.5,Yes,1,97,3937,Competitor made better offer,1,82.5,0-6 months,Yes,2
1624-WOIWJ,1,United States,California,Nicasio,94946,"38.065359, -122.665566",38.065359,-122.665566,Female,No,No,No,10,Yes,No,Fiber optic,Yes,No,No,No,Yes,No,Month-to-month,Yes,Mailed check,84.7,832.05,Yes,1,69,5686,Competitor had better devices,1,83.205,7-12 months,No,3
2074-GKOWZ,1,United States,California,Novato,94947,"38.112166, -122.634384",38.112166,-122.634384,Male,No,Yes,No,2,Yes,No,Fiber optic,No,No,No,No,Yes,Yes,Month-to-month,Yes,Bank transfer (automatic),89.55,185.55,Yes,1,73,3851,Competitor had better devices,1,92.775,0-6 months,Yes,3
0376-YMCJC,1,United States,California,Novato,94949,"38.067204, -122.524004",38.067204,-122.524004,Male,No,No,No,23,Yes,Yes,Fiber optic,No,No,No,Yes,Yes,No,Month-to-month,Yes,Electronic check,90.6,1943.2,Yes,1,82,4359,Competitor offered higher download speeds,1,84.48695652173913,13-24 months,No,4
0634-SZPQA,1,United States,California,San Anselmo,94960,"37.99272, -122.575026",37.99272,-122.575026,Female,No,No,No,23,Yes,Yes,Fiber optic,Yes,No,No,No,Yes,No,Month-to-month,Yes,Bank transfer (automatic),90.05,2169.8,Yes,1,67,4650,Competitor offered higher download speeds,1,94.33913043478262,13-24 months,No,4
5536-RTPWK,1,United States,California,Sausalito,94965,"37.848641, -122.515692",37.848641,-122.515692,Male,No,Yes,No,49,Yes,Yes,Fiber optic,No,Yes,No,No,Yes,Yes,Month-to-month,Yes,Bank transfer (automatic),99.05,4853.75,Yes,1,100,5157,Competitor offered higher download speeds,1,99.0561224489796,49+ months,No,5
6166-ILMNY,1,United States,California,Tomales,94971,"38.240769, -122.901041",38.240769,-122.901041,Female,No,No,No,2,Yes,No,Fiber optic,No,No,No,No,No,No,Month-to-month,No,Bank transfer (automatic),69.75,144.55,Yes,1,68,5667,Competitor offered more data,1,72.275,0-6 months,Yes,1
0655-RBDUG,1,United States,California,Alviso,95002,"37.449537, -121.994813",37.449537,-121.994813,Male,No,No,No,7,Yes,Yes,Fiber optic,No,No,Yes,No,Yes,Yes,Month-to-month,Yes,Bank transfer (automatic),98.05,713.0,Yes,1,86,2561,Competitor offered more data,1,101.85714285714286,7-12 months,No,5
4361-BKAXE,1,United States,California,Boulder Creek,95006,"37.171727, -122.142961",37.171727,-122.142961,Female,No,No,No,41,Yes,Yes,Fiber optic,Yes,Yes,Yes,Yes,Yes,Yes,Month-to-month,Yes,Bank transfer (automatic),114.5,4527.45,Yes,1,80,3038,Competitor made better offer,1,110.42560975609756,25-48 months,No,8
9878-TNQGW,1,United States,California,Davenport,95017,"37.114335, -122.237162",37.114335,-122.237162,Male,No,No,No,2,Yes,No,Fiber optic,No,No,No,No,No,Yes,Month-to-month,Yes,Electronic check,80.95,171.15,Yes,1,65,3533,Competitor made better offer,1,85.575,0-6 months,Yes,2
4441-NIHPT,1,United States,California,Freedom,95019,"36.936228, -121.785559",36.936228,-121.785559,Female,Yes,No,No,13,Yes,No,Fiber optic,No,No,Yes,No,No,No,Month-to-month,Yes,Electronic check,74.3,940.35,Yes,1,97,2995,Competitor had better devices,1,72.33461538461539,13-24 months,No,2
8999-BOHSE,1,United States,California,Gilroy,95020,"37.03889, -121.528955",37.03889,-121.528955,Female,Yes,No,No,11,Yes,No,Fiber optic,No,No,No,No,Yes,Yes,Month-to-month,No,Bank transfer (automatic),89.7,1047.7,Yes,1,89,2202,Competitor offered higher download speeds,1,95.24545454545455,7-12 months,No,3
7029-RPUAV,1,United States,California,Los Gatos,95030,"37.222842, -121.988727",37.222842,-121.988727,Male,Yes,Yes,No,17,Yes,Yes,Fiber optic,No,No,Yes,No,Yes,Yes,Month-to-month,Yes,Credit card (automatic),100.45,1622.45,Yes,1,87,5508,Competitor offered more data,1,95.43823529411765,13-24 months,No,5
9763-PDTKK,1,United States,California,San Jose,95112,"37.343827, -121.883119",37.343827,-121.883119,Female,No,No,No,4,Yes,No,Fiber optic,Yes,No,Yes,Yes,No,Yes,Month-to-month,Yes,Bank transfer (automatic),94.4,387.2,Yes,1,74,4249,Competitor had better devices,1,96.8,0-6 months,Yes,5
7627-JKIAZ,1,United States,California,San Jose,95116,"37.350284, -121.852855",37.350284,-121.852855,Female,No,Yes,No,37,Yes,Yes,Fiber optic,No,No,Yes,No,No,No,Month-to-month,Yes,Credit card (automatic),78.95,2839.65,Yes,1,97,3982,Competitor offered higher download speeds,1,76.7472972972973,25-48 months,No,3
8111-SLLHI,1,United States,California,San Jose,95128,"37.316146, -121.936285",37.316146,-121.936285,Male,Yes,Yes,No,39,Yes,Yes,Fiber optic,No,Yes,Yes,No,Yes,Yes,Month-to-month,Yes,Electronic check,105.65,4284.8,Yes,1,96,4687,Competitor offered higher download speeds,1,109.86666666666667,25-48 months,No,6
0927-LCSMG,1,United States,California,San Jose,95129,"37.305622, -122.000887",37.305622,-122.000887,Male,No,No,No,7,Yes,No,Fiber optic,No,No,Yes,No,No,No,Month-to-month,No,Mailed check,74.65,544.55,Yes,1,75,3331,Competitor offered more data,1,77.79285714285713,7-12 months,No,2
5293-WXJAK,1,United States,California,San Jose,95135,"37.28682, -121.723877",37.28682,-121.723877,Female,Yes,Yes,No,11,Yes,Yes,Fiber optic,No,No,Yes,Yes,Yes,Yes,Month-to-month,Yes,Bank transfer (automatic),104.05,1133.65,Yes,1,82,4553,Competitor offered more data,1,103.05909090909091,7-12 months,No,6
7851-WZEKY,1,United States,California,Stockton,95219,"38.029729, -121.387999",38.029729,-121.387999,Female,No,No,No,2,Yes,Yes,Fiber optic,No,No,No,No,Yes,Yes,Month-to-month,Yes,Electronic check,95.15,196.9,Yes,1,82,2414,Competitor made better offer,1,98.45,0-6 months,Yes,4
8844-TONUD,1,United States,California,Acampo,95220,"38.200231, -121.235034",38.200231,-121.235034,Male,No,Yes,No,13,Yes,No,Fiber optic,No,No,Yes,No,Yes,Yes,Month-to-month,Yes,Mailed check,96.65,1162.85,Yes,1,75,5295,Attitude of service provider,1,89.44999999999999,13-24 months,No,4
4086-YQSNZ,1,United States,California,Glencoe,95232,"38.358464, -120.579304",38.358464,-120.579304,Female,Yes,Yes,No,3,Yes,No,Fiber optic,No,No,No,No,Yes,No,Month-to-month,Yes,Electronic check,80.4,224.05,Yes,1,89,3834,Attitude of service provider,1,74.68333333333334,0-6 months,Yes,2
0135-NMXAP,1,United States,California,Lodi,95240,"38.123544, -121.159078",38.123544,-121.159078,Female,No,No,No,12,Yes,Yes,Fiber optic,No,Yes,No,No,Yes,No,Month-to-month,Yes,Bank transfer (automatic),89.75,1052.4,Yes,1,97,5671,Attitude of support person,1,87.7,7-12 months,No,4
3992-YWPKO,1,United States,California,Atwater,95301,"37.321233, -120.656354",37.321233,-120.656354,Female,No,No,No,6,Yes,Yes,Fiber optic,No,Yes,Yes,Yes,Yes,Yes,Month-to-month,Yes,Credit card (automatic),109.9,669.45,Yes,1,69,5750,Attitude of service provider,1,111.575,0-6 months,Yes,7
0125-LZQXK,1,United States,California,Big Oak Flat,95305,"37.818589, -120.256995",37.818589,-120.256995,Male,No,No,No,15,Yes,No,Fiber optic,No,No,Yes,Yes,Yes,Yes,Month-to-month,Yes,Electronic check,101.35,1553.95,Yes,1,99,3025,Attitude of service provider,1,103.59666666666666,13-24 months,No,5
1579-KLYDT,1,United States,California,Hickman,95323,"37.605926, -120.69955",37.605926,-120.69955,Male,No,No,No,7,Yes,Yes,Fiber optic,No,No,Yes,No,Yes,No,Month-to-month,Yes,Electronic check,90.45,593.45,Yes,1,98,5356,Competitor made better offer,1,84.77857142857144,7-12 months,No,4
6358-LYNGM,1,United States,California,Mariposa,95338,"37.526791, -119.99437",37.526791,-119.99437,Male,No,No,No,1,Yes,Yes,Fiber optic,No,No,No,No,No,No,Month-to-month,Yes,Electronic check,74.9,74.9,Yes,1,84,2548,Moved,1,74.9,0-6 months,Yes,2
5494-HECPR,1,United States,California,Mi Wuk Village,95346,"38.121601, -120.133915",38.121601,-120.133915,Female,No,No,No,1,Yes,No,Fiber optic,No,No,No,No,Yes,No,Month-to-month,Yes,Electronic check,80.25,80.25,Yes,1,69,2502,Moved,1,80.25,0-6 months,Yes,2
9824-BEMCV,1,United States,California,Modesto,95350,"37.671806, -121.007575",37.671806,-121.007575,Male,No,Yes,No,17,Yes,No,Fiber optic,No,No,No,No,No,No,Month-to-month,Yes,Electronic check,69.0,1149.65,Yes,1,77,3368,Competitor offered higher download speeds,1,67.62647058823529,13-24 months,No,1
9866-QEVEE,1,United States,California,Modesto,95356,"37.716186, -121.025836",37.716186,-121.025836,Male,No,No,No,19,Yes,Yes,Fiber optic,No,No,No,No,No,Yes,Month-to-month,Yes,Bank transfer (automatic),86.0,1532.45,Yes,1,98,4857,Competitor offered higher download speeds,1,80.65526315789474,13-24 months,No,3
9897-KXHCM,1,United States,California,Modesto,95357,"37.670526, -120.877572",37.670526,-120.877572,Female,No,Yes,No,3,Yes,No,Fiber optic,No,No,No,No,No,Yes,Month-to-month,Yes,Electronic check,80.3,250.05,Yes,1,72,3212,Competitor offered higher download speeds,1,83.35000000000001,0-6 months,Yes,2
7979-CORPM,1,United States,California,Oakdale,95361,"37.785033, -120.776141",37.785033,-120.776141,Male,No,No,No,24,Yes,Yes,Fiber optic,No,Yes,No,No,Yes,No,Month-to-month,Yes,Credit card (automatic),90.55,2282.55,Yes,1,67,5927,Don't know,1,95.10625,13-24 months,No,4
1618-CFHME,1,United States,California,Riverbank,95367,"37.734971, -120.954271",37.734971,-120.954271,Female,No,No,No,2,Yes,Yes,Fiber optic,No,No,No,No,No,No,Month-to-month,Yes,Electronic check,75.9,143.35,Yes,1,86,2101,Don't know,1,71.675,0-6 months,Yes,2
1689-MRZQR,1,United States,California,Turlock,95382,"37.529656, -120.854357",37.529656,-120.854357,Male,No,Yes,No,34,Yes,No,Fiber optic,No,No,No,No,Yes,No,Month-to-month,No,Electronic check,78.3,2564.3,Yes,1,77,2777,Don't know,1,75.42058823529412,25-48 months,No,2
5835-BEQEU,1,United States,California,Westley,95387,"37.546007, -121.28257",37.546007,-121.28257,Male,No,No,No,3,Yes,Yes,Fiber optic,No,No,No,No,No,No,Month-to-month,Yes,Electronic check,76.95,228.4,Yes,1,92,4428,Don't know,1,76.13333333333334,0-6 months,Yes,2
5565-FILXA,1,United States,California,Yosemite National Park,95389,"37.704267, -119.607001",37.704267,-119.607001,Female,Yes,No,No,16,Yes,Yes,Fiber optic,No,No,No,No,Yes,Yes,Month-to-month,Yes,Electronic check,96.15,1529.2,Yes,1,96,5913,Don't know,1,95.575,13-24 months,No,4
7321-PKUYW,1,United States,California,Branscomb,95417,"39.710591, -123.682799",39.710591,-123.682799,Female,No,No,No,11,Yes,Yes,Fiber optic,No,No,No,Yes,Yes,No,Month-to-month,No,Electronic check,90.15,987.95,Yes,1,66,5250,Competitor offered higher download speeds,1,89.81363636363636,7-12 months,No,4
7595-EUIVN,1,United States,California,Clearlake,95422,"38.965804, -122.631779",38.965804,-122.631779,Female,No,No,No,1,Yes,No,Fiber optic,No,Yes,No,No,No,No,Month-to-month,No,Electronic check,75.8,75.8,Yes,1,70,3940,Network reliability,1,75.8,0-6 months,Yes,2
2026-TGDHM,1,United States,California,Cloverdale,95425,"38.801936, -122.938935",38.801936,-122.938935,Female,No,No,No,7,Yes,No,Fiber optic,No,No,No,No,No,Yes,Month-to-month,Yes,Electronic check,79.3,523.15,Yes,1,69,3830,Network reliability,1,74.73571428571428,7-12 months,No,2
6818-WOBHJ,1,United States,California,Fulton,95439,"38.493888, -122.777141",38.493888,-122.777141,Female,Yes,Yes,No,68,Yes,Yes,Fiber optic,No,Yes,No,No,No,Yes,Month-to-month,Yes,Bank transfer (automatic),89.6,6127.6,Yes,1,69,5651,Network reliability,1,90.11176470588236,49+ months,No,4
9134-CEQMF,1,United States,California,Nice,95464,"39.12334, -122.838198",39.12334,-122.838198,Male,Yes,Yes,No,7,Yes,No,Fiber optic,No,No,No,No,Yes,Yes,Month-to-month,Yes,Electronic check,89.5,676.7,Yes,1,89,3077,Network reliability,1,96.67142857142858,7-12 months,No,3
7993-PYKOF,1,United States,California,Rio Nido,95471,"38.522328, -122.97932",38.522328,-122.97932,Male,No,Yes,No,8,Yes,No,Fiber optic,Yes,No,No,No,No,No,Month-to-month,No,Electronic check,75.0,632.95,Yes,1,80,2587,Network reliability,1,79.11875,7-12 months,No,2
8519-IMDHU,1,United States,California,Alderpoint,95511,"40.166028, -123.584144",40.166028,-123.584144,Male,Yes,Yes,No,15,Yes,Yes,Fiber optic,No,No,No,No,No,Yes,Month-to-month,Yes,Bank transfer (automatic),85.6,1345.55,Yes,1,83,4981,Network reliability,1,89.70333333333333,13-24 months,No,3
3372-KWFBM,1,United States,California,Bayside,95524,"40.825486, -124.049485",40.825486,-124.049485,Male,Yes,No,No,16,Yes,Yes,Fiber optic,No,No,No,No,Yes,No,Month-to-month,Yes,Electronic check,86.6,1281.0,Yes,1,81,2508,Network reliability,1,80.0625,13-24 months,No,3
7831-QGOXH,1,United States,California,Blue Lake,95525,"40.94338, -123.831799",40.94338,-123.831799,Female,No,No,No,18,Yes,Yes,Fiber optic,No,No,No,No,Yes,No,Month-to-month,Yes,Electronic check,85.2,1553.9,Yes,1,77,3326,Don't know,1,86.32777777777778,13-24 months,No,3
6393-WRYZE,1,United States,California,Bridgeville,95526,"40.372532, -123.525626",40.372532,-123.525626,Female,No,Yes,No,34,Yes,Yes,Fiber optic,No,No,No,No,Yes,Yes,Month-to-month,Yes,Electronic check,97.65,3207.55,Yes,1,87,3979,Don't know,1,94.33970588235294,25-48 months,No,4
6599-RCLCJ,1,United States,California,Crescent City,95531,"41.701223, -124.003393",41.701223,-124.003393,Male,No,Yes,No,47,Yes,Yes,Fiber optic,No,Yes,Yes,Yes,Yes,Yes,Month-to-month,Yes,Electronic check,109.55,5124.55,Yes,1,90,5863,Don't know,1,109.03297872340426,25-48 months,No,7
7206-GZCDC,1,United States,California,Loleta,95551,"40.665952, -124.240051",40.665952,-124.240051,Female,Yes,No,No,1,Yes,No,Fiber optic,No,No,No,No,No,No,Month-to-month,Yes,Electronic check,69.25,69.25,Yes,1,75,4371,Competitor offered higher download speeds,1,69.25,0-6 months,Yes,1
3838-OZURD,1,United States,California,Somes Bar,95568,"41.444606, -123.471895",41.444606,-123.471895,Male,No,Yes,No,66,Yes,Yes,Fiber optic,No,Yes,Yes,No,Yes,Yes,Month-to-month,Yes,Credit card (automatic),105.0,7133.25,Yes,1,96,5723,Competitor offered higher download speeds,1,108.07954545454545,49+ months,No,6
2845-HSJCY,1,United States,California,Whitethorn,95589,"40.053159, -123.995867",40.053159,-123.995867,Female,No,Yes,No,14,Yes,Yes,Fiber optic,No,No,Yes,No,No,Yes,Month-to-month,Yes,Electronic check,87.25,1258.6,Yes,1,78,4786,Competitor offered higher download speeds,1,89.89999999999999,13-24 months,No,4
1184-PJVDB,1,United States,California,Amador City,95601,"38.431407, -120.8421",38.431407,-120.8421,Male,No,Yes,No,10,Yes,No,Fiber optic,No,No,No,No,Yes,No,Month-to-month,Yes,Electronic check,79.95,857.2,Yes,1,68,5640,Competitor offered more data,1,85.72,7-12 months,No,2
9415-DPEWS,1,United States,California,Carmichael,95608,"38.626128, -121.328011",38.626128,-121.328011,Female,No,No,No,18,Yes,Yes,Fiber optic,No,No,No,Yes,Yes,No,Month-to-month,Yes,Electronic check,88.35,1639.3,Yes,1,96,5727,Competitor offered more data,1,91.07222222222222,13-24 months,No,4
7943-RQCHR,1,United States,California,Davis,95616,"38.508735, -121.678813",38.508735,-121.678813,Female,No,No,No,9,Yes,Yes,Fiber optic,No,No,No,No,Yes,Yes,Month-to-month,Yes,Electronic check,94.75,889.9,Yes,1,83,2893,Competitor offered more data,1,98.87777777777778,7-12 months,No,4
3793-MMFUH,1,United States,California,Davis,95618,"38.544002, -121.685559",38.544002,-121.685559,Female,Yes,No,No,13,Yes,Yes,Fiber optic,No,No,No,No,Yes,Yes,Month-to-month,Yes,Electronic check,95.05,1290.0,Yes,1,97,2230,Competitor made better offer,1,99.23076923076923,13-24 months,No,4
3249-ZPQRG,1,United States,California,Diamond Springs,95619,"38.683605, -120.811852",38.683605,-120.811852,Male,No,No,No,4,Yes,Yes,Fiber optic,No,Yes,No,No,No,No,Month-to-month,No,Electronic check,78.45,330.05,Yes,1,67,5048,Competitor made better offer,1,82.5125,0-6 months,Yes,3
2568-BRGYX,1,United States,California,Dixon,95620,"38.392821, -121.799917",38.392821,-121.799917,Male,No,No,No,4,Yes,No,Fiber optic,No,No,No,No,No,No,Month-to-month,Yes,Electronic check,70.2,237.95,Yes,1,92,5094,Competitor had better devices,1,59.4875,0-6 months,Yes,1
7249-WBIYX,1,United States,California,Elmira,95625,"38.349195, -121.902943",38.349195,-121.902943,Male,No,Yes,No,10,Yes,Yes,Fiber optic,No,No,No,No,Yes,No,Month-to-month,Yes,Electronic check,85.6,813.85,Yes,1,70,5146,Competitor offered more data,1,81.385,7-12 months,No,3
6567-HOOPW,1,United States,California,Folsom,95630,"38.672638, -121.147403",38.672638,-121.147403,Female,Yes,No,No,1,Yes,No,Fiber optic,No,No,No,No,Yes,No,Month-to-month,Yes,Electronic check,79.2,79.2,Yes,1,76,4363,Competitor made better offer,1,79.2,0-6 months,Yes,2
4704-ERYFC,1,United States,California,Knights Landing,95645,"38.875508, -121.765866",38.875508,-121.765866,Female,No,Yes,No,22,Yes,No,Fiber optic,No,No,No,No,No,No,Month-to-month,Yes,Electronic check,69.25,1554.0,Yes,1,85,2159,Competitor offered higher download speeds,1,70.63636363636364,13-24 months,No,1
8621-MNIHH,1,United States,California,Madison,95653,"38.674276, -121.961866",38.674276,-121.961866,Female,Yes,Yes,No,34,Yes,Yes,Fiber optic,No,Yes,Yes,No,No,Yes,Month-to-month,Yes,Electronic check,94.25,3217.55,Yes,1,88,3369,Competitor offered higher download speeds,1,94.63382352941177,25-48 months,No,5
5419-CONWX,1,United States,California,Pleasant Grove,95668,"38.833554, -121.498102",38.833554,-121.498102,Female,Yes,No,No,4,Yes,No,Fiber optic,No,Yes,Yes,No,Yes,Yes,Month-to-month,Yes,Credit card (automatic),99.8,442.85,Yes,1,89,2268,Competitor offered more data,1,110.7125,0-6 months,Yes,5
6960-HVYXR,1,United States,California,Rio Linda,95673,"38.688764, -121.457596",38.688764,-121.457596,Female,No,No,No,1,Yes,Yes,Fiber optic,No,No,No,No,No,No,Month-to-month,No,Electronic check,76.0,76.0,Yes,1,72,2567,Competitor made better offer,1,76.0,0-6 months,Yes,2
7024-OHCCK,1,United States,California,Sheridan,95681,"38.984756, -121.345074",38.984756,-121.345074,Female,Yes,No,No,2,Yes,Yes,Fiber optic,No,No,No,No,Yes,Yes,Month-to-month,Yes,Electronic check,93.85,170.85,Yes,1,72,4193,Don't know,1,85.425,0-6 months,Yes,4
7861-UVUFT,1,United States,California,Sloughhouse,95683,"38.470423, -121.114897",38.470423,-121.114897,Female,No,Yes,No,15,Yes,No,Fiber optic,No,No,Yes,No,Yes,No,Month-to-month,Yes,Electronic check,84.3,1308.4,Yes,1,86,4003,Competitor had better devices,1,87.22666666666667,13-24 months,No,3
5357-TZHPP,1,United States,California,Wheatland,95692,"39.043387, -121.409837",39.043387,-121.409837,Male,Yes,No,No,9,Yes,Yes,Fiber optic,No,No,No,No,No,Yes,Month-to-month,Yes,Credit card (automatic),84.4,732.5,Yes,1,83,5745,Competitor offered higher download speeds,1,81.38888888888889,7-12 months,No,3
0680-DFNNY,1,United States,California,Winters,95694,"38.578604, -122.024579",38.578604,-122.024579,Male,No,Yes,No,15,Yes,Yes,Fiber optic,No,No,Yes,No,Yes,Yes,Month-to-month,Yes,Electronic check,101.1,1504.05,Yes,1,97,2055,Competitor offered more data,1,100.27,13-24 months,No,5
1571-SAVHK,1,United States,California,Meadow Vista,95722,"39.003358, -121.022539",39.003358,-121.022539,Male,No,No,No,12,Yes,Yes,Fiber optic,No,No,No,Yes,Yes,Yes,Month-to-month,Yes,Mailed check,99.95,1132.75,Yes,1,80,5598,Competitor had better devices,1,94.39583333333333,7-12 months,No,5
9546-CQJSU,1,United States,California,Soda Springs,95728,"39.279068, -120.414275",39.279068,-120.414275,Female,No,No,No,2,Yes,Yes,Fiber optic,No,No,Yes,No,Yes,No,Month-to-month,Yes,Electronic check,91.4,193.6,Yes,1,80,5100,Competitor had better devices,1,96.8,0-6 months,Yes,4
0506-LVNGN,1,United States,California,Rancho Cordova,95742,"38.591134, -121.161585",38.591134,-121.161585,Female,Yes,No,No,5,Yes,No,Fiber optic,No,No,Yes,No,No,No,Month-to-month,Yes,Credit card (automatic),75.55,349.65,Yes,1,97,4028,Competitor offered higher download speeds,1,69.92999999999999,0-6 months,Yes,2
2951-QOQTK,1,United States,California,Sacramento,95815,"38.608405, -121.449942",38.608405,-121.449942,Male,No,No,No,4,Yes,Yes,Fiber optic,No,No,No,Yes,No,No,Month-to-month,No,Credit card (automatic),80.8,332.45,Yes,1,72,5436,Competitor offered higher download speeds,1,83.1125,0-6 months,Yes,3
3473-XIIIT,1,United States,California,Sacramento,95824,"38.517295, -121.439819",38.517295,-121.439819,Female,No,Yes,No,16,Yes,Yes,Fiber optic,No,Yes,No,No,Yes,Yes,Month-to-month,Yes,Electronic check,100.0,1534.75,Yes,1,68,3794,Competitor offered higher download speeds,1,95.921875,13-24 months,No,5
2952-QAYZF,1,United States,California,Sacramento,95828,"38.486938, -121.395805",38.486938,-121.395805,Male,No,No,No,5,Yes,Yes,Fiber optic,No,Yes,Yes,No,No,No,Month-to-month,Yes,Electronic check,85.3,424.15,Yes,1,81,2264,Competitor offered more data,1,84.83,0-6 months,Yes,4
4763-PGDPO,1,United States,California,Sacramento,95831,"38.494832, -121.529447",38.494832,-121.529447,Female,No,No,No,4,Yes,No,Fiber optic,No,No,No,No,No,No,Month-to-month,No,Electronic check,70.4,281.0,Yes,1,88,4494,Competitor offered more data,1,70.25,0-6 months,Yes,1
5394-SVGJV,1,United States,California,Sacramento,95838,"38.646096, -121.442433",38.646096,-121.442433,Male,No,No,No,37,Yes,Yes,Fiber optic,No,No,No,Yes,Yes,Yes,Month-to-month,No,Bank transfer (automatic),98.8,3475.55,Yes,1,82,3066,Competitor made better offer,1,93.9337837837838,25-48 months,No,5
9283-LZQOH,1,United States,California,Antelope,95843,"38.715498, -121.363411",38.715498,-121.363411,Male,No,Yes,No,13,Yes,Yes,Fiber optic,No,No,No,No,No,No,Month-to-month,Yes,Credit card (automatic),74.4,896.75,Yes,1,89,3687,Competitor made better offer,1,68.98076923076923,13-24 months,No,2
7079-QRCBC,1,United States,California,Sacramento,95864,"38.585826, -121.376263",38.585826,-121.376263,Female,No,No,No,24,Yes,Yes,Fiber optic,No,No,Yes,No,Yes,Yes,Month-to-month,Yes,Electronic check,98.75,2407.3,Yes,1,85,4016,Competitor had better devices,1,100.30416666666667,13-24 months,No,5
9851-QXEEQ,1,United States,California,Bangor,95914,"39.396585, -121.38029",39.396585,-121.38029,Male,No,No,No,41,Yes,Yes,Fiber optic,No,Yes,Yes,No,Yes,Yes,Month-to-month,Yes,Electronic check,104.7,4346.4,Yes,1,84,3316,Competitor offered more data,1,106.00975609756097,25-48 months,No,6
9809-IMGCQ,1,United States,California,Canyon Dam,95923,"40.171312, -121.120605",40.171312,-121.120605,Male,Yes,No,No,22,Yes,Yes,Fiber optic,No,No,No,No,Yes,Yes,Month-to-month,Yes,Electronic check,96.7,2082.95,Yes,1,93,4458,Competitor made better offer,1,94.67954545454545,13-24 months,No,4
3254-YRILK,1,United States,California,Dobbins,95935,"39.381174, -121.21191",39.381174,-121.21191,Male,Yes,No,No,19,Yes,Yes,Fiber optic,No,Yes,No,No,Yes,No,Month-to-month,Yes,Electronic check,88.2,1775.8,Yes,1,69,5683,Competitor had better devices,1,93.46315789473684,13-24 months,No,4
0529-ONKER,1,United States,California,Forest Ranch,95942,"40.077028, -121.494168",40.077028,-121.494168,Male,Yes,No,No,15,Yes,Yes,Fiber optic,No,No,No,No,No,No,Month-to-month,No,Electronic check,75.65,1146.65,Yes,1,96,2099,Competitor offered higher download speeds,1,76.44333333333334,13-24 months,No,2
5240-IJOQT,1,United States,California,Grass Valley,95949,"39.099204, -121.137962",39.099204,-121.137962,Male,Yes,No,No,1,Yes,Yes,Fiber optic,No,No,No,No,No,No,Month-to-month,Yes,Electronic check,74.7,74.7,Yes,1,88,3348,Competitor offered higher download speeds,1,74.7,0-6 months,Yes,2
1092-GANHU,1,United States,California,Magalia,95954,"39.933852, -121.584371",39.933852,-121.584371,Male,No,No,No,17,Yes,No,Fiber optic,No,No,Yes,No,No,No,Month-to-month,Yes,Electronic check,76.65,1313.55,Yes,1,87,3182,Competitor offered more data,1,77.26764705882353,13-24 months,No,2
3703-VAVCL,1,United States,California,Strawberry Valley,95981,"39.58458, -121.093256",39.58458,-121.093256,Male,No,Yes,No,2,Yes,No,Fiber optic,No,No,Yes,Yes,No,Yes,Month-to-month,No,Credit card (automatic),90.0,190.05,Yes,1,99,3902,Competitor made better offer,1,95.025,0-6 months,Yes,4
8519-QJGJD,1,United States,California,Twain,95984,"40.022184, -121.062384",40.022184,-121.062384,Female,No,No,No,14,Yes,No,Fiber optic,No,No,Yes,No,No,No,Month-to-month,No,Electronic check,75.35,1025.95,Yes,1,71,4995,Attitude of service provider,1,73.28214285714286,13-24 months,No,2
6326-MTTXK,1,United States,California,Yuba City,95993,"39.075694, -121.70606",39.075694,-121.70606,Male,No,No,No,8,Yes,Yes,Fiber optic,No,Yes,No,No,Yes,Yes,Month-to-month,No,Electronic check,100.85,819.55,Yes,1,97,3849,Attitude of service provider,1,102.44375,7-12 months,No,5
0330-IVZHA,1,United States,California,Anderson,96007,"40.448632, -122.306657",40.448632,-122.306657,Female,No,Yes,No,5,Yes,No,Fiber optic,No,No,No,No,No,No,Month-to-month,No,Electronic check,69.95,330.15,Yes,1,81,2969,Attitude of service provider,1,66.03,0-6 months,Yes,1
3186-BAXNB,1,United States,California,Cottonwood,96022,"40.336392, -122.448533",40.336392,-122.448533,Female,No,No,No,1,Yes,No,Fiber optic,No,Yes,No,Yes,Yes,No,Month-to-month,No,Electronic check,91.7,91.7,Yes,1,71,4319,Attitude of service provider,1,91.7,0-6 months,Yes,4
0637-YLETY,1,United States,California,Douglas City,96024,"40.586588, -122.903677",40.586588,-122.903677,Female,No,No,No,16,Yes,Yes,Fiber optic,No,Yes,Yes,No,No,Yes,Month-to-month,Yes,Credit card (automatic),95.6,1555.65,Yes,1,96,5915,Attitude of service provider,1,97.228125,13-24 months,No,5
1157-BQCUW,1,United States,California,Fall River Mills,96028,"41.017282, -121.468945",41.017282,-121.468945,Male,No,No,No,1,Yes,Yes,Fiber optic,No,No,No,No,No,No,Month-to-month,Yes,Electronic check,74.95,74.95,Yes,1,82,2591,Attitude of service provider,1,74.95,0-6 months,Yes,2
2660-EMUBI,1,United States,California,Fort Jones,96032,"41.5837, -122.935922",41.5837,-122.935922,Male,Yes,No,No,10,Yes,Yes,Fiber optic,No,No,No,No,Yes,Yes,Month-to-month,Yes,Electronic check,95.35,898.35,Yes,1,75,5353,Attitude of support person,1,89.83500000000001,7-12 months,No,4
2003-CKLOR,1,United States,California,Igo,96047,"40.524535, -122.647172",40.524535,-122.647172,Male,No,No,No,66,Yes,No,Fiber optic,No,Yes,Yes,No,Yes,Yes,Month-to-month,No,Electronic check,99.5,6710.5,Yes,1,73,4001,Moved,1,101.67424242424242,49+ months,No,5
9391-EOYLI,1,United States,California,Lewiston,96052,"40.704293, -122.803899",40.704293,-122.803899,Male,Yes,Yes,No,12,Yes,No,Fiber optic,No,No,No,No,No,Yes,Month-to-month,Yes,Electronic check,80.45,950.2,Yes,1,69,5374,Competitor made better offer,1,79.18333333333334,7-12 months,No,2
8387-MOJJT,1,United States,California,Nubieber,96068,"41.082472, -121.195215",41.082472,-121.195215,Female,No,Yes,No,42,Yes,No,Fiber optic,No,No,No,No,Yes,No,Month-to-month,Yes,Credit card (automatic),77.95,3384.0,Yes,1,82,5396,Competitor made better offer,1,80.57142857142857,25-48 months,No,2
2761-OCIAX,1,United States,California,Palo Cedro,96073,"40.582399, -122.195512",40.582399,-122.195512,Male,Yes,No,No,2,Yes,No,Fiber optic,No,Yes,No,No,No,No,Month-to-month,Yes,Electronic check,74.7,165.4,Yes,1,81,2803,Competitor made better offer,1,82.7,0-6 months,Yes,2
3068-OMWZA,1,United States,California,Round Mountain,96084,"40.923558, -122.059933",40.923558,-122.059933,Male,Yes,No,No,1,Yes,Yes,Fiber optic,No,No,Yes,No,Yes,No,Month-to-month,Yes,Electronic check,88.8,88.8,Yes,1,91,3106,Competitor made better offer,1,88.8,0-6 months,Yes,4
6032-KRXXO,1,United States,California,Seiad Valley,96086,"41.924174, -123.260788",41.924174,-123.260788,Male,No,No,No,30,Yes,No,Fiber optic,No,No,No,No,Yes,Yes,Month-to-month,Yes,Electronic check,90.25,2755.35,Yes,1,84,5654,Competitor made better offer,1,91.845,25-48 months,No,3
4154-AQUGT,1,United States,California,Vina,96092,"39.955164, -122.018567",39.955164,-122.018567,Male,Yes,Yes,No,13,Yes,No,Fiber optic,No,Yes,No,Yes,No,Yes,Month-to-month,Yes,Bank transfer (automatic),89.05,1169.35,Yes,1,82,3861,Competitor made better offer,1,89.94999999999999,13-24 months,No,4
8017-LXHFA,1,United States,California,Davis Creek,96108,"41.750354, -120.403885",41.750354,-120.403885,Female,Yes,No,No,23,Yes,No,Fiber optic,No,Yes,No,No,Yes,Yes,Month-to-month,Yes,Electronic check,94.75,2293.6,Yes,1,95,2740,Competitor made better offer,1,99.72173913043478,13-24 months,No,4
6352-TWCAU,1,United States,California,Fort Bidwell,96112,"41.932207, -120.135941",41.932207,-120.135941,Female,No,No,No,35,Yes,Yes,Fiber optic,No,No,No,No,Yes,No,Month-to-month,Yes,Electronic check,86.45,3029.1,Yes,1,68,5874,Competitor made better offer,1,86.54571428571428,25-48 months,No,3
1262-OPMFY,1,United States,California,Likely,96116,"41.266008, -120.490731",41.266008,-120.490731,Female,No,Yes,No,9,Yes,No,Fiber optic,No,No,Yes,No,No,No,Month-to-month,Yes,Bank transfer (automatic),75.75,655.9,Yes,1,96,5105,Competitor made better offer,1,72.87777777777778,7-12 months,No,2
4248-QPAVC,1,United States,California,Portola,96122,"39.786755, -120.445626",39.786755,-120.445626,Female,Yes,Yes,No,17,Yes,Yes,Fiber optic,Yes,No,Yes,No,No,No,Month-to-month,Yes,Bank transfer (automatic),85.35,1463.45,Yes,1,70,3209,Competitor made better offer,1,86.08529411764707,13-24 months,No,4
3331-HQDTW,1,United States,California,Homewood,96141,"39.117018, -120.212535",39.117018,-120.212535,Female,No,No,No,34,Yes,Yes,Fiber optic,Yes,Yes,Yes,No,Yes,Yes,Month-to-month,Yes,Mailed check,109.8,3587.25,Yes,1,78,3410,Extra data charges,1,105.50735294117646,25-48 months,No,7
9490-DFPMD,1,United States,California,Tahoma,96142,"39.061227, -120.179546",39.061227,-120.179546,Female,Yes,No,No,42,Yes,Yes,Fiber optic,No,No,No,No,Yes,No,Month-to-month,Yes,Electronic check,84.65,3541.35,Yes,1,76,4871,Extra data charges,1,84.31785714285714,25-48 months,No,3
5442-XSDCW,1,United States,California,Tahoe City,96145,"39.178337, -120.162806",39.178337,-120.162806,Male,No,Yes,No,11,Yes,No,Fiber optic,No,No,No,No,Yes,No,Month-to-month,Yes,Bank transfer (automatic),79.5,868.5,Yes,1,68,3469,Extra data charges,1,78.95454545454545,7-12 months,No,2
3049-NDXFL,1,United States,California,South Lake Tahoe,96150,"38.911577, -120.106169",38.911577,-120.106169,Female,No,No,No,1,Yes,Yes,Fiber optic,No,No,No,No,No,Yes,Month-to-month,No,Mailed check,85.8,85.8,Yes,1,99,2850,Extra data charges,1,85.8,0-6 months,Yes,3
8580-AECUZ,1,United States,California,Truckee,96161,"39.342498, -120.247127",39.342498,-120.247127,Male,Yes,No,No,1,Yes,No,Fiber optic,No,No,No,No,Yes,No,Month-to-month,Yes,Electronic check,79.1,79.1,Yes,1,84,5001,Extra data charges,1,79.1,0-6 months,Yes,2
1228-FZFRV,1,United States,California,Los Angeles,90007,"34.027337, -118.28515",34.027337,-118.28515,Male,No,Yes,No,50,Yes,Yes,Fiber optic,Yes,No,Yes,No,Yes,Yes,Month-to-month,No,Credit card (automatic),105.95,5341.8,Yes,1,79,5536,Extra data charges,1,106.836,49+ months,No,6
2058-DCJBE,1,United States,California,Los Angeles,90012,"34.065875, -118.238728",34.065875,-118.238728,Male,No,No,No,5,Yes,No,Fiber optic,No,No,No,No,No,No,Month-to-month,Yes,Electronic check,69.75,324.6,Yes,1,99,3965,Extra data charges,1,64.92,0-6 months,Yes,1
5364-XYIRR,1,United States,California,Los Angeles,90013,"34.044639, -118.240413",34.044639,-118.240413,Male,No,Yes,No,51,Yes,Yes,Fiber optic,No,No,No,No,Yes,Yes,Month-to-month,Yes,Electronic check,94.65,4812.75,Yes,1,100,4747,Extra data charges,1,94.36764705882354,49+ months,No,4
4829-AUOAX,1,United States,California,Los Angeles,90014,"34.043144, -118.251977",34.043144,-118.251977,Female,No,No,No,46,Yes,Yes,Fiber optic,No,No,No,No,Yes,Yes,Month-to-month,No,Bank transfer (automatic),96.05,4399.5,Yes,1,77,2712,Extra data charges,1,95.6413043478261,25-48 months,No,4
9158-VCTQB,1,United States,California,Los Angeles,90023,"34.017697, -118.200577",34.017697,-118.200577,Female,No,Yes,No,41,Yes,Yes,Fiber optic,Yes,Yes,Yes,Yes,Yes,Yes,Month-to-month,Yes,Bank transfer (automatic),113.6,4594.95,Yes,1,96,4963,Extra data charges,1,112.07195121951219,25-48 months,No,8
6311-UEUME,1,United States,California,Los Angeles,90025,"34.046174, -118.446333",34.046174,-118.446333,Female,No,No,No,29,Yes,No,Fiber optic,No,No,No,No,Yes,No,Month-to-month,Yes,Electronic check,78.9,2384.15,Yes,1,90,3249,Extra data charges,1,82.21206896551725,25-48 months,No,2
8593-WHYHV,1,United States,California,Los Angeles,90047,"33.958149, -118.308441",33.958149,-118.308441,Male,No,No,No,3,Yes,Yes,Fiber optic,No,No,No,No,No,Yes,Month-to-month,Yes,Electronic check,85.3,264.8,Yes,1,67,4934,Don't know,1,88.26666666666667,0-6 months,Yes,3
4423-YLHDV,1,United States,California,Los Angeles,90059,"33.927254, -118.249826",33.927254,-118.249826,Female,No,Yes,No,21,Yes,Yes,Fiber optic,Yes,No,Yes,No,Yes,Yes,Month-to-month,Yes,Bank transfer (automatic),104.4,2200.25,Yes,1,67,5570,Attitude of support person,1,104.77380952380952,13-24 months,No,6
0107-YHINA,1,United States,California,Los Angeles,90062,"34.003553, -118.308933",34.003553,-118.308933,Male,No,No,No,1,Yes,Yes,Fiber optic,No,No,Yes,No,Yes,Yes,Month-to-month,Yes,Electronic check,99.75,99.75,Yes,1,93,4214,Attitude of support person,1,99.75,0-6 months,Yes,5
4116-TZAQJ,1,United States,California,Culver City,90230,"33.993991, -118.39704",33.993991,-118.39704,Female,No,No,No,9,Yes,No,Fiber optic,Yes,No,No,No,No,No,Month-to-month,Yes,Credit card (automatic),74.25,639.65,Yes,1,76,5393,Attitude of support person,1,71.07222222222222,7-12 months,No,2
8375-DKEBR,1,United States,California,Hermosa Beach,90254,"33.86532, -118.396336",33.86532,-118.396336,Female,Yes,No,No,1,Yes,No,Fiber optic,No,No,No,No,No,No,Month-to-month,Yes,Electronic check,69.6,69.6,Yes,1,96,3438,Attitude of support person,1,69.6,0-6 months,Yes,1
9804-ICWBG,1,United States,California,Pacific Palisades,90272,"34.079449, -118.548306",34.079449,-118.548306,Male,No,No,No,1,Yes,No,Fiber optic,No,No,No,No,No,No,Month-to-month,Yes,Electronic check,69.9,69.9,Yes,1,88,3349,Attitude of support person,1,69.9,0-6 months,Yes,1
5318-IXUZF,1,United States,California,Redondo Beach,90277,"33.830453, -118.384565",33.830453,-118.384565,Female,No,No,No,2,Yes,No,Fiber optic,No,Yes,No,No,Yes,No,Month-to-month,Yes,Bank transfer (automatic),87.15,183.75,Yes,1,72,4149,Don't know,1,91.875,0-6 months,Yes,3
3198-VELRD,1,United States,California,Marina Del Rey,90292,"33.977468, -118.445475",33.977468,-118.445475,Female,No,Yes,No,3,Yes,Yes,Fiber optic,No,No,No,No,No,Yes,Month-to-month,Yes,Bank transfer (automatic),84.75,264.85,Yes,1,100,2014,Attitude of support person,1,88.28333333333335,0-6 months,Yes,3
9436-ZBZCT,1,United States,California,Inglewood,90303,"33.936291, -118.332639",33.936291,-118.332639,Male,No,No,No,14,Yes,Yes,Fiber optic,No,No,No,Yes,Yes,No,Month-to-month,Yes,Electronic check,89.95,1178.4,Yes,1,97,5463,Attitude of support person,1,84.17142857142858,13-24 months,No,4
7279-BUYWN,1,United States,California,Buena Park,90620,"33.845706, -118.012204",33.845706,-118.012204,Female,Yes,No,No,41,Yes,Yes,Fiber optic,Yes,Yes,Yes,No,Yes,Yes,Month-to-month,Yes,Electronic check,113.2,4689.5,Yes,1,89,3380,Attitude of support person,1,114.3780487804878,25-48 months,No,7
7156-MHUGY,1,United States,California,Buena Park,90621,"33.874224, -117.993368",33.874224,-117.993368,Male,Yes,No,No,13,Yes,No,Fiber optic,No,No,No,No,Yes,Yes,Month-to-month,Yes,Electronic check,90.5,1201.15,Yes,1,76,5394,Attitude of support person,1,92.39615384615385,13-24 months,No,3
7198-GLXTC,1,United States,California,La Palma,90623,"33.850504, -118.039892",33.850504,-118.039892,Male,No,No,No,2,Yes,No,Fiber optic,No,No,No,No,Yes,No,Month-to-month,No,Electronic check,79.0,143.65,Yes,1,92,5239,Attitude of support person,1,71.825,0-6 months,Yes,2
8380-PEFPE,1,United States,California,Avalon,90704,"33.391181, -118.421305",33.391181,-118.421305,Male,No,No,No,1,Yes,No,Fiber optic,No,No,No,No,No,No,Month-to-month,Yes,Electronic check,71.65,71.65,Yes,1,93,2377,Attitude of support person,1,71.65,0-6 months,Yes,1
7530-HDYDS,1,United States,California,Lakewood,90712,"33.840524, -118.148403",33.840524,-118.148403,Female,No,No,No,38,Yes,No,Fiber optic,No,Yes,Yes,Yes,No,No,Month-to-month,Yes,Credit card (automatic),84.25,3264.5,Yes,1,70,2885,Attitude of support person,1,85.90789473684211,25-48 months,No,4
3096-IZETN,1,United States,California,Lomita,90717,"33.794209, -118.317354",33.794209,-118.317354,Female,No,No,No,12,Yes,No,Fiber optic,No,No,No,No,No,Yes,Month-to-month,No,Bank transfer (automatic),78.1,947.3,Yes,1,89,4741,Attitude of support person,1,78.94166666666666,7-12 months,No,2
5922-ABDVO,1,United States,California,Seal Beach,90740,"33.75462, -118.071128",33.75462,-118.071128,Female,No,Yes,No,19,Yes,Yes,Fiber optic,No,No,Yes,No,No,Yes,Month-to-month,No,Mailed check,89.65,1761.05,Yes,1,74,3046,Attitude of support person,1,92.68684210526315,13-24 months,No,4
9172-ANCRX,1,United States,California,Carson,90745,"33.822295, -118.26411",33.822295,-118.26411,Female,No,No,No,10,Yes,Yes,Fiber optic,Yes,No,No,No,Yes,Yes,Month-to-month,Yes,Electronic check,98.7,973.25,Yes,1,68,5561,Attitude of support person,1,97.325,7-12 months,No,5
6910-HADCM,1,United States,California,Long Beach,90808,"33.823943, -118.111335",33.823943,-118.111335,Female,No,No,No,1,Yes,No,Fiber optic,No,No,Yes,No,No,No,Month-to-month,No,Electronic check,76.35,76.35,Yes,1,67,5613,Attitude of support person,1,76.35,0-6 months,Yes,2
4816-LXZYW,1,United States,California,Long Beach,90810,"33.819814, -118.222416",33.819814,-118.222416,Female,No,No,No,23,Yes,Yes,Fiber optic,No,Yes,No,No,No,No,Month-to-month,Yes,Electronic check,79.15,1676.95,Yes,1,68,5216,Attitude of support person,1,72.9108695652174,13-24 months,No,3
9606-PBKBQ,1,United States,California,Long Beach,90813,"33.781086, -118.199049",33.781086,-118.199049,Male,Yes,Yes,No,32,Yes,Yes,Fiber optic,No,No,No,No,No,Yes,Month-to-month,Yes,Electronic check,85.0,2642.05,Yes,1,94,4584,Attitude of support person,1,82.5640625,25-48 months,No,3
3536-IQCTX,1,United States,California,South Pasadena,91030,"34.110444, -118.156957",34.110444,-118.156957,Male,Yes,Yes,No,32,Yes,Yes,Fiber optic,No,No,No,No,No,Yes,Month-to-month,No,Electronic check,85.3,2661.1,Yes,1,75,2712,Attitude of support person,1,83.159375,25-48 months,No,3
4911-BANWH,1,United States,California,Sunland,91040,"34.282704, -118.312929",34.282704,-118.312929,Female,No,No,No,31,Yes,Yes,Fiber optic,No,No,No,No,Yes,No,Month-to-month,Yes,Credit card (automatic),86.55,2697.4,Yes,1,74,4198,Attitude of support person,1,87.01290322580645,25-48 months,No,3
8496-EJAUI,1,United States,California,Tujunga,91042,"34.296574, -118.244839",34.296574,-118.244839,Male,No,No,No,19,Yes,No,Fiber optic,No,Yes,No,No,No,No,Month-to-month,Yes,Credit card (automatic),73.85,1424.5,Yes,1,89,2251,Attitude of support person,1,74.97368421052632,13-24 months,No,2
6365-MTGZX,1,United States,California,Glendale,91206,"34.162515, -118.203869",34.162515,-118.203869,Male,No,No,No,24,Yes,No,Fiber optic,No,No,No,Yes,Yes,Yes,Month-to-month,Yes,Electronic check,96.0,2122.45,Yes,1,71,3068,Attitude of support person,1,88.43541666666665,13-24 months,No,4
7517-SAWMO,1,United States,California,Granada Hills,91344,"34.291273, -118.505104",34.291273,-118.505104,Female,No,Yes,No,19,Yes,No,Fiber optic,Yes,No,No,No,No,No,Month-to-month,Yes,Electronic check,73.2,1441.1,Yes,1,97,4718,Attitude of support person,1,75.84736842105262,13-24 months,No,2
4143-HHPMK,1,United States,California,Mission Hills,91345,"34.266389, -118.459744",34.266389,-118.459744,Male,No,No,No,52,Yes,No,Fiber optic,No,Yes,No,No,No,Yes,Month-to-month,Yes,Electronic check,85.35,4338.6,Yes,1,98,6402,Attitude of support person,1,83.4346153846154,49+ months,No,3
0923-PNFUB,1,United States,California,Westlake Village,91361,"34.130992, -118.894673",34.130992,-118.894673,Female,No,No,No,3,Yes,No,Fiber optic,No,Yes,No,No,Yes,No,Month-to-month,No,Electronic check,83.75,247.25,Yes,1,65,4852,Attitude of support person,1,82.41666666666667,0-6 months,Yes,3
3494-JCHRQ,1,United States,California,Van Nuys,91411,"34.17847, -118.459472",34.17847,-118.459472,Male,No,No,No,1,Yes,No,Fiber optic,No,No,No,No,No,No,Month-to-month,Yes,Electronic check,70.05,70.05,Yes,1,69,2699,Attitude of support person,1,70.05,0-6 months,Yes,1
6474-FVJLC,1,United States,California,Sherman Oaks,91423,"34.146957, -118.432138",34.146957,-118.432138,Male,No,No,No,2,Yes,Yes,Fiber optic,No,No,No,No,No,Yes,Month-to-month,Yes,Electronic check,86.0,165.45,Yes,1,77,4546,Attitude of support person,1,82.725,0-6 months,Yes,3
8840-DQLGN,1,United States,California,Burbank,91502,"34.177267, -118.31003",34.177267,-118.31003,Female,Yes,Yes,No,35,Yes,Yes,Fiber optic,Yes,Yes,No,Yes,Yes,No,Month-to-month,Yes,Bank transfer (automatic),100.5,3653.35,Yes,1,81,4745,Attitude of support person,1,104.38142857142857,25-48 months,No,6
4547-LYTDD,1,United States,California,North Hollywood,91601,"34.1692, -118.372498",34.1692,-118.372498,Female,No,No,No,16,Yes,Yes,Fiber optic,No,No,No,No,No,No,Month-to-month,No,Electronic check,72.65,1194.3,Yes,1,73,2850,Attitude of support person,1,74.64375,13-24 months,No,2
6689-TCZHQ,1,United States,California,Claremont,91711,"34.127621, -117.717863",34.127621,-117.717863,Female,Yes,No,No,5,Yes,No,Fiber optic,No,No,No,No,No,Yes,Month-to-month,No,Electronic check,78.95,378.4,Yes,1,65,4054,Attitude of support person,1,75.67999999999999,0-6 months,Yes,2
3143-ILDAL,1,United States,California,El Monte,91732,"34.074492, -118.01462",34.074492,-118.01462,Male,No,No,No,56,Yes,Yes,Fiber optic,No,Yes,No,Yes,No,Yes,Month-to-month,Yes,Electronic check,94.45,5124.6,Yes,1,96,4830,Attitude of support person,1,91.51071428571429,49+ months,No,5
4720-VSTSI,1,United States,California,Monterey Park,91754,"34.050322, -118.147037",34.050322,-118.147037,Female,No,No,No,44,Yes,Yes,Fiber optic,No,Yes,Yes,No,No,No,Month-to-month,Yes,Bank transfer (automatic),84.8,3862.55,Yes,1,66,3997,Attitude of support person,1,87.78522727272728,25-48 months,No,4
6651-AZVTJ,1,United States,California,Pomona,91768,"34.067932, -117.785168",34.067932,-117.785168,Male,No,Yes,No,49,Yes,Yes,Fiber optic,No,No,Yes,No,Yes,Yes,Month-to-month,Yes,Electronic check,99.8,4872.45,Yes,1,83,6088,Attitude of support person,1,99.43775510204081,49+ months,No,5
4566-GOLUK,1,United States,California,Rosemead,91770,"34.065108, -118.082791",34.065108,-118.082791,Male,No,Yes,No,47,Yes,Yes,Fiber optic,No,No,Yes,Yes,Yes,Yes,Month-to-month,Yes,Bank transfer (automatic),107.35,5118.95,Yes,1,98,3620,Attitude of support person,1,108.91382978723404,25-48 months,No,6
4587-NUKOX,1,United States,California,Walnut,91789,"34.018354, -117.85492",34.018354,-117.85492,Female,No,No,No,3,Yes,No,Fiber optic,Yes,Yes,No,No,No,No,Month-to-month,Yes,Electronic check,79.1,246.5,Yes,1,74,5339,Attitude of support person,1,82.16666666666667,0-6 months,Yes,3
8183-ONMXC,1,United States,California,Chula Vista,91915,"32.605012, -116.97595",32.605012,-116.97595,Female,No,No,No,2,Yes,No,Fiber optic,No,No,No,No,No,Yes,Month-to-month,No,Electronic check,80.75,159.45,Yes,1,87,2176,Attitude of support person,1,79.725,0-6 months,Yes,2
9614-RMGHA,1,United States,California,Dulzura,91917,"32.622999, -116.687855",32.622999,-116.687855,Male,No,Yes,No,65,Yes,Yes,Fiber optic,No,Yes,No,No,Yes,No,Month-to-month,Yes,Bank transfer (automatic),91.85,5940.85,Yes,1,82,5530,Attitude of support person,1,91.39769230769231,49+ months,No,4
5054-IEXZT,1,United States,California,Jacumba,91934,"32.649787, -116.2237",32.649787,-116.2237,Male,No,No,No,1,Yes,No,Fiber optic,No,Yes,No,No,No,No,Month-to-month,Yes,Electronic check,75.35,75.35,Yes,1,90,5284,Attitude of support person,1,75.35,0-6 months,Yes,2
5834-ASPWA,1,United States,California,Jamul,91935,"32.695681, -116.798386",32.695681,-116.798386,Male,No,No,No,1,Yes,Yes,Fiber optic,No,No,No,No,No,No,Month-to-month,Yes,Electronic check,75.45,75.45,Yes,1,74,5518,Attitude of support person,1,75.45,0-6 months,Yes,2
5445-UTODQ,1,United States,California,Del Mar,92014,"32.948262, -117.256086",32.948262,-117.256086,Female,No,Yes,No,7,Yes,No,Fiber optic,No,No,No,No,Yes,No,Month-to-month,Yes,Electronic check,81.1,576.65,Yes,1,87,3238,Don't know,1,82.37857142857142,7-12 months,No,2
1024-VRZHF,1,United States,California,Encinitas,92024,"33.054579, -117.25665",33.054579,-117.25665,Male,No,Yes,No,11,Yes,Yes,Fiber optic,No,No,No,No,No,No,Month-to-month,Yes,Electronic check,74.95,825.7,Yes,1,70,2044,Attitude of support person,1,75.06363636363636,7-12 months,No,2
9497-QCMMS,1,United States,California,Escondido,92026,"33.21846, -117.116916",33.21846,-117.116916,Male,Yes,No,No,1,Yes,Yes,Fiber optic,No,No,No,No,Yes,Yes,Month-to-month,Yes,Electronic check,93.55,93.55,Yes,1,81,5536,Competitor made better offer,1,93.55,0-6 months,Yes,4
0348-SDKOL,1,United States,California,La Jolla,92037,"32.853743, -117.25034",32.853743,-117.25034,Female,No,Yes,No,58,Yes,Yes,Fiber optic,No,No,Yes,Yes,Yes,Yes,Month-to-month,Yes,Credit card (automatic),102.1,5885.4,Yes,1,96,4415,Moved,1,101.47241379310344,49+ months,No,6
4373-MAVJG,1,United States,California,Oceanside,92056,"33.194742, -117.29032",33.194742,-117.29032,Female,No,Yes,No,14,Yes,Yes,Fiber optic,No,Yes,No,No,No,Yes,Month-to-month,Yes,Bank transfer (automatic),90.9,1259.0,Yes,1,70,5148,Moved,1,89.92857142857143,13-24 months,No,4
5419-KLXBN,1,United States,California,Palomar Mountain,92060,"33.309852, -116.823091",33.309852,-116.823091,Female,No,Yes,No,25,Yes,No,Fiber optic,No,Yes,Yes,No,Yes,No,Month-to-month,Yes,Bank transfer (automatic),89.15,2257.75,Yes,1,97,5853,Competitor offered higher download speeds,1,90.31,25-48 months,No,4
4514-GFCFI,1,United States,California,Ramona,92065,"33.044541, -116.833922",33.044541,-116.833922,Female,Yes,No,No,16,Yes,Yes,Fiber optic,No,No,No,No,Yes,No,Month-to-month,Yes,Electronic check,84.75,1350.15,Yes,1,99,5136,Competitor offered higher download speeds,1,84.384375,13-24 months,No,3
8000-REIQB,1,United States,California,Santee,92071,"32.847336, -116.997605",32.847336,-116.997605,Female,Yes,No,No,1,Yes,No,Fiber optic,No,No,No,No,No,No,Month-to-month,Yes,Electronic check,69.95,69.95,Yes,1,94,3208,Competitor offered higher download speeds,1,69.95,0-6 months,Yes,1
3858-VOBET,1,United States,California,Vista,92083,"33.17494, -117.242761",33.17494,-117.242761,Male,No,No,No,23,Yes,Yes,Fiber optic,No,No,No,No,No,No,Month-to-month,Yes,Electronic check,74.95,1710.45,Yes,1,89,5897,Competitor offered higher download speeds,1,74.36739130434783,13-24 months,No,2
8565-CLBZW,1,United States,California,San Diego,92102,"32.716007, -117.117462",32.716007,-117.117462,Male,No,No,No,24,Yes,Yes,Fiber optic,No,No,Yes,No,Yes,No,Month-to-month,Yes,Mailed check,89.85,2165.05,Yes,1,95,2050,Competitor offered higher download speeds,1,90.21041666666667,13-24 months,No,4
8086-OVPWV,1,United States,California,San Diego,92105,"32.741859, -117.090353",32.741859,-117.090353,Male,No,No,No,2,Yes,No,Fiber optic,No,No,No,No,No,Yes,Month-to-month,Yes,Electronic check,80.2,181.1,Yes,1,99,2384,Competitor offered higher download speeds,1,90.55,0-6 months,Yes,2
9430-FRQOC,1,United States,California,San Diego,92106,"32.71346, -117.236378",32.71346,-117.236378,Female,No,No,No,4,Yes,Yes,Fiber optic,No,No,Yes,Yes,No,No,Month-to-month,Yes,Mailed check,87.1,341.45,Yes,1,80,5587,Competitor offered higher download speeds,1,85.3625,0-6 months,Yes,4
3074-GQWYX,1,United States,California,San Diego,92108,"32.774046, -117.142454",32.774046,-117.142454,Male,No,No,No,5,Yes,Yes,Fiber optic,No,No,No,No,No,No,Month-to-month,Yes,Bank transfer (automatic),75.9,357.75,Yes,1,87,3520,Competitor offered higher download speeds,1,71.55,0-6 months,Yes,2
6845-RGTYS,1,United States,California,San Diego,92110,"32.76501, -117.19938",32.76501,-117.19938,Female,No,Yes,No,47,Yes,Yes,Fiber optic,Yes,Yes,Yes,No,Yes,No,Month-to-month,Yes,Electronic check,98.75,4533.7,Yes,1,80,4622,Product dissatisfaction,1,96.46170212765956,25-48 months,No,6
8861-HGGKB,1,United States,California,San Diego,92115,"32.762506, -117.07245",32.762506,-117.07245,Female,No,No,No,10,Yes,Yes,Fiber optic,No,No,No,No,No,Yes,Month-to-month,No,Electronic check,86.45,830.85,Yes,1,80,5699,Product dissatisfaction,1,83.08500000000001,7-12 months,No,3
4795-KTRTH,1,United States,California,San Diego,92122,"32.85723, -117.209774",32.85723,-117.209774,Female,Yes,Yes,No,5,Yes,Yes,Fiber optic,No,Yes,No,No,No,No,Month-to-month,Yes,Electronic check,81.0,371.65,Yes,1,99,4287,Product dissatisfaction,1,74.33,0-6 months,Yes,3
3753-TSEMP,1,United States,California,San Diego,92139,"32.677716, -117.047666",32.677716,-117.047666,Female,No,Yes,No,15,Yes,No,Fiber optic,No,No,No,No,Yes,Yes,Month-to-month,No,Electronic check,88.15,1390.6,Yes,1,79,2524,Product dissatisfaction,1,92.70666666666666,13-24 months,No,3
9172-JITSM,1,United States,California,Palm Desert,92211,"33.762759, -116.324817",33.762759,-116.324817,Female,No,Yes,No,26,Yes,No,Fiber optic,No,No,No,No,Yes,Yes,Month-to-month,Yes,Electronic check,90.8,2361.8,Yes,1,75,2641,Don't know,1,90.83846153846154,25-48 months,No,3
6298-QDFNH,1,United States,California,Banning,92220,"33.936298, -116.849577",33.936298,-116.849577,Male,No,No,No,22,Yes,Yes,Fiber optic,No,Yes,No,No,No,No,Month-to-month,Yes,Electronic check,79.35,1730.35,Yes,1,68,4718,Product dissatisfaction,1,78.65227272727272,13-24 months,No,3
9961-JBNMK,1,United States,California,Desert Center,92239,"33.889605, -115.257009",33.889605,-115.257009,Male,Yes,No,No,21,Yes,No,Fiber optic,No,No,Yes,No,Yes,Yes,Month-to-month,Yes,Bank transfer (automatic),96.8,2030.3,Yes,1,87,4317,Product dissatisfaction,1,96.68095238095238,13-24 months,No,4
6173-ITPWD,1,United States,California,Heber,92249,"32.730583, -115.501083",32.730583,-115.501083,Male,No,Yes,No,47,Yes,Yes,Fiber optic,No,Yes,Yes,No,No,No,Month-to-month,Yes,Bank transfer (automatic),83.35,4065.0,Yes,1,98,2516,Product dissatisfaction,1,86.48936170212765,25-48 months,No,4
6356-ELRKD,1,United States,California,Rancho Mirage,92270,"33.763678, -116.429928",33.763678,-116.429928,Female,No,No,No,1,Yes,No,Fiber optic,Yes,No,No,No,Yes,Yes,Month-to-month,Yes,Electronic check,95.6,95.6,Yes,1,79,4091,Don't know,1,95.6,0-6 months,Yes,4
6179-GJPSO,1,United States,California,Twentynine Palms,92277,"34.17211, -115.769773",34.17211,-115.769773,Female,Yes,No,No,43,Yes,No,Fiber optic,Yes,Yes,No,Yes,Yes,Yes,Month-to-month,Yes,Credit card (automatic),108.15,4600.7,Yes,1,86,2833,Poor expertise of online support,1,106.99302325581395,25-48 months,No,6
3177-LASXD,1,United States,California,Westmorland,92281,"33.03679, -115.60503",33.03679,-115.60503,Female,No,No,No,1,Yes,No,Fiber optic,No,No,No,No,No,No,Month-to-month,No,Electronic check,71.35,71.35,Yes,1,77,2619,Poor expertise of phone support,1,71.35,0-6 months,Yes,1
1084-UQCHV,1,United States,California,Angelus Oaks,92305,"34.1678, -116.86433",34.1678,-116.86433,Male,No,No,No,1,Yes,No,Fiber optic,No,No,No,No,No,No,Month-to-month,No,Bank transfer (automatic),69.75,69.75,Yes,1,66,2901,Attitude of support person,1,69.75,0-6 months,Yes,1
8290-YWKHZ,1,United States,California,Apple Valley,92307,"34.55082, -117.122396",34.55082,-117.122396,Female,Yes,Yes,No,32,Yes,Yes,Fiber optic,No,No,No,No,Yes,Yes,Month-to-month,Yes,Electronic check,93.2,2931.0,Yes,1,90,5247,Attitude of service provider,1,91.59375,25-48 months,No,4
2955-BJZHG,1,United States,California,Apple Valley,92308,"34.424926, -117.184503",34.424926,-117.184503,Male,No,Yes,No,17,Yes,No,Fiber optic,No,No,No,No,Yes,No,Month-to-month,No,Electronic check,80.85,1400.85,Yes,1,77,5174,Attitude of service provider,1,82.40294117647058,13-24 months,No,2
9300-RENDD,1,United States,California,Cedar Glen,92321,"34.255203, -117.175654",34.255203,-117.175654,Male,No,No,No,1,Yes,No,Fiber optic,No,No,No,No,Yes,No,Month-to-month,Yes,Electronic check,79.95,79.95,Yes,1,99,4815,Attitude of support person,1,79.95,0-6 months,Yes,2
3106-ULWFW,1,United States,California,Fontana,92337,"34.049671, -117.468896",34.049671,-117.468896,Female,No,Yes,No,8,Yes,Yes,Fiber optic,No,No,No,No,No,Yes,Month-to-month,Yes,Credit card (automatic),85.2,627.4,Yes,1,95,2887,Attitude of service provider,1,78.425,7-12 months,No,3
0925-VYDLG,1,United States,California,Ludlow,92338,"34.702766, -116.093376",34.702766,-116.093376,Female,No,No,No,3,Yes,Yes,Fiber optic,No,No,No,No,No,No,Month-to-month,No,Electronic check,75.25,242.0,Yes,1,83,5898,Attitude of service provider,1,80.66666666666667,0-6 months,Yes,2
9787-XVQIU,1,United States,California,Sugarloaf,92386,"34.243088, -116.830015",34.243088,-116.830015,Male,No,No,No,1,Yes,Yes,Fiber optic,No,No,No,No,No,No,Month-to-month,Yes,Electronic check,75.3,75.3,Yes,1,100,3596,Attitude of support person,1,75.3,0-6 months,Yes,2
8051-HJRLT,1,United States,California,Wrightwood,92397,"34.358321, -117.618263",34.358321,-117.618263,Female,Yes,No,No,1,Yes,No,Fiber optic,No,No,No,No,No,No,Month-to-month,Yes,Electronic check,70.55,70.55,Yes,1,82,2146,Attitude of service provider,1,70.55,0-6 months,Yes,1
3023-GFLBR,1,United States,California,San Bernardino,92408,"34.084909, -117.258107",34.084909,-117.258107,Female,No,Yes,No,33,Yes,Yes,Fiber optic,No,No,No,No,No,Yes,Month-to-month,No,Credit card (automatic),86.15,2745.7,Yes,1,66,3336,Attitude of service provider,1,83.2030303030303,25-48 months,No,3
0524-IAVZO,1,United States,California,Anza,92539,"33.527605, -116.666551",33.527605,-116.666551,Female,No,Yes,No,30,Yes,Yes,Fiber optic,No,No,No,No,No,Yes,Month-to-month,Yes,Electronic check,85.0,2624.25,Yes,1,97,3698,Don't know,1,87.475,25-48 months,No,3
2737-YNGYW,1,United States,California,Hemet,92543,"33.739415, -116.968339",33.739415,-116.968339,Female,No,No,No,2,Yes,No,Fiber optic,No,No,No,No,No,Yes,Month-to-month,No,Electronic check,80.55,184.1,Yes,1,69,2856,Attitude of support person,1,92.05,0-6 months,Yes,2
5159-YFPKQ,1,United States,California,Moreno Valley,92551,"33.88274, -117.224878",33.88274,-117.224878,Female,No,No,No,2,Yes,No,Fiber optic,No,No,Yes,No,No,No,Month-to-month,Yes,Electronic check,75.8,160.75,Yes,1,98,5270,Attitude of support person,1,80.375,0-6 months,Yes,2
4021-RQSNY,1,United States,California,Moreno Valley,92555,"33.907361, -117.109972",33.907361,-117.109972,Male,Yes,Yes,No,29,Yes,Yes,Fiber optic,No,No,Yes,No,Yes,Yes,Month-to-month,Yes,Electronic check,98.5,3004.15,Yes,1,72,5137,Attitude of service provider,1,103.59137931034483,25-48 months,No,5
9061-TIHDA,1,United States,California,Murrieta,92563,"33.581045, -117.14719",33.581045,-117.14719,Male,Yes,Yes,No,13,Yes,Yes,Fiber optic,No,No,No,No,Yes,Yes,Month-to-month,Yes,Electronic check,95.25,1233.65,Yes,1,97,2982,Attitude of service provider,1,94.89615384615385,13-24 months,No,4
8699-ASUFO,1,United States,California,Nuevo,92567,"33.82769, -117.102244",33.82769,-117.102244,Male,Yes,Yes,No,7,Yes,Yes,Fiber optic,No,No,No,No,No,No,Month-to-month,Yes,Mailed check,74.4,527.9,Yes,1,96,4969,Attitude of service provider,1,75.41428571428571,7-12 months,No,2
7927-AUXBZ,1,United States,California,Sun City,92586,"33.707483, -117.200006",33.707483,-117.200006,Female,No,No,No,30,Yes,No,Fiber optic,No,No,No,Yes,Yes,No,Month-to-month,No,Electronic check,85.15,2555.9,Yes,1,76,4417,Attitude of support person,1,85.19666666666667,25-48 months,No,3
4695-WJZUE,1,United States,California,Irvine,92606,"33.703976, -117.824172",33.703976,-117.824172,Female,Yes,No,No,2,Yes,Yes,Fiber optic,No,No,Yes,No,No,Yes,Month-to-month,Yes,Electronic check,88.55,179.25,Yes,1,80,3685,Attitude of support person,1,89.625,0-6 months,Yes,4
3988-RQIXO,1,United States,California,Corona Del Mar,92625,"33.600987, -117.862734",33.600987,-117.862734,Female,Yes,No,No,1,Yes,No,Fiber optic,No,No,No,No,Yes,Yes,Month-to-month,Yes,Electronic check,91.3,91.3,Yes,1,71,2371,Attitude of service provider,1,91.3,0-6 months,Yes,3
2514-GINMM,1,United States,California,Dana Point,92629,"33.477923, -117.705314",33.477923,-117.705314,Male,No,No,No,1,Yes,No,Fiber optic,No,No,No,No,Yes,No,Month-to-month,Yes,Electronic check,79.5,79.5,Yes,1,92,4490,Attitude of service provider,1,79.5,0-6 months,Yes,2
5931-FLJJF,1,United States,California,Midway City,92655,"33.744439, -117.98588",33.744439,-117.98588,Male,Yes,Yes,No,7,Yes,No,Fiber optic,No,No,No,No,No,No,Month-to-month,Yes,Mailed check,70.1,467.55,Yes,1,83,3669,Attitude of service provider,1,66.79285714285714,7-12 months,No,1
3207-OYBWH,1,United States,California,Newport Beach,92661,"33.601309, -117.902304",33.601309,-117.902304,Male,Yes,Yes,No,57,Yes,Yes,Fiber optic,No,Yes,Yes,No,No,Yes,Month-to-month,Yes,Bank transfer (automatic),95.25,5427.05,Yes,1,86,6259,Attitude of support person,1,95.21140350877194,49+ months,No,5
4285-GYRQC,1,United States,California,Newport Beach,92662,"33.606336, -117.893042",33.606336,-117.893042,Female,No,Yes,No,7,Yes,No,Fiber optic,No,No,Yes,No,Yes,No,Month-to-month,Yes,Electronic check,86.25,587.1,Yes,1,89,3344,Attitude of support person,1,83.87142857142858,7-12 months,No,3
7216-EWTRS,1,United States,California,Newport Beach,92663,"33.62251, -117.927024",33.62251,-117.927024,Female,Yes,Yes,No,1,Yes,Yes,Fiber optic,No,No,Yes,No,Yes,Yes,Month-to-month,Yes,Electronic check,100.8,100.8,Yes,1,65,3128,Attitude of service provider,1,100.8,0-6 months,Yes,5
8337-MSSXB,1,United States,California,Trabuco Canyon,92679,"33.631119, -117.567346",33.631119,-117.567346,Female,No,No,No,14,Yes,No,Fiber optic,No,Yes,No,No,No,Yes,Month-to-month,Yes,Electronic check,86.3,1180.95,Yes,1,74,3677,Attitude of service provider,1,84.35357142857143,13-24 months,No,3
8182-BJDSI,1,United States,California,Santa Ana,92705,"33.766004, -117.786763",33.766004,-117.786763,Female,No,No,No,28,Yes,Yes,Fiber optic,No,Yes,No,No,No,Yes,Month-to-month,Yes,Electronic check,89.95,2625.55,Yes,1,90,2468,Attitude of service provider,1,93.76964285714287,25-48 months,No,4
2528-HFYZX,1,United States,California,Santa Ana,92706,"33.765893, -117.881533",33.765893,-117.881533,Male,Yes,Yes,No,17,Yes,No,Fiber optic,No,Yes,No,No,No,No,Month-to-month,Yes,Electronic check,76.45,1233.4,Yes,1,92,3266,Attitude of support person,1,72.5529411764706,13-24 months,No,2
2482-CZGBB,1,United States,California,Anaheim,92804,"33.818, -117.974404",33.818,-117.974404,Male,No,No,No,10,Yes,No,Fiber optic,No,No,No,No,No,No,Month-to-month,Yes,Electronic check,70.0,740.0,Yes,1,67,3156,Attitude of support person,1,74.0,7-12 months,No,1
7181-BQYBV,1,United States,California,Garden Grove,92845,"33.782955, -118.026456",33.782955,-118.026456,Female,No,Yes,No,1,Yes,Yes,Fiber optic,Yes,No,Yes,No,Yes,Yes,Month-to-month,Yes,Electronic check,102.45,102.45,Yes,1,85,4811,Attitude of service provider,1,102.45,0-6 months,Yes,6
6204-IEUXJ,1,United States,California,Yorba Linda,92886,"33.897253, -117.792202",33.897253,-117.792202,Female,No,No,No,3,Yes,No,Fiber optic,No,No,Yes,Yes,No,No,Month-to-month,No,Credit card (automatic),80.1,217.55,Yes,1,65,4330,Attitude of service provider,1,72.51666666666667,0-6 months,Yes,3
4529-CKBCL,1,United States,California,Ventura,93001,"34.360261, -119.306383",34.360261,-119.306383,Female,No,No,No,2,Yes,No,Fiber optic,No,No,No,No,Yes,No,Month-to-month,Yes,Electronic check,80.2,146.05,Yes,1,85,4381,Attitude of service provider,1,73.025,0-6 months,Yes,2
2506-CLAKW,1,United States,California,Ventura,93003,"34.279221, -119.221437",34.279221,-119.221437,Female,No,No,No,6,Yes,No,Fiber optic,Yes,Yes,Yes,Yes,No,Yes,Month-to-month,Yes,Bank transfer (automatic),98.15,567.45,Yes,1,80,3578,Attitude of support person,1,94.575,0-6 months,Yes,6
1583-IHQZE,1,United States,California,Camarillo,93010,"34.227846, -119.079903",34.227846,-119.079903,Male,No,No,No,12,Yes,Yes,Fiber optic,No,Yes,Yes,Yes,Yes,Yes,Month-to-month,Yes,Mailed check,112.95,1384.75,Yes,1,97,3965,Attitude of support person,1,115.39583333333333,7-12 months,No,7
0151-ONTOV,1,United States,California,Moorpark,93021,"34.312945, -118.858169",34.312945,-118.858169,Female,No,No,No,1,Yes,No,Fiber optic,No,No,No,No,No,No,Month-to-month,No,Mailed check,70.9,70.9,Yes,1,78,4739,Attitude of support person,1,70.9,0-6 months,Yes,1
4140-MUHUG,1,United States,California,Oak View,93022,"34.404544, -119.302118",34.404544,-119.302118,Female,Yes,No,No,3,Yes,No,Fiber optic,No,No,Yes,No,Yes,No,Month-to-month,Yes,Electronic check,86.85,220.95,Yes,1,70,3561,Attitude of service provider,1,73.64999999999999,0-6 months,Yes,3
0320-JDNQG,1,United States,California,Oxnard,93035,"34.18454, -119.224666",34.18454,-119.224666,Male,No,Yes,No,23,Yes,No,Fiber optic,Yes,No,No,Yes,Yes,Yes,Month-to-month,Yes,Electronic check,99.85,2331.3,Yes,1,83,3425,Don't know,1,101.3608695652174,13-24 months,No,5
7180-PISOG,1,United States,California,Piru,93040,"34.432843, -118.730106",34.432843,-118.730106,Male,No,Yes,No,1,Yes,Yes,Fiber optic,No,No,No,No,No,No,Month-to-month,Yes,Electronic check,74.5,74.5,Yes,1,75,5554,Attitude of service provider,1,74.5,0-6 months,Yes,2
3571-RFHAR,1,United States,California,Santa Paula,93060,"34.402343, -119.094824",34.402343,-119.094824,Male,No,No,No,65,Yes,Yes,Fiber optic,No,Yes,Yes,Yes,Yes,Yes,Month-to-month,Yes,Electronic check,109.15,6941.2,Yes,1,99,6001,Attitude of support person,1,106.78769230769231,49+ months,No,7
1587-FKLZB,1,United States,California,Santa Barbara,93101,"34.419203, -119.710008",34.419203,-119.710008,Male,Yes,Yes,No,66,Yes,Yes,Fiber optic,No,No,Yes,No,Yes,Yes,Month-to-month,Yes,Credit card (automatic),99.5,6822.15,Yes,1,96,4479,Attitude of support person,1,103.36590909090908,49+ months,No,5
6140-QNRQQ,1,United States,California,Santa Barbara,93103,"34.438581, -119.685368",34.438581,-119.685368,Male,No,No,No,1,Yes,No,Fiber optic,No,No,No,No,No,No,Month-to-month,Yes,Mailed check,71.55,71.55,Yes,1,98,5739,Attitude of service provider,1,71.55,0-6 months,Yes,1
4307-KTUMW,1,United States,California,Santa Barbara,93108,"34.457541, -119.631072",34.457541,-119.631072,Male,No,Yes,No,53,Yes,Yes,Fiber optic,Yes,No,Yes,No,No,Yes,Month-to-month,No,Electronic check,93.9,5029.2,Yes,1,68,5543,Attitude of service provider,1,94.89056603773585,49+ months,No,5
7488-MXJIV,1,United States,California,Armona,93202,"36.315979, -119.710852",36.315979,-119.710852,Female,No,No,No,4,Yes,Yes,Fiber optic,No,No,No,No,Yes,No,Month-to-month,Yes,Electronic check,85.65,321.65,Yes,1,96,3223,Attitude of support person,1,80.4125,0-6 months,Yes,3
2027-FECZV,1,United States,California,Bodfish,93205,"35.523991, -118.400432",35.523991,-118.400432,Male,No,No,No,12,Yes,Yes,Fiber optic,No,Yes,Yes,No,Yes,Yes,Month-to-month,Yes,Electronic check,106.7,1253.9,Yes,1,92,2406,Attitude of support person,1,104.49166666666667,7-12 months,No,6
8949-JTMAY,1,United States,California,Mc Kittrick,93251,"35.38381, -119.730885",35.38381,-119.730885,Female,No,No,No,29,Yes,Yes,Fiber optic,No,No,Yes,No,Yes,Yes,Month-to-month,Yes,Credit card (automatic),98.6,2933.2,Yes,1,72,5144,Attitude of support person,1,101.14482758620689,25-48 months,No,5
2774-LVQUS,1,United States,California,Maricopa,93252,"34.737031, -119.460557",34.737031,-119.460557,Female,Yes,Yes,No,15,Yes,Yes,Fiber optic,No,No,Yes,Yes,No,No,Month-to-month,Yes,Electronic check,83.05,1258.3,Yes,1,70,2596,Attitude of support person,1,83.88666666666667,13-24 months,No,4
3211-ILJTT,1,United States,California,Taft,93268,"35.184837, -119.402525",35.184837,-119.402525,Male,No,Yes,No,17,Yes,No,Fiber optic,No,No,No,No,No,No,Month-to-month,Yes,Bank transfer (automatic),70.4,1214.05,Yes,1,67,4469,Attitude of service provider,1,71.41470588235293,13-24 months,No,1
4094-NSEDU,1,United States,California,Tipton,93272,"36.047414, -119.344304",36.047414,-119.344304,Female,Yes,No,No,21,Yes,Yes,Fiber optic,No,No,No,No,Yes,Yes,Month-to-month,Yes,Electronic check,94.25,1973.75,Yes,1,73,4819,Attitude of service provider,1,93.98809523809524,13-24 months,No,4
1846-XWOQN,1,United States,California,Bradley,93426,"35.842889, -121.004862",35.842889,-121.004862,Female,Yes,No,No,1,Yes,No,Fiber optic,No,No,No,No,No,No,Month-to-month,Yes,Electronic check,70.15,70.15,Yes,1,71,2825,Competitor made better offer,1,70.15,0-6 months,Yes,1
0235-KGSLC,1,United States,California,Buellton,93427,"34.631362, -120.238218",34.631362,-120.238218,Female,No,No,No,1,Yes,No,Fiber optic,No,No,Yes,No,Yes,No,Month-to-month,Yes,Credit card (automatic),85.55,85.55,Yes,1,86,3967,Moved,1,85.55,0-6 months,Yes,3
2884-GBPFB,1,United States,California,Morro Bay,93442,"35.369553, -120.763864",35.369553,-120.763864,Female,No,Yes,No,35,Yes,No,Fiber optic,No,No,No,No,No,No,Month-to-month,Yes,Electronic check,70.3,2416.55,Yes,1,79,5413,Moved,1,69.04428571428572,25-48 months,No,1
3757-NJYBX,1,United States,California,Nipomo,93444,"35.050345, -120.489599",35.050345,-120.489599,Male,Yes,Yes,No,32,Yes,Yes,Fiber optic,No,Yes,Yes,No,Yes,Yes,Month-to-month,No,Bank transfer (automatic),106.35,3520.75,Yes,1,65,4113,Moved,1,110.0234375,25-48 months,No,6
3722-WPXTK,1,United States,California,Benton,93512,"37.653947, -118.231443",37.653947,-118.231443,Male,No,No,No,1,Yes,No,Fiber optic,No,No,No,No,Yes,Yes,Month-to-month,Yes,Electronic check,88.35,88.35,Yes,1,72,4254,Competitor offered higher download speeds,1,88.35,0-6 months,Yes,3
2929-ERCFZ,1,United States,California,Independence,93526,"36.869584, -118.189241",36.869584,-118.189241,Female,No,Yes,No,8,Yes,No,Fiber optic,No,No,Yes,No,Yes,Yes,Month-to-month,Yes,Electronic check,94.2,777.3,Yes,1,80,2939,Competitor offered more data,1,97.1625,7-12 months,No,4
7548-SEPYI,1,United States,California,Inyokern,93527,"36.041315, -118.188235",36.041315,-118.188235,Female,No,No,No,5,Yes,No,Fiber optic,No,Yes,No,No,Yes,Yes,Month-to-month,Yes,Electronic check,96.25,512.45,Yes,1,74,5056,Competitor made better offer,1,102.49000000000001,0-6 months,Yes,4
8835-VSDSE,1,United States,California,Johannesburg,93528,"35.363339, -117.637641",35.363339,-117.637641,Female,No,Yes,No,2,Yes,No,Fiber optic,No,No,No,No,No,No,Month-to-month,Yes,Electronic check,70.7,141.45,Yes,1,86,4559,Competitor had better devices,1,70.725,0-6 months,Yes,1
9898-KZQDZ,1,United States,California,Lee Vining,93541,"37.890145, -119.184087",37.890145,-119.184087,Female,Yes,Yes,No,40,Yes,Yes,Fiber optic,No,No,No,No,Yes,Yes,Month-to-month,Yes,Credit card (automatic),94.55,3640.45,Yes,1,95,5676,Competitor offered higher download speeds,1,91.01124999999999,25-48 months,No,4
2519-FAKOD,1,United States,California,Tehachapi,93561,"35.073777, -118.652112",35.073777,-118.652112,Male,No,No,No,38,Yes,Yes,Fiber optic,No,No,Yes,No,Yes,Yes,Month-to-month,Yes,Bank transfer (automatic),99.25,3777.15,Yes,1,76,5274,Competitor offered more data,1,99.39868421052631,25-48 months,No,5
7089-IVVAZ,1,United States,California,Cantua Creek,93608,"36.488056, -120.407691",36.488056,-120.407691,Female,No,No,No,8,Yes,Yes,Fiber optic,Yes,No,No,Yes,Yes,Yes,Month-to-month,Yes,Bank transfer (automatic),103.35,847.3,Yes,1,71,2363,Competitor offered more data,1,105.9125,7-12 months,No,6
2205-YMZZJ,1,United States,California,Clovis,93612,"36.814539, -119.711868",36.814539,-119.711868,Male,Yes,No,No,7,Yes,Yes,Fiber optic,No,No,No,No,Yes,No,Month-to-month,Yes,Electronic check,84.8,546.95,Yes,1,70,2015,Competitor made better offer,1,78.13571428571429,7-12 months,No,3
1254-IZEYF,1,United States,California,Cutler,93615,"36.497895, -119.285484",36.497895,-119.285484,Female,Yes,No,No,31,Yes,Yes,Fiber optic,No,Yes,No,No,Yes,Yes,Month-to-month,Yes,Electronic check,99.95,3186.65,Yes,1,96,5362,Competitor made better offer,1,102.79516129032258,25-48 months,No,5
9492-TOKRI,1,United States,California,Dinuba,93618,"36.523619, -119.386868",36.523619,-119.386868,Female,No,No,No,18,Yes,Yes,Fiber optic,No,Yes,No,No,Yes,No,Month-to-month,Yes,Credit card (automatic),90.0,1527.35,Yes,1,97,2708,Price too high,1,84.85277777777777,13-24 months,No,4
9221-OTIVJ,1,United States,California,Dunlap,93621,"36.789213, -119.140338",36.789213,-119.140338,Female,Yes,No,No,14,Yes,Yes,Fiber optic,No,Yes,Yes,No,Yes,Yes,Month-to-month,Yes,Electronic check,104.85,1531.4,Yes,1,86,2292,Product dissatisfaction,1,109.38571428571429,13-24 months,No,6
5908-QMGOE,1,United States,California,Fowler,93625,"36.625792, -119.672483",36.625792,-119.672483,Male,Yes,No,No,15,Yes,Yes,Fiber optic,No,No,No,No,No,No,Month-to-month,Yes,Credit card (automatic),74.2,1133.9,Yes,1,80,4553,Lack of self-service on Website,1,75.59333333333333,13-24 months,No,2
8481-YYXWG,1,United States,California,Hume,93628,"36.807595, -118.901544",36.807595,-118.901544,Female,No,No,No,5,Yes,No,Fiber optic,No,Yes,No,Yes,No,Yes,Month-to-month,Yes,Electronic check,89.35,461.7,Yes,1,70,4584,Network reliability,1,92.34,0-6 months,Yes,4
2609-IAICY,1,United States,California,North Fork,93643,"37.244307, -119.470256",37.244307,-119.470256,Female,No,No,No,1,Yes,Yes,Fiber optic,No,No,No,No,No,No,Month-to-month,Yes,Electronic check,77.15,77.15,Yes,1,79,2756,Limited range of services,1,77.15,0-6 months,Yes,2
1323-OOEPC,1,United States,California,Prather,93651,"37.007238, -119.505661",37.007238,-119.505661,Female,No,Yes,No,53,Yes,Yes,Fiber optic,No,Yes,No,No,Yes,Yes,Month-to-month,Yes,Credit card (automatic),98.4,5149.5,Yes,1,87,6481,Extra data charges,1,97.16037735849056,49+ months,No,5
0397-GZBBC,1,United States,California,South Dos Palos,93665,"36.959731, -120.653519",36.959731,-120.653519,Male,Yes,Yes,No,59,Yes,Yes,Fiber optic,No,No,No,No,Yes,Yes,Month-to-month,Yes,Bank transfer (automatic),93.85,5574.75,Yes,1,85,5390,Price too high,1,94.48728813559322,49+ months,No,4
7641-EUYET,1,United States,California,Tranquillity,93668,"36.635661, -120.288644",36.635661,-120.288644,Male,Yes,Yes,No,46,Yes,Yes,Fiber optic,Yes,Yes,Yes,No,Yes,No,Month-to-month,Yes,Electronic check,100.7,4541.2,Yes,1,72,5712,Product dissatisfaction,1,98.72173913043478,25-48 months,No,6
9921-ZVRHG,1,United States,California,Traver,93673,"36.456091, -119.486225",36.456091,-119.486225,Female,No,No,No,14,Yes,Yes,Fiber optic,No,No,Yes,No,No,No,Month-to-month,Yes,Electronic check,80.45,1072.0,Yes,1,94,4155,Service dissatisfaction,1,76.57142857142857,13-24 months,No,3
1596-BBVTG,1,United States,California,Fresno,93711,"36.833002, -119.82947",36.833002,-119.82947,Male,No,No,No,35,Yes,Yes,Fiber optic,No,No,No,No,No,No,Month-to-month,No,Credit card (automatic),75.35,2636.05,Yes,1,79,2785,Don't know,1,75.3157142857143,25-48 months,No,2
8433-WXGNA,1,United States,California,Salinas,93906,"36.722898, -121.633648",36.722898,-121.633648,Male,No,No,No,2,Yes,No,Fiber optic,Yes,No,No,No,No,No,Month-to-month,Yes,Electronic check,75.7,189.2,Yes,1,82,4676,Don't know,1,94.6,0-6 months,Yes,2
3707-GNWHM,1,United States,California,Carmel Valley,93924,"36.414611, -121.6386",36.414611,-121.6386,Male,No,No,No,1,Yes,Yes,Fiber optic,No,No,No,No,No,No,Month-to-month,Yes,Mailed check,74.25,74.25,Yes,1,93,4750,Don't know,1,74.25,0-6 months,Yes,2
8922-LIEGH,1,United States,California,Jolon,93928,"35.930782, -121.189757",35.930782,-121.189757,Female,Yes,No,No,25,Yes,Yes,Fiber optic,No,Yes,No,No,No,Yes,Month-to-month,Yes,Electronic check,89.7,2187.55,Yes,1,82,4078,Poor expertise of online support,1,87.50200000000001,25-48 months,No,4
8245-UMPYT,1,United States,California,Lockwood,93932,"35.989792, -121.055933",35.989792,-121.055933,Female,Yes,No,No,16,Yes,Yes,Fiber optic,No,No,No,No,Yes,Yes,Month-to-month,Yes,Electronic check,96.4,1581.2,Yes,1,80,2688,Poor expertise of phone support,1,98.825,13-24 months,No,4
5186-SAMNZ,1,United States,California,Marina,93933,"36.689582, -121.758398",36.689582,-121.758398,Male,Yes,No,No,1,Yes,No,Fiber optic,No,No,No,No,No,No,Month-to-month,Yes,Bank transfer (automatic),69.5,69.5,Yes,1,77,3273,Price too high,1,69.5,0-6 months,Yes,1
5373-SFODM,1,United States,California,San Lucas,93954,"36.125529, -120.864443",36.125529,-120.864443,Male,Yes,Yes,No,36,Yes,Yes,Fiber optic,No,No,No,No,No,Yes,Month-to-month,Yes,Credit card (automatic),85.25,3132.75,Yes,1,82,3041,Product dissatisfaction,1,87.02083333333333,25-48 months,No,3
8931-GJJIQ,1,United States,California,Burlingame,94010,"37.57028, -122.365778",37.57028,-122.365778,Female,No,No,No,9,Yes,Yes,Fiber optic,No,No,No,No,No,Yes,Month-to-month,Yes,Electronic check,83.3,803.3,Yes,1,97,3520,Lack of self-service on Website,1,89.25555555555555,7-12 months,No,3
4277-PVRAN,1,United States,California,Daly City,94014,"37.691561, -122.445202",37.691561,-122.445202,Female,No,No,No,8,Yes,No,Fiber optic,No,No,No,No,Yes,No,Month-to-month,Yes,Bank transfer (automatic),80.1,679.3,Yes,1,67,5071,Network reliability,1,84.9125,7-12 months,No,2
0952-KMEEH,1,United States,California,Mountain View,94043,"37.419725, -122.062947",37.419725,-122.062947,Male,No,No,No,13,Yes,Yes,Fiber optic,Yes,No,No,No,Yes,Yes,Month-to-month,No,Mailed check,98.15,1230.25,Yes,1,98,5525,Long distance charges,1,94.63461538461539,13-24 months,No,5
8178-EYZUO,1,United States,California,San Francisco,94105,"37.789168, -122.395009",37.789168,-122.395009,Male,No,No,No,46,Yes,Yes,Fiber optic,Yes,Yes,No,No,No,Yes,Month-to-month,Yes,Electronic check,93.7,4154.8,Yes,1,70,3378,Extra data charges,1,90.32173913043479,25-48 months,No,5
5130-IEKQT,1,United States,California,San Francisco,94109,"37.794487, -122.42227",37.794487,-122.42227,Male,Yes,No,No,25,Yes,Yes,Fiber optic,No,Yes,Yes,No,Yes,Yes,Month-to-month,No,Mailed check,105.95,2655.25,Yes,1,100,4283,Price too high,1,106.21,25-48 months,No,6
0407-BDJKB,1,United States,California,San Francisco,94114,"37.758085, -122.434801",37.758085,-122.434801,Male,No,Yes,No,60,Yes,Yes,Fiber optic,No,Yes,Yes,No,Yes,No,Month-to-month,Yes,Electronic check,95.75,5742.9,Yes,1,88,4129,Service dissatisfaction,1,95.71499999999999,49+ months,No,5
9600-UDOPK,1,United States,California,San Francisco,94117,"37.770533, -122.445121",37.770533,-122.445121,Male,No,Yes,No,30,Yes,Yes,Fiber optic,No,No,No,No,Yes,Yes,Month-to-month,Yes,Credit card (automatic),94.05,2866.45,Yes,1,68,4095,Lack of self-service on Website,1,95.54833333333333,25-48 months,No,4
3269-ATYWD,1,United States,California,San Francisco,94123,"37.800254, -122.436975",37.800254,-122.436975,Male,Yes,No,No,39,Yes,Yes,Fiber optic,No,No,No,No,Yes,Yes,Month-to-month,Yes,Bank transfer (automatic),95.65,3759.05,Yes,1,65,4892,Don't know,1,96.38589743589743,25-48 months,No,4
4910-GMJOT,1,United States,California,San Francisco,94129,"37.797526, -122.464531",37.797526,-122.464531,Female,No,No,No,1,Yes,Yes,Fiber optic,No,No,No,No,Yes,Yes,Month-to-month,Yes,Electronic check,94.6,94.6,Yes,1,96,4033,Don't know,1,94.6,0-6 months,Yes,4
0354-WYROK,1,United States,California,San Francisco,94130,"37.820894, -122.369725",37.820894,-122.369725,Female,Yes,Yes,No,31,Yes,No,Fiber optic,No,No,Yes,Yes,Yes,Yes,Month-to-month,Yes,Electronic check,98.9,2911.3,Yes,1,98,4050,Don't know,1,93.91290322580646,25-48 months,No,5
7576-OYWBN,1,United States,California,San Mateo,94402,"37.556634, -122.317723",37.556634,-122.317723,Male,Yes,No,No,3,Yes,Yes,Fiber optic,No,No,No,No,No,No,Month-to-month,Yes,Electronic check,76.05,231.8,Yes,1,67,2930,Price too high,1,77.26666666666667,0-6 months,Yes,2
5539-TMZLF,1,United States,California,Concord,94520,"38.013825, -122.039144",38.013825,-122.039144,Male,Yes,No,No,1,Yes,No,Fiber optic,No,No,No,No,No,No,Month-to-month,Yes,Electronic check,69.75,69.75,Yes,1,69,5057,Product dissatisfaction,1,69.75,0-6 months,Yes,1
4446-BZKHU,1,United States,California,Pleasant Hill,94523,"37.95338, -122.076886",37.95338,-122.076886,Male,No,Yes,No,61,Yes,Yes,Fiber optic,No,Yes,Yes,No,Yes,Yes,Month-to-month,Yes,Electronic check,105.55,6281.45,Yes,1,86,5011,Lack of self-service on Website,1,102.97459016393442,49+ months,No,6
5976-JCJRH,1,United States,California,Danville,94526,"37.815459, -121.977203",37.815459,-121.977203,Male,No,Yes,No,10,Yes,No,Fiber optic,No,No,No,No,No,No,Month-to-month,Yes,Electronic check,70.3,738.2,Yes,1,94,2162,Limited range of services,1,73.82000000000001,7-12 months,No,1
0137-OCGAB,1,United States,California,Fairfield,94533,"38.287136, -122.02711",38.287136,-122.02711,Female,No,No,No,1,Yes,Yes,Fiber optic,No,Yes,No,No,No,No,Month-to-month,Yes,Mailed check,80.2,80.2,Yes,1,90,3056,Lack of affordable download/upload speed,1,80.2,0-6 months,Yes,3
3336-JORSO,1,United States,California,Hayward,94542,"37.656695, -122.048361",37.656695,-122.048361,Female,Yes,No,No,33,Yes,Yes,Fiber optic,No,Yes,Yes,Yes,Yes,Yes,Month-to-month,Yes,Electronic check,110.45,3655.45,Yes,1,80,3401,Product dissatisfaction,1,110.77121212121212,25-48 months,No,7
5028-GZLDO,1,United States,California,Moraga,94556,"37.827946, -122.107185",37.827946,-122.107185,Male,No,No,No,2,Yes,No,Fiber optic,No,No,No,No,No,No,Month-to-month,No,Credit card (automatic),70.7,140.7,Yes,1,96,5317,Service dissatisfaction,1,70.35,0-6 months,Yes,1
6861-XWTWQ,1,United States,California,Napa,94559,"38.232389, -122.324944",38.232389,-122.324944,Male,Yes,Yes,No,7,Yes,Yes,Fiber optic,No,No,Yes,No,Yes,Yes,Month-to-month,Yes,Electronic check,99.25,665.45,Yes,1,90,2487,Lack of self-service on Website,1,95.06428571428572,7-12 months,No,5
6877-TJMBR,1,United States,California,Orinda,94563,"37.873916, -122.20522",37.873916,-122.20522,Male,No,Yes,No,1,Yes,No,Fiber optic,No,No,No,Yes,Yes,No,Month-to-month,Yes,Electronic check,84.8,84.8,Yes,1,80,2627,Network reliability,1,84.8,0-6 months,Yes,3
2195-ZRVAX,1,United States,California,Rodeo,94572,"38.027218, -122.23463",38.027218,-122.23463,Female,No,Yes,No,47,Yes,No,Fiber optic,No,No,Yes,No,No,Yes,Month-to-month,Yes,Electronic check,85.3,4045.65,Yes,1,97,3631,Don't know,1,86.07765957446809,25-48 months,No,3
3550-SAHFP,1,United States,California,Saint Helena,94574,"38.581354, -122.296283",38.581354,-122.296283,Female,No,No,No,33,Yes,Yes,Fiber optic,No,No,No,No,No,Yes,Month-to-month,Yes,Electronic check,83.35,2757.85,Yes,1,66,5456,Price too high,1,83.57121212121211,25-48 months,No,3
4873-ILOLJ,1,United States,California,Sunol,94586,"37.587494, -121.862856",37.587494,-121.862856,Male,No,No,No,24,Yes,No,Fiber optic,No,No,No,No,Yes,Yes,Month-to-month,Yes,Electronic check,90.35,2238.5,Yes,1,67,5546,Service dissatisfaction,1,93.27083333333333,13-24 months,No,3
2725-KXXWT,1,United States,California,Vallejo,94589,"38.161321, -122.271588",38.161321,-122.271588,Male,No,Yes,No,1,Yes,No,Fiber optic,No,No,No,No,Yes,Yes,Month-to-month,Yes,Electronic check,90.75,90.75,Yes,1,86,5460,Lack of self-service on Website,1,90.75,0-6 months,Yes,3
9565-DJPIB,1,United States,California,Vallejo,94590,"38.104705, -122.247387",38.104705,-122.247387,Female,No,No,No,4,Yes,Yes,Fiber optic,No,Yes,No,No,Yes,No,Month-to-month,No,Mailed check,89.6,365.65,Yes,1,87,4689,Network reliability,1,91.4125,0-6 months,Yes,4
4659-NZRUF,1,United States,California,Oakland,94609,"37.834341, -122.26437",37.834341,-122.26437,Female,No,No,No,19,Yes,Yes,Fiber optic,Yes,Yes,No,No,No,Yes,Month-to-month,Yes,Electronic check,95.15,1789.25,Yes,1,78,5830,Long distance charges,1,94.17105263157895,13-24 months,No,5
8429-XIBUM,1,United States,California,Oakland,94618,"37.84551, -122.235181",37.84551,-122.235181,Male,No,No,No,22,Yes,Yes,Fiber optic,Yes,No,No,No,Yes,Yes,Month-to-month,Yes,Bank transfer (automatic),101.35,2317.1,Yes,1,77,4694,Extra data charges,1,105.32272727272726,13-24 months,No,5
2608-BHKFN,1,United States,California,Berkeley,94703,"37.863843, -122.275684",37.863843,-122.275684,Female,No,No,No,4,Yes,No,Fiber optic,No,No,No,No,No,No,Month-to-month,Yes,Credit card (automatic),70.05,266.9,Yes,1,89,3600,Price too high,1,66.725,0-6 months,Yes,1
7341-LXCAF,1,United States,California,Berkeley,94705,"37.858898, -122.240512",37.858898,-122.240512,Male,No,Yes,No,4,Yes,Yes,Fiber optic,No,No,No,No,No,No,Month-to-month,Yes,Electronic check,74.65,301.4,Yes,1,87,4013,Product dissatisfaction,1,75.35,0-6 months,Yes,2
8128-YVJRG,1,United States,California,Berkeley,94709,"37.878554, -122.26609",37.878554,-122.26609,Female,No,No,No,7,Yes,Yes,Fiber optic,Yes,No,No,No,No,No,Month-to-month,Yes,Mailed check,79.65,604.7,Yes,1,81,4513,Lack of self-service on Website,1,86.38571428571429,7-12 months,No,3
4283-FUTGF,1,United States,California,El Sobrante,94803,"37.963995, -122.288296",37.963995,-122.288296,Male,Yes,No,No,19,Yes,Yes,Fiber optic,No,No,Yes,No,No,No,Month-to-month,Yes,Electronic check,79.85,1471.75,Yes,1,65,3715,Network reliability,1,77.46052631578948,13-24 months,No,3
1569-TTNYJ,1,United States,California,Richmond,94805,"37.941456, -122.320968",37.941456,-122.320968,Male,No,Yes,No,5,Yes,Yes,Fiber optic,No,Yes,No,No,No,No,Month-to-month,Yes,Electronic check,78.75,412.1,Yes,1,72,3401,Don't know,1,82.42,0-6 months,Yes,3
2397-BRLOM,1,United States,California,San Rafael,94901,"37.972662, -122.491452",37.972662,-122.491452,Male,Yes,Yes,No,8,Yes,No,Fiber optic,No,No,No,No,Yes,No,Month-to-month,Yes,Credit card (automatic),80.45,583.45,Yes,1,100,3443,Don't know,1,72.93125,7-12 months,No,2
7598-UAASY,1,United States,California,Marshall,94940,"38.129308, -122.834815",38.129308,-122.834815,Male,No,Yes,No,2,Yes,No,Fiber optic,No,No,Yes,No,No,No,Month-to-month,No,Electronic check,76.4,151.8,Yes,1,71,4340,Attitude of service provider,1,75.9,0-6 months,Yes,2
7938-OUHIO,1,United States,California,Mill Valley,94941,"37.901371, -122.572024",37.901371,-122.572024,Male,No,No,No,3,Yes,No,Fiber optic,No,No,Yes,Yes,Yes,Yes,Month-to-month,Yes,Electronic check,98.7,293.65,Yes,1,72,3916,Attitude of service provider,1,97.88333333333333,0-6 months,Yes,5
8510-AWCXC,1,United States,California,Novato,94945,"38.135897, -122.563683",38.135897,-122.563683,Female,Yes,No,No,13,Yes,Yes,Fiber optic,Yes,No,No,No,Yes,Yes,Month-to-month,Yes,Electronic check,100.8,1308.1,Yes,1,65,3269,Attitude of support person,1,100.62307692307692,13-24 months,No,5
8225-BTJAU,1,United States,California,Stinson Beach,94970,"37.921137, -122.657562",37.921137,-122.657562,Male,Yes,No,No,10,Yes,No,Fiber optic,No,No,No,No,No,Yes,Month-to-month,Yes,Electronic check,79.25,793.55,Yes,1,87,3856,Attitude of service provider,1,79.35499999999999,7-12 months,No,2
3387-VATUS,1,United States,California,Aromas,95004,"36.878364, -121.629781",36.878364,-121.629781,Male,No,No,No,5,Yes,Yes,Fiber optic,No,No,No,No,Yes,Yes,Month-to-month,Yes,Bank transfer (automatic),94.85,462.8,Yes,1,69,5701,Attitude of service provider,1,92.56,0-6 months,Yes,4
1143-NMNQJ,1,United States,California,Boulder Creek,95006,"37.171727, -122.142961",37.171727,-122.142961,Female,No,No,No,2,Yes,Yes,Fiber optic,No,No,No,No,No,Yes,Month-to-month,Yes,Electronic check,85.7,169.8,Yes,1,95,2187,Attitude of service provider,1,84.9,0-6 months,Yes,3
1724-BQUHA,1,United States,California,Los Gatos,95032,"37.233034, -121.947427",37.233034,-121.947427,Male,Yes,No,No,5,Yes,No,Fiber optic,No,No,No,No,Yes,Yes,Month-to-month,Yes,Electronic check,89.5,477.7,Yes,1,66,2718,Attitude of support person,1,95.53999999999999,0-6 months,Yes,3
4826-XTSOH,1,United States,California,Moss Landing,95039,"36.863303, -121.781632",36.863303,-121.781632,Male,Yes,Yes,No,1,Yes,Yes,Fiber optic,No,No,No,No,Yes,No,Month-to-month,Yes,Electronic check,86.05,86.05,Yes,1,96,4843,Attitude of support person,1,86.05,0-6 months,Yes,3
6857-VWJDT,1,United States,California,Santa Cruz,95060,"36.993451, -122.098858",36.993451,-122.098858,Female,No,No,No,1,Yes,Yes,Fiber optic,No,No,No,No,Yes,Yes,Month-to-month,No,Mailed check,95.65,95.65,Yes,1,87,3473,Attitude of service provider,1,95.65,0-6 months,Yes,4
6100-QQHEB,1,United States,California,San Jose,95121,"37.304681, -121.809955",37.304681,-121.809955,Male,No,Yes,No,17,Yes,Yes,Fiber optic,No,No,No,No,Yes,Yes,Month-to-month,Yes,Electronic check,92.55,1515.1,Yes,1,99,5775,Moved,1,89.12352941176471,13-24 months,No,4
7503-QQRVF,1,United States,California,San Jose,95127,"37.375156, -121.795867",37.375156,-121.795867,Male,Yes,Yes,No,16,Yes,No,Fiber optic,No,Yes,No,No,No,No,Month-to-month,Yes,Credit card (automatic),74.3,1178.25,Yes,1,81,2076,Competitor had better devices,1,73.640625,13-24 months,No,2
2691-NZETQ,1,United States,California,San Jose,95130,"37.277592, -121.986477",37.277592,-121.986477,Male,No,No,No,9,Yes,Yes,Fiber optic,No,No,No,No,Yes,No,Month-to-month,Yes,Electronic check,85.35,758.6,Yes,1,89,2752,Competitor offered higher download speeds,1,84.28888888888889,7-12 months,No,3
7295-JOMMD,1,United States,California,San Jose,95135,"37.28682, -121.723877",37.28682,-121.723877,Female,No,No,No,4,Yes,No,Fiber optic,No,No,Yes,Yes,Yes,Yes,Month-to-month,Yes,Bank transfer (automatic),98.1,396.3,Yes,1,87,2895,Competitor made better offer,1,99.075,0-6 months,Yes,5
0709-TVGUR,1,United States,California,Stockton,95207,"38.002125, -121.324979",38.002125,-121.324979,Female,Yes,No,No,9,Yes,Yes,Fiber optic,No,No,No,No,No,No,Month-to-month,Yes,Electronic check,74.55,622.9,Yes,1,69,3145,Competitor had better devices,1,69.21111111111111,7-12 months,No,2
6023-YEBUP,1,United States,California,Stockton,95210,"38.033219, -121.297433",38.033219,-121.297433,Male,No,No,No,3,Yes,Yes,Fiber optic,No,No,Yes,No,Yes,Yes,Month-to-month,Yes,Electronic check,100.95,329.95,Yes,1,81,5351,Competitor offered higher download speeds,1,109.98333333333333,0-6 months,Yes,5
7209-JCUDS,1,United States,California,Stockton,95212,"38.049457, -121.21653",38.049457,-121.21653,Male,No,No,No,10,Yes,No,Fiber optic,No,No,Yes,No,Yes,Yes,Month-to-month,Yes,Electronic check,94.9,1048.85,Yes,1,83,2832,Competitor offered higher download speeds,1,104.88499999999999,7-12 months,No,4
3001-CBHLQ,1,United States,California,Angels Camp,95222,"38.071327, -120.632221",38.071327,-120.632221,Male,Yes,Yes,No,32,Yes,Yes,Fiber optic,No,No,Yes,Yes,Yes,Yes,Month-to-month,Yes,Electronic check,104.9,3351.55,Yes,1,79,3966,Competitor offered higher download speeds,1,104.7359375,25-48 months,No,6
0772-GYEQQ,1,United States,California,Lodi,95240,"38.123544, -121.159078",38.123544,-121.159078,Male,No,No,No,3,Yes,No,Fiber optic,No,No,Yes,Yes,Yes,No,Month-to-month,Yes,Mailed check,88.35,262.05,Yes,1,93,5202,Competitor offered more data,1,87.35000000000001,0-6 months,Yes,4
4831-EOBFE,1,United States,California,Mountain Ranch,95246,"38.264262, -120.515133",38.264262,-120.515133,Male,No,Yes,No,29,Yes,No,Fiber optic,Yes,No,No,No,Yes,Yes,Month-to-month,No,Credit card (automatic),94.65,2649.15,Yes,1,70,5150,Don't know,1,91.35000000000001,25-48 months,No,4
4102-OQUPX,1,United States,California,Sheep Ranch,95250,"38.244806, -120.417301",38.244806,-120.417301,Male,Yes,Yes,No,1,Yes,Yes,Fiber optic,No,No,No,No,No,No,Month-to-month,Yes,Electronic check,74.4,74.4,Yes,1,91,5429,Competitor made better offer,1,74.4,0-6 months,Yes,2
3999-QGRJH,1,United States,California,Ballico,95303,"37.4695, -120.672724",37.4695,-120.672724,Male,Yes,No,No,8,Yes,No,Fiber optic,No,No,No,No,No,No,Month-to-month,Yes,Electronic check,69.7,560.85,Yes,1,88,3068,Product dissatisfaction,1,70.10625,7-12 months,No,1
2454-RPBRZ,1,United States,California,Catheys Valley,95306,"37.394411, -120.127262",37.394411,-120.127262,Female,Yes,Yes,No,12,Yes,Yes,Fiber optic,No,Yes,Yes,No,Yes,No,Month-to-month,Yes,Electronic check,98.1,1060.2,Yes,1,97,2709,Service dissatisfaction,1,88.35000000000001,7-12 months,No,5
2265-CYWIV,1,United States,California,Hickman,95323,"37.605926, -120.69955",37.605926,-120.69955,Female,Yes,Yes,No,4,Yes,Yes,Fiber optic,Yes,No,No,No,Yes,Yes,Month-to-month,Yes,Electronic check,99.6,347.65,Yes,1,77,4708,Network reliability,1,86.9125,0-6 months,Yes,5
2004-OCQXK,1,United States,California,Merced,95348,"37.40122, -120.514191",37.40122,-120.514191,Female,No,No,No,1,Yes,No,Fiber optic,No,No,No,No,No,Yes,Month-to-month,Yes,Electronic check,81.95,81.95,Yes,1,85,5622,Limited range of services,1,81.95,0-6 months,Yes,2
5027-QPKTE,1,United States,California,Modesto,95350,"37.671806, -121.007575",37.671806,-121.007575,Male,No,Yes,No,7,Yes,No,Fiber optic,No,No,No,No,No,No,Month-to-month,Yes,Electronic check,69.35,451.1,Yes,1,82,4292,Lack of affordable download/upload speed,1,64.44285714285715,7-12 months,No,1
2672-HUYVI,1,United States,California,Newman,95360,"37.343846, -121.039391",37.343846,-121.039391,Female,No,No,No,6,Yes,No,Fiber optic,No,No,No,No,Yes,Yes,Month-to-month,Yes,Electronic check,91.1,455.3,Yes,1,68,2266,Long distance charges,1,75.88333333333334,0-6 months,Yes,3
7508-MYBOG,1,United States,California,Patterson,95363,"37.410236, -121.320337",37.410236,-121.320337,Male,No,Yes,No,14,Yes,Yes,Fiber optic,No,No,No,No,Yes,No,Month-to-month,Yes,Electronic check,86.1,1235.55,Yes,1,89,2177,Extra data charges,1,88.25357142857142,13-24 months,No,3
0148-DCDOS,1,United States,California,Planada,95365,"37.329725, -120.306399",37.329725,-120.306399,Male,No,No,No,25,Yes,Yes,Fiber optic,No,No,No,No,Yes,Yes,Month-to-month,Yes,Bank transfer (automatic),94.7,2362.1,Yes,1,82,5641,Price too high,1,94.484,25-48 months,No,4
9992-RRAMN,1,United States,California,Riverbank,95367,"37.734971, -120.954271",37.734971,-120.954271,Male,No,Yes,No,22,Yes,Yes,Fiber optic,No,No,No,No,No,Yes,Month-to-month,Yes,Electronic check,85.1,1873.7,Yes,1,68,5248,Product dissatisfaction,1,85.16818181818182,13-24 months,No,3
0310-MVLET,1,United States,California,Snelling,95369,"37.521708, -120.426843",37.521708,-120.426843,Female,No,Yes,No,61,Yes,Yes,Fiber optic,No,Yes,No,No,Yes,Yes,Month-to-month,Yes,Electronic check,99.15,6010.05,Yes,1,77,5612,Service dissatisfaction,1,98.52540983606558,49+ months,No,5
4550-VBOFE,1,United States,California,Soulsbyville,95372,"37.990574, -120.261821",37.990574,-120.261821,Male,Yes,Yes,No,70,Yes,Yes,Fiber optic,No,Yes,Yes,No,Yes,Yes,Month-to-month,Yes,Electronic check,102.95,7101.5,Yes,1,99,5005,Lack of self-service on Website,1,101.45,49+ months,No,6
7409-KIUTL,1,United States,California,Westley,95387,"37.546007, -121.28257",37.546007,-121.28257,Female,Yes,No,No,1,Yes,No,Fiber optic,No,No,No,No,No,No,Month-to-month,Yes,Electronic check,71.0,71.0,Yes,1,72,5345,Don't know,1,71.0,0-6 months,Yes,1
1732-VHUBQ,1,United States,California,Yosemite National Park,95389,"37.704267, -119.607001",37.704267,-119.607001,Female,Yes,Yes,No,47,Yes,No,Fiber optic,No,No,No,No,No,No,Month-to-month,No,Bank transfer (automatic),70.55,3309.25,Yes,1,82,4457,Don't know,1,70.40957446808511,25-48 months,No,1
0495-RVCBF,1,United States,California,Santa Rosa,95401,"38.460517, -122.790335",38.460517,-122.790335,Female,No,No,No,1,Yes,No,Fiber optic,No,No,No,No,No,Yes,Month-to-month,Yes,Electronic check,79.7,79.7,Yes,1,75,2066,Don't know,1,79.7,0-6 months,Yes,2
0679-IDSTG,1,United States,California,Branscomb,95417,"39.710591, -123.682799",39.710591,-123.682799,Female,Yes,Yes,No,1,Yes,No,Fiber optic,No,No,No,No,No,No,Month-to-month,Yes,Electronic check,69.25,69.25,Yes,1,87,4568,Price too high,1,69.25,0-6 months,Yes,1
2115-BFTIW,1,United States,California,Clearlake Oaks,95423,"39.07116, -122.598542",39.07116,-122.598542,Male,No,No,No,25,Yes,No,Fiber optic,No,No,No,No,No,No,Month-to-month,No,Mailed check,70.95,1767.35,Yes,1,75,4881,Product dissatisfaction,1,70.694,25-48 months,No,1
0611-DFXKO,1,United States,California,Comptche,95427,"39.239818, -123.565432",39.239818,-123.565432,Male,No,Yes,No,20,Yes,No,Fiber optic,No,No,No,No,Yes,Yes,Month-to-month,Yes,Mailed check,89.0,1820.45,Yes,1,78,4594,Service dissatisfaction,1,91.02250000000001,13-24 months,No,3
7780-OTDSO,1,United States,California,Covelo,95428,"39.83307, -123.178765",39.83307,-123.178765,Male,No,Yes,No,18,Yes,Yes,Fiber optic,Yes,No,No,No,Yes,Yes,Month-to-month,Yes,Electronic check,99.4,1742.95,Yes,1,86,2421,Lack of self-service on Website,1,96.83055555555556,13-24 months,No,5
9747-DDZOS,1,United States,California,Eldridge,95431,"38.348884, -122.51699",38.348884,-122.51699,Female,No,No,No,1,Yes,No,Fiber optic,No,No,Yes,No,No,No,Month-to-month,No,Bank transfer (automatic),73.5,73.5,Yes,1,74,4378,Network reliability,1,73.5,0-6 months,Yes,2
0564-JJHGS,1,United States,California,Guerneville,95446,"38.52576, -123.013347",38.52576,-123.013347,Male,No,No,No,9,Yes,Yes,Fiber optic,No,No,No,No,Yes,Yes,Month-to-month,Yes,Electronic check,95.5,829.1,Yes,1,90,5007,Limited range of services,1,92.12222222222222,7-12 months,No,4
3348-CFRNX,1,United States,California,Healdsburg,95448,"38.618347, -122.908422",38.618347,-122.908422,Female,No,Yes,No,28,Yes,No,Fiber optic,Yes,No,No,No,Yes,Yes,Month-to-month,Yes,Mailed check,92.35,2602.9,Yes,1,71,2990,Lack of affordable download/upload speed,1,92.96071428571429,25-48 months,No,4
1428-GTBJJ,1,United States,California,Jenner,95450,"38.505995, -123.187019",38.505995,-123.187019,Male,No,No,No,11,Yes,No,Fiber optic,No,Yes,No,No,No,No,Month-to-month,Yes,Electronic check,74.55,824.75,Yes,1,81,4601,Long distance charges,1,74.97727272727273,7-12 months,No,2
8802-UNOJF,1,United States,California,Philo,95466,"39.094102, -123.500853",39.094102,-123.500853,Male,Yes,No,No,12,Yes,No,Fiber optic,No,Yes,Yes,Yes,No,No,Month-to-month,Yes,Mailed check,83.8,1029.75,Yes,1,78,5565,Extra data charges,1,85.8125,7-12 months,No,4
2845-AFFTX,1,United States,California,Westport,95488,"39.724433, -123.767578",39.724433,-123.767578,Male,Yes,Yes,No,41,Yes,Yes,Fiber optic,No,No,Yes,No,Yes,Yes,Month-to-month,Yes,Electronic check,99.8,4259.3,Yes,1,76,4726,Product dissatisfaction,1,103.88536585365854,25-48 months,No,5
2249-YPRNG,1,United States,California,The Sea Ranch,95497,"38.696659, -123.436861",38.696659,-123.436861,Female,No,Yes,No,20,Yes,Yes,Fiber optic,No,Yes,Yes,No,Yes,Yes,Month-to-month,Yes,Bank transfer (automatic),105.85,2239.65,Yes,1,84,4223,Service dissatisfaction,1,111.9825,13-24 months,No,6
7410-YTJIK,1,United States,California,Eureka,95501,"40.796621, -124.15428",40.796621,-124.15428,Female,No,No,No,7,Yes,Yes,Fiber optic,No,No,No,No,No,No,Month-to-month,No,Mailed check,75.45,480.75,Yes,1,75,2872,Lack of self-service on Website,1,68.67857142857143,7-12 months,No,2
4626-GYCZP,1,United States,California,Eureka,95503,"40.737431, -124.108897",40.737431,-124.108897,Male,No,No,No,7,Yes,Yes,Fiber optic,No,No,No,No,Yes,Yes,Month-to-month,Yes,Electronic check,93.85,635.6,Yes,1,79,3506,Network reliability,1,90.8,7-12 months,No,4
5590-BYNII,1,United States,California,Bayside,95524,"40.825486, -124.049485",40.825486,-124.049485,Male,No,No,No,22,Yes,Yes,Fiber optic,Yes,No,No,No,Yes,Yes,Month-to-month,Yes,Electronic check,100.75,2095.0,Yes,1,98,4152,Don't know,1,95.22727272727273,13-24 months,No,5
1591-NFNLQ,1,United States,California,Crescent City,95531,"41.701223, -124.003393",41.701223,-124.003393,Male,No,No,No,51,Yes,Yes,Fiber optic,No,No,Yes,No,No,No,Month-to-month,No,Credit card (automatic),80.0,4242.35,Yes,1,91,4769,Don't know,1,83.18333333333334,49+ months,No,3
2815-CPTUL,1,United States,California,Gasquet,95543,"41.867908, -123.794144",41.867908,-123.794144,Male,Yes,No,No,5,Yes,No,Fiber optic,No,No,No,No,No,No,Month-to-month,Yes,Mailed check,70.25,331.9,Yes,1,89,3684,Price too high,1,66.38,0-6 months,Yes,1
0596-BQCEQ,1,United States,California,Hydesville,95547,"40.557314, -124.081662",40.557314,-124.081662,Female,No,Yes,No,62,Yes,No,Fiber optic,No,Yes,Yes,No,Yes,Yes,Month-to-month,Yes,Electronic check,100.15,6283.3,Yes,1,93,4120,Product dissatisfaction,1,101.34354838709677,49+ months,No,5
1481-ZUWZA,1,United States,California,Klamath,95548,"41.572813, -124.035011",41.572813,-124.035011,Male,No,No,No,28,Yes,Yes,Fiber optic,Yes,Yes,No,No,No,Yes,Month-to-month,Yes,Credit card (automatic),94.5,2659.4,Yes,1,80,5433,Service dissatisfaction,1,94.97857142857143,25-48 months,No,5
1891-FZYSA,1,United States,California,Piercy,95587,"39.955587, -123.681175",39.955587,-123.681175,Male,Yes,Yes,No,69,Yes,Yes,Fiber optic,No,Yes,No,No,Yes,No,Month-to-month,Yes,Electronic check,89.95,6143.15,Yes,1,82,6363,Network reliability,1,89.03115942028985,49+ months,No,4
7613-LLQFO,1,United States,California,Amador City,95601,"38.431407, -120.8421",38.431407,-120.8421,Male,No,No,No,12,Yes,Yes,Fiber optic,No,No,No,No,Yes,No,Month-to-month,Yes,Electronic check,84.45,1059.55,Yes,1,100,3330,Limited range of services,1,88.29583333333333,7-12 months,No,3
2640-PMGFL,1,United States,California,West Sacramento,95605,"38.592745, -121.540036",38.592745,-121.540036,Male,No,No,No,27,Yes,Yes,Fiber optic,No,No,No,Yes,No,No,Month-to-month,Yes,Electronic check,79.5,2180.55,Yes,1,100,2518,Lack of affordable download/upload speed,1,80.76111111111112,25-48 months,No,3
3801-HMYNL,1,United States,California,Brooks,95606,"38.809804, -122.241383",38.809804,-122.241383,Male,No,Yes,No,1,Yes,No,Fiber optic,No,No,No,No,Yes,Yes,Month-to-month,No,Mailed check,89.15,89.15,Yes,1,68,3123,Long distance charges,1,89.15,0-6 months,Yes,3
9685-WKZGT,1,United States,California,Carmichael,95608,"38.626128, -121.328011",38.626128,-121.328011,Male,Yes,No,No,14,Yes,Yes,Fiber optic,No,No,No,No,No,No,Month-to-month,Yes,Electronic check,74.95,1036.75,Yes,1,70,2075,Extra data charges,1,74.05357142857143,13-24 months,No,2
6022-UGGSO,1,United States,California,Citrus Heights,95610,"38.69508, -121.271616",38.69508,-121.271616,Female,Yes,No,No,32,Yes,No,Fiber optic,No,Yes,No,No,No,No,Month-to-month,Yes,Electronic check,74.4,2276.95,Yes,1,90,2091,Price too high,1,71.1546875,25-48 months,No,2
6127-ISGTU,1,United States,California,Garden Valley,95633,"38.852544, -120.837669",38.852544,-120.837669,Female,No,Yes,No,16,Yes,Yes,Fiber optic,No,No,No,No,Yes,No,Month-to-month,Yes,Electronic check,84.95,1378.25,Yes,1,67,3075,Lack of self-service on Website,1,86.140625,13-24 months,No,3
1761-AEZZR,1,United States,California,Guinda,95637,"38.830739, -122.196202",38.830739,-122.196202,Male,No,No,No,1,Yes,No,Fiber optic,No,No,No,No,Yes,No,Month-to-month,Yes,Electronic check,79.55,79.55,Yes,1,72,5593,Don't know,1,79.55,0-6 months,Yes,2
3923-CSIHK,1,United States,California,Herald,95638,"38.313447, -121.123886",38.313447,-121.123886,Female,Yes,Yes,No,50,Yes,No,Fiber optic,No,No,No,No,No,No,Month-to-month,Yes,Electronic check,71.05,3444.85,Yes,1,94,5746,Don't know,1,68.89699999999999,49+ months,No,1
7120-RFMVS,1,United States,California,Isleton,95641,"38.154823, -121.601358",38.154823,-121.601358,Male,No,No,No,1,Yes,Yes,Fiber optic,No,No,No,No,Yes,No,Month-to-month,No,Electronic check,84.5,84.5,Yes,1,73,4340,Price too high,1,84.5,0-6 months,Yes,3
1550-LOAHA,1,United States,California,Orangevale,95662,"38.689174, -121.218435",38.689174,-121.218435,Female,No,Yes,No,32,Yes,No,Fiber optic,No,Yes,No,No,No,Yes,Month-to-month,No,Bank transfer (automatic),84.15,2585.95,Yes,1,74,4017,Limited range of services,1,80.8109375,25-48 months,No,3
0876-WDUUZ,1,United States,California,Pine Grove,95665,"38.400264, -120.641274",38.400264,-120.641274,Female,No,No,No,5,Yes,No,Fiber optic,No,No,No,Yes,No,Yes,Month-to-month,Yes,Credit card (automatic),85.4,425.9,Yes,1,90,3716,Long distance charges,1,85.17999999999999,0-6 months,Yes,3
0617-FHSGK,1,United States,California,Rancho Cordova,95670,"38.602723, -121.279913",38.602723,-121.279913,Male,No,No,No,49,Yes,Yes,Fiber optic,No,No,No,No,No,No,Month-to-month,No,Credit card (automatic),75.2,3678.3,Yes,1,90,5283,Extra data charges,1,75.06734693877551,49+ months,No,2
8118-LSUEL,1,United States,California,Roseville,95678,"38.759751, -121.288545",38.759751,-121.288545,Male,Yes,No,No,23,Yes,Yes,Fiber optic,No,Yes,Yes,No,Yes,Yes,Month-to-month,Yes,Electronic check,106.4,2483.5,Yes,1,79,5507,Product dissatisfaction,1,107.97826086956522,13-24 months,No,6
7005-CCBKV,1,United States,California,Thornton,95686,"38.157794, -121.520223",38.157794,-121.520223,Male,No,No,No,6,Yes,No,Fiber optic,No,Yes,No,No,No,Yes,Month-to-month,Yes,Electronic check,84.4,556.35,Yes,1,77,4539,Service dissatisfaction,1,92.72500000000001,0-6 months,Yes,3
5277-ZLOOR,1,United States,California,Applegate,95703,"38.983388, -120.988814",38.983388,-120.988814,Female,Yes,No,No,2,Yes,Yes,Fiber optic,No,No,No,No,Yes,No,Month-to-month,Yes,Electronic check,85.55,187.45,Yes,1,86,5512,Network reliability,1,93.725,0-6 months,Yes,3
6376-GAHQE,1,United States,California,Dutch Flat,95714,"39.197215, -120.83679",39.197215,-120.83679,Male,No,No,No,4,Yes,No,Fiber optic,No,No,No,No,Yes,No,Month-to-month,No,Electronic check,77.85,299.2,Yes,1,65,2140,Don't know,1,74.8,0-6 months,Yes,2
5052-PNLOS,1,United States,California,Echo Lake,95721,"38.851842, -120.076204",38.851842,-120.076204,Male,No,No,No,3,Yes,Yes,Fiber optic,No,Yes,Yes,No,Yes,Yes,Month-to-month,Yes,Bank transfer (automatic),105.35,323.25,Yes,1,65,3662,Don't know,1,107.75,0-6 months,Yes,6
6979-ZNSFF,1,United States,California,Pollock Pines,95726,"38.733908, -120.453416",38.733908,-120.453416,Female,No,No,No,8,Yes,Yes,Fiber optic,No,No,No,No,Yes,No,Month-to-month,Yes,Electronic check,87.05,762.1,Yes,1,69,2545,Price too high,1,95.2625,7-12 months,No,3
4248-HCETZ,1,United States,California,Sacramento,95814,"38.584505, -121.491956",38.584505,-121.491956,Male,Yes,Yes,No,30,Yes,No,Fiber optic,No,Yes,Yes,No,No,No,Month-to-month,Yes,Mailed check,79.65,2365.15,Yes,1,73,2174,Lack of self-service on Website,1,78.83833333333334,25-48 months,No,3
4822-NGOCH,1,United States,California,Sacramento,95831,"38.494832, -121.529447",38.494832,-121.529447,Female,No,No,No,13,Yes,Yes,Fiber optic,No,Yes,Yes,No,No,No,Month-to-month,Yes,Electronic check,84.45,1058.6,Yes,1,74,5801,Long distance charges,1,81.43076923076923,13-24 months,No,4
5307-DZCVC,1,United States,California,Sacramento,95835,"38.685069, -121.543709",38.685069,-121.543709,Female,Yes,Yes,No,32,Yes,Yes,Fiber optic,No,No,No,No,Yes,No,Month-to-month,Yes,Credit card (automatic),85.95,2628.6,Yes,1,74,2431,Extra data charges,1,82.14375,25-48 months,No,3
4803-AXVYP,1,United States,California,Butte City,95920,"39.449794, -121.936372",39.449794,-121.936372,Female,Yes,No,No,38,Yes,Yes,Fiber optic,No,No,No,Yes,Yes,Yes,Month-to-month,Yes,Electronic check,99.55,3734.25,Yes,1,100,3474,Service dissatisfaction,1,98.26973684210526,25-48 months,No,5
3884-HCSWG,1,United States,California,Camptonville,95922,"39.432127, -121.099287",39.432127,-121.099287,Female,No,No,No,17,Yes,No,Fiber optic,No,No,No,No,No,No,Month-to-month,Yes,Electronic check,70.0,1144.5,Yes,1,70,4390,Lack of self-service on Website,1,67.32352941176471,13-24 months,No,1
5649-ANRML,1,United States,California,Clipper Mills,95930,"39.562239, -121.14836",39.562239,-121.14836,Male,Yes,No,No,2,Yes,No,Fiber optic,No,Yes,Yes,Yes,No,Yes,Month-to-month,Yes,Credit card (automatic),95.1,180.25,Yes,1,90,4486,Don't know,1,90.125,0-6 months,Yes,5
2919-HBCJO,1,United States,California,Downieville,95936,"39.578792, -120.780786",39.578792,-120.780786,Female,No,No,No,4,Yes,No,Fiber optic,No,Yes,No,No,No,No,Month-to-month,Yes,Bank transfer (automatic),76.65,333.6,Yes,1,97,4580,Moved,1,83.4,0-6 months,Yes,2
4236-XPXAV,1,United States,California,Dunnigan,95937,"38.931425, -121.946081",38.931425,-121.946081,Female,No,Yes,No,5,Yes,No,Fiber optic,No,Yes,No,Yes,Yes,Yes,Month-to-month,Yes,Mailed check,99.15,465.05,Yes,1,74,2283,Moved,1,93.01,0-6 months,Yes,5
8393-DLHGA,1,United States,California,Palermo,95968,"39.435756, -121.552071",39.435756,-121.552071,Male,No,No,No,25,Yes,No,Fiber optic,No,Yes,No,No,Yes,Yes,Month-to-month,Yes,Electronic check,95.9,2448.75,Yes,1,68,2241,Competitor offered more data,1,97.95,25-48 months,No,4
7395-IGJOS,1,United States,California,Quincy,95971,"39.971228, -121.041166",39.971228,-121.041166,Male,Yes,Yes,No,17,Yes,No,Fiber optic,No,No,No,No,No,Yes,Month-to-month,No,Bank transfer (automatic),81.5,1329.2,Yes,1,79,3443,Competitor made better offer,1,78.18823529411765,13-24 months,No,2
2834-SPCJV,1,United States,California,Rough And Ready,95975,"39.225634, -121.156163",39.225634,-121.156163,Male,No,Yes,No,52,Yes,No,Fiber optic,Yes,No,No,No,Yes,No,Month-to-month,No,Electronic check,84.1,4348.65,Yes,1,75,6216,Competitor had better devices,1,83.6278846153846,49+ months,No,3
0895-DQHEW,1,United States,California,Burney,96013,"40.946785, -121.719489",40.946785,-121.719489,Male,No,Yes,No,54,Yes,Yes,Fiber optic,No,Yes,Yes,No,Yes,Yes,Month-to-month,Yes,Electronic check,104.3,5278.15,Yes,1,77,4019,Competitor offered more data,1,97.74351851851851,49+ months,No,6
8149-RSOUN,1,United States,California,Dorris,96023,"41.949216, -122.050062",41.949216,-122.050062,Female,No,No,No,1,Yes,Yes,Fiber optic,No,No,No,No,Yes,Yes,Month-to-month,Yes,Electronic check,93.85,93.85,Yes,1,78,3014,Competitor offered more data,1,93.85,0-6 months,Yes,4
5519-NPHVG,1,United States,California,Klamath River,96050,"41.816595, -122.948287",41.816595,-122.948287,Female,No,No,No,12,Yes,Yes,Fiber optic,No,No,No,No,Yes,Yes,Month-to-month,Yes,Electronic check,94.2,1046.1,Yes,1,73,3975,Price too high,1,87.175,7-12 months,No,4
0461-CVKMU,1,United States,California,Oak Run,96069,"40.689243, -122.037023",40.689243,-122.037023,Female,No,Yes,No,23,Yes,No,Fiber optic,No,Yes,Yes,Yes,No,No,Month-to-month,No,Electronic check,83.8,1900.25,Yes,1,80,5737,Lack of self-service on Website,1,82.6195652173913,13-24 months,No,4
7779-LGOVN,1,United States,California,Paskenta,96074,"39.884395, -122.587513",39.884395,-122.587513,Male,Yes,Yes,No,10,Yes,Yes,Fiber optic,No,No,No,No,No,Yes,Month-to-month,Yes,Electronic check,86.65,856.65,Yes,1,84,4990,Limited range of services,1,85.66499999999999,7-12 months,No,3
9710-ZUSHQ,1,United States,California,Red Bluff,96080,"40.186772, -122.388361",40.186772,-122.388361,Female,Yes,No,No,37,Yes,Yes,Fiber optic,Yes,Yes,No,No,Yes,Yes,Month-to-month,Yes,Bank transfer (automatic),106.75,4056.75,Yes,1,92,5849,Lack of affordable download/upload speed,1,109.64189189189189,25-48 months,No,6
4183-WCSEP,1,United States,California,Weaverville,96093,"40.759401, -122.939337",40.759401,-122.939337,Male,No,No,No,31,Yes,No,Fiber optic,No,Yes,No,Yes,No,No,Month-to-month,Yes,Electronic check,78.45,2435.15,Yes,1,72,3091,Long distance charges,1,78.55322580645162,25-48 months,No,3
5498-TXHLF,1,United States,California,Whitmore,96096,"40.637105, -121.906949",40.637105,-121.906949,Female,No,Yes,No,34,Yes,Yes,Fiber optic,No,No,Yes,No,Yes,No,Month-to-month,No,Electronic check,87.45,2874.15,Yes,1,98,3358,Extra data charges,1,84.53382352941176,25-48 months,No,4
9722-UJOJR,1,United States,California,Blairsden Graeagle,96103,"39.783747, -120.661032",39.783747,-120.661032,Male,No,Yes,No,29,Yes,No,Fiber optic,No,No,No,No,No,No,Month-to-month,Yes,Electronic check,70.75,1974.8,Yes,1,73,2663,Price too high,1,68.09655172413792,25-48 months,No,1
3902-FOIGH,1,United States,California,Doyle,96109,"40.012675, -120.101857",40.012675,-120.101857,Male,Yes,Yes,No,12,Yes,Yes,Fiber optic,No,Yes,No,No,Yes,Yes,Month-to-month,Yes,Electronic check,101.35,1218.55,Yes,1,68,3967,Product dissatisfaction,1,101.54583333333333,7-12 months,No,5
6772-KSATR,1,United States,California,Eagleville,96110,"41.280341, -120.150381",41.280341,-120.150381,Male,No,No,No,1,Yes,Yes,Fiber optic,Yes,No,No,No,No,No,Month-to-month,Yes,Electronic check,81.7,81.7,Yes,1,83,5574,Service dissatisfaction,1,81.7,0-6 months,Yes,3
7112-OPOTK,1,United States,California,Fort Bidwell,96112,"41.932207, -120.135941",41.932207,-120.135941,Male,No,No,No,33,Yes,No,Fiber optic,No,No,No,No,No,No,Month-to-month,No,Electronic check,68.25,2171.15,Yes,1,100,5647,Lack of self-service on Website,1,65.79242424242425,25-48 months,No,1
4210-QFJMF,1,United States,California,Lake City,96115,"41.729079, -120.225025",41.729079,-120.225025,Female,No,No,No,4,Yes,No,Fiber optic,No,No,No,No,No,Yes,Month-to-month,Yes,Electronic check,79.15,317.25,Yes,1,68,5762,Network reliability,1,79.3125,0-6 months,Yes,2
3318-OSATS,1,United States,California,Sierra City,96125,"39.600599, -120.636358",39.600599,-120.636358,Male,Yes,No,No,35,Yes,Yes,Fiber optic,No,No,No,No,Yes,Yes,Month-to-month,Yes,Electronic check,95.45,3474.05,Yes,1,91,2080,Don't know,1,99.25857142857143,25-48 months,No,4
1086-LXKFY,1,United States,California,Westwood,96137,"40.271535, -121.018087",40.271535,-121.018087,Female,No,Yes,No,1,Yes,No,Fiber optic,No,No,No,No,No,No,Month-to-month,Yes,Mailed check,69.1,69.1,Yes,1,92,4779,Don't know,1,69.1,0-6 months,Yes,1
2636-ALXXZ,1,United States,California,Tahoe Vista,96148,"39.24124, -120.054765",39.24124,-120.054765,Female,Yes,No,No,1,Yes,No,Fiber optic,No,No,No,No,No,No,Month-to-month,Yes,Electronic check,69.6,69.6,Yes,1,74,2151,Poor expertise of online support,1,69.6,0-6 months,Yes,1
7786-WBJYI,1,United States,California,Truckee,96161,"39.342498, -120.247127",39.342498,-120.247127,Female,No,No,No,4,Yes,Yes,Fiber optic,No,Yes,No,No,No,No,Month-to-month,No,Bank transfer (automatic),77.95,305.55,Yes,1,89,5365,Price too high,1,76.3875,0-6 months,Yes,3
9885-CSMWE,1,United States,California,Los Angeles,90007,"34.027337, -118.28515",34.027337,-118.28515,Female,Yes,No,No,1,Yes,No,Fiber optic,No,No,No,No,Yes,No,Month-to-month,No,Electronic check,78.45,78.45,Yes,1,67,2139,Product dissatisfaction,1,78.45,0-6 months,Yes,2
8058-JMEQO,1,United States,California,Los Angeles,90020,"34.066367, -118.309868",34.066367,-118.309868,Female,Yes,No,No,9,Yes,Yes,Fiber optic,No,No,No,No,No,Yes,Month-to-month,Yes,Electronic check,84.45,762.5,Yes,1,95,3543,Network reliability,1,84.72222222222223,7-12 months,No,3
0697-ZMSWS,1,United States,California,Los Angeles,90023,"34.017697, -118.200577",34.017697,-118.200577,Male,No,No,No,4,Yes,Yes,Fiber optic,No,No,No,No,No,Yes,Month-to-month,Yes,Electronic check,85.65,338.9,Yes,1,87,2330,Limited range of services,1,84.725,0-6 months,Yes,3
8276-MQBYC,1,United States,California,Los Angeles,90028,"34.099869, -118.326843",34.099869,-118.326843,Male,Yes,No,No,51,Yes,Yes,Fiber optic,No,No,Yes,No,Yes,Yes,Month-to-month,Yes,Electronic check,97.8,4913.3,Yes,1,81,6204,Long distance charges,1,96.33921568627451,49+ months,No,5
0337-CNPZE,1,United States,California,Los Angeles,90033,"34.050198, -118.210946",34.050198,-118.210946,Female,No,No,No,41,Yes,Yes,Fiber optic,No,Yes,Yes,No,Yes,Yes,Month-to-month,Yes,Electronic check,106.3,4443.45,Yes,1,85,5383,Price too high,1,108.37682926829268,25-48 months,No,6
1513-XNPPH,1,United States,California,Los Angeles,90037,"34.002642, -118.287596",34.002642,-118.287596,Female,No,No,No,12,Yes,No,Fiber optic,No,No,Yes,Yes,No,Yes,Month-to-month,Yes,Electronic check,89.4,1095.65,Yes,1,79,5047,Product dissatisfaction,1,91.30416666666667,7-12 months,No,4
6015-VVHHE,1,United States,California,Los Angeles,90039,"34.110845, -118.259595",34.110845,-118.259595,Female,Yes,No,No,5,Yes,Yes,Fiber optic,No,No,No,No,Yes,No,Month-to-month,Yes,Credit card (automatic),83.15,446.05,Yes,1,96,2516,Service dissatisfaction,1,89.21000000000001,0-6 months,Yes,3
6347-DCUIK,1,United States,California,Los Angeles,90043,"33.988543, -118.334081",33.988543,-118.334081,Male,No,No,No,10,Yes,Yes,Fiber optic,No,No,No,No,No,No,Month-to-month,Yes,Mailed check,74.15,811.8,Yes,1,90,4231,Lack of self-service on Website,1,81.17999999999999,7-12 months,No,2
0897-FEGMU,1,United States,California,Los Angeles,90048,"34.072945, -118.37267",34.072945,-118.37267,Female,No,Yes,No,11,Yes,Yes,Fiber optic,No,No,Yes,No,Yes,Yes,Month-to-month,Yes,Electronic check,99.5,1056.95,Yes,1,84,5286,Network reliability,1,96.08636363636364,7-12 months,No,5
9124-LHCJQ,1,United States,California,Los Angeles,90057,"34.061918, -118.277939",34.061918,-118.277939,Female,No,No,No,1,Yes,Yes,Fiber optic,No,No,No,No,No,Yes,Month-to-month,Yes,Mailed check,85.45,85.45,Yes,1,100,2318,Price too high,1,85.45,0-6 months,Yes,3
0689-NKYLF,1,United States,California,Los Angeles,90066,"34.002028, -118.430656",34.002028,-118.430656,Male,No,No,No,13,Yes,No,Fiber optic,No,No,Yes,No,Yes,No,Month-to-month,Yes,Electronic check,83.2,1060.6,Yes,1,86,4028,Lack of self-service on Website,1,81.58461538461538,13-24 months,No,3
5519-YLDGW,1,United States,California,Los Angeles,90071,"34.052917, -118.255178",34.052917,-118.255178,Female,No,Yes,No,21,Yes,Yes,Fiber optic,Yes,No,Yes,No,Yes,Yes,Month-to-month,Yes,Electronic check,103.9,2254.2,Yes,1,91,3769,Limited range of services,1,107.34285714285713,13-24 months,No,6
2516-VQRRV,1,United States,California,Culver City,90230,"33.993991, -118.39704",33.993991,-118.39704,Female,Yes,No,No,2,Yes,Yes,Fiber optic,No,No,No,No,No,No,Month-to-month,Yes,Mailed check,75.45,158.4,Yes,1,65,3350,Long distance charges,1,79.2,0-6 months,Yes,2
5178-LMXOP,1,United States,California,Gardena,90248,"33.876482, -118.284077",33.876482,-118.284077,Male,Yes,Yes,No,1,Yes,Yes,Fiber optic,No,No,No,No,Yes,Yes,Month-to-month,Yes,Electronic check,95.1,95.1,Yes,1,70,5795,Price too high,1,95.1,0-6 months,Yes,4
8185-UPYBR,1,United States,California,Hermosa Beach,90254,"33.86532, -118.396336",33.86532,-118.396336,Male,No,Yes,No,6,Yes,Yes,Fiber optic,No,No,No,No,No,No,Month-to-month,Yes,Electronic check,75.5,438.0,Yes,1,88,5838,Product dissatisfaction,1,73.0,0-6 months,Yes,2
4585-HETAI,1,United States,California,Huntington Park,90255,"33.97803, -118.217141",33.97803,-118.217141,Female,No,Yes,No,4,Yes,No,Fiber optic,No,No,Yes,No,No,No,Month-to-month,Yes,Electronic check,73.75,325.45,Yes,1,83,5026,Service dissatisfaction,1,81.3625,0-6 months,Yes,2
7526-BEZQB,1,United States,California,Lawndale,90260,"33.88856, -118.351813",33.88856,-118.351813,Male,No,No,No,12,Yes,Yes,Fiber optic,No,No,No,No,Yes,Yes,Month-to-month,Yes,Electronic check,96.05,1148.1,Yes,1,89,2577,Lack of self-service on Website,1,95.675,7-12 months,No,4
4951-UKAAQ,1,United States,California,Inglewood,90302,"33.975332, -118.355252",33.975332,-118.355252,Female,No,No,No,4,Yes,Yes,Fiber optic,No,Yes,No,No,No,Yes,Month-to-month,Yes,Electronic check,88.95,355.2,Yes,1,72,5948,Network reliability,1,88.8,0-6 months,Yes,4
7056-IMHCC,1,United States,California,Torrance,90501,"33.833699, -118.314387",33.833699,-118.314387,Male,Yes,Yes,No,53,Yes,Yes,Fiber optic,No,Yes,No,No,Yes,Yes,Month-to-month,Yes,Electronic check,101.9,5549.4,Yes,1,94,5884,Price too high,1,104.70566037735848,49+ months,No,5
4112-LUEIZ,1,United States,California,La Palma,90623,"33.850504, -118.039892",33.850504,-118.039892,Male,No,No,No,10,Yes,No,Fiber optic,No,No,No,No,Yes,Yes,Month-to-month,Yes,Electronic check,89.5,863.1,Yes,1,84,4206,Lack of self-service on Website,1,86.31,7-12 months,No,3
4510-HIMLV,1,United States,California,La Habra,90631,"33.940619, -117.9513",33.940619,-117.9513,Male,No,No,No,1,Yes,No,Fiber optic,No,No,No,No,No,No,Month-to-month,Yes,Electronic check,69.8,69.8,Yes,1,90,4154,Network reliability,1,69.8,0-6 months,Yes,1
8749-JMNKX,1,United States,California,Montebello,90640,"34.015217, -118.109962",34.015217,-118.109962,Male,Yes,Yes,No,51,Yes,Yes,Fiber optic,Yes,No,Yes,No,Yes,No,Month-to-month,Yes,Bank transfer (automatic),93.8,4750.95,Yes,1,83,4788,Limited range of services,1,93.15588235294118,49+ months,No,5
2430-USGXP,1,United States,California,Santa Fe Springs,90670,"33.933565, -118.062611",33.933565,-118.062611,Male,No,Yes,No,24,Yes,Yes,Fiber optic,No,No,Yes,No,Yes,Yes,Month-to-month,Yes,Electronic check,101.05,2391.8,Yes,1,66,4766,Lack of affordable download/upload speed,1,99.65833333333335,13-24 months,No,5
5955-ERIHD,1,United States,California,Lakewood,90712,"33.840524, -118.148403",33.840524,-118.148403,Male,No,Yes,No,18,Yes,Yes,Fiber optic,No,No,No,No,Yes,Yes,Month-to-month,Yes,Electronic check,94.7,1687.95,Yes,1,72,2206,Long distance charges,1,93.775,13-24 months,No,4
7274-RTAPZ,1,United States,California,Long Beach,90804,"33.783047, -118.1486",33.783047,-118.1486,Male,No,No,No,1,Yes,No,Fiber optic,No,No,No,No,Yes,Yes,Month-to-month,Yes,Electronic check,90.55,90.55,Yes,1,89,3898,Product dissatisfaction,1,90.55,0-6 months,Yes,3
0311-UNPFF,1,United States,California,Long Beach,90807,"33.830099, -118.182239",33.830099,-118.182239,Female,No,No,No,26,Yes,No,Fiber optic,No,No,No,No,Yes,Yes,Month-to-month,Yes,Bank transfer (automatic),88.8,2274.35,Yes,1,82,4910,Service dissatisfaction,1,87.475,25-48 months,No,3
3834-XUIFC,1,United States,California,Long Beach,90814,"33.771612, -118.143866",33.771612,-118.143866,Male,No,No,No,7,Yes,Yes,Fiber optic,No,No,No,No,No,Yes,Month-to-month,Yes,Mailed check,85.2,602.55,Yes,1,86,3905,Lack of self-service on Website,1,86.07857142857142,7-12 months,No,3
8414-MYSHR,1,United States,California,Arcadia,91007,"34.128284, -118.047732",34.128284,-118.047732,Male,Yes,No,No,5,Yes,No,Fiber optic,No,No,No,No,Yes,Yes,Month-to-month,Yes,Electronic check,91.4,449.75,Yes,1,78,2834,Network reliability,1,89.95,0-6 months,Yes,3
7599-FKVXZ,1,United States,California,South Pasadena,91030,"34.110444, -118.156957",34.110444,-118.156957,Male,No,Yes,No,42,Yes,Yes,Fiber optic,No,No,Yes,Yes,Yes,Yes,Month-to-month,Yes,Bank transfer (automatic),106.15,4512.7,Yes,1,93,2265,Don't know,1,107.4452380952381,25-48 months,No,6
6221-AVQYL,1,United States,California,Glendale,91203,"34.153338, -118.262974",34.153338,-118.262974,Male,No,No,No,2,Yes,Yes,Fiber optic,No,No,No,No,No,No,Month-to-month,Yes,Credit card (automatic),73.25,131.05,Yes,1,78,2919,Price too high,1,65.525,0-6 months,Yes,2
5569-KGJHX,1,United States,California,Canoga Park,91303,"34.19829, -118.602203",34.19829,-118.602203,Female,No,Yes,No,9,Yes,Yes,Fiber optic,No,No,No,No,Yes,No,Month-to-month,Yes,Bank transfer (automatic),85.35,754.65,Yes,1,95,2445,Service dissatisfaction,1,83.85,7-12 months,No,3
4988-IQIGL,1,United States,California,Canoga Park,91304,"34.224377, -118.632656",34.224377,-118.632656,Male,Yes,No,No,1,Yes,Yes,Fiber optic,No,No,No,No,No,No,Month-to-month,Yes,Electronic check,75.35,75.35,Yes,1,92,4403,Lack of self-service on Website,1,75.35,0-6 months,Yes,2
7730-IUTDZ,1,United States,California,Chatsworth,91311,"34.294142, -118.603883",34.294142,-118.603883,Male,No,No,No,43,Yes,No,Fiber optic,Yes,No,No,No,No,No,Month-to-month,Yes,Electronic check,75.2,3198.6,Yes,1,68,4673,Network reliability,1,74.38604651162791,25-48 months,No,2
4706-AXVKM,1,United States,California,Stevenson Ranch,91381,"34.364153, -118.615583",34.364153,-118.615583,Female,Yes,No,No,11,Yes,Yes,Fiber optic,No,No,No,No,No,Yes,Month-to-month,Yes,Credit card (automatic),84.8,906.85,Yes,1,67,5118,Extra data charges,1,82.44090909090909,7-12 months,No,3
5889-JTMUL,1,United States,California,Castaic,91384,"34.506627, -118.699048",34.506627,-118.699048,Female,Yes,Yes,No,50,Yes,Yes,Fiber optic,No,Yes,Yes,No,Yes,No,Month-to-month,Yes,Electronic check,95.05,4888.7,Yes,1,92,5863,Price too high,1,97.774,49+ months,No,5
3746-EUBYR,1,United States,California,Panorama City,91402,"34.223768, -118.445461",34.223768,-118.445461,Male,No,Yes,No,1,Yes,Yes,Fiber optic,No,No,No,No,No,No,Month-to-month,Yes,Bank transfer (automatic),74.6,74.6,Yes,1,75,5861,Service dissatisfaction,1,74.6,0-6 months,Yes,2
8914-RBTSB,1,United States,California,Valley Village,91607,"34.165783, -118.399795",34.165783,-118.399795,Male,No,Yes,No,31,Yes,Yes,Fiber optic,No,Yes,Yes,No,Yes,No,Month-to-month,No,Electronic check,93.8,3019.5,Yes,1,79,4115,Don't know,1,97.40322580645162,25-48 months,No,5
0963-ZBDRN,1,United States,California,Claremont,91711,"34.127621, -117.717863",34.127621,-117.717863,Male,No,No,No,32,Yes,No,Fiber optic,No,No,No,Yes,Yes,Yes,Month-to-month,Yes,Electronic check,96.2,3183.4,Yes,1,93,3606,Attitude of support person,1,99.48125,25-48 months,No,4
7594-RQHXR,1,United States,California,Covina,91722,"34.097345, -117.906736",34.097345,-117.906736,Female,No,No,No,1,Yes,No,Fiber optic,No,No,No,No,No,Yes,Month-to-month,Yes,Electronic check,79.6,79.6,Yes,1,94,3108,Deceased,1,79.6,0-6 months,Yes,2
6331-EWIEB,1,United States,California,El Monte,91731,"34.079934, -118.046695",34.079934,-118.046695,Male,No,No,No,20,Yes,Yes,Fiber optic,No,No,No,No,Yes,No,Month-to-month,Yes,Electronic check,85.25,1734.5,Yes,1,92,2414,Moved,1,86.725,13-24 months,No,3
5998-VVEJY,1,United States,California,Glendora,91741,"34.14649, -117.849815",34.14649,-117.849815,Male,No,No,No,26,Yes,Yes,Fiber optic,No,No,No,Yes,No,No,Month-to-month,Yes,Electronic check,80.5,2088.8,Yes,1,72,2729,Moved,1,80.33846153846154,25-48 months,No,3
1624-NALOJ,1,United States,California,La Puente,91744,"34.031441, -117.936436",34.031441,-117.936436,Male,Yes,No,No,5,Yes,Yes,Fiber optic,No,Yes,No,No,No,Yes,Month-to-month,Yes,Electronic check,89.8,502.6,Yes,1,88,2960,Moved,1,100.52000000000001,0-6 months,Yes,4
1670-SVOWZ,1,United States,California,Mira Loma,91752,"33.999992, -117.535395",33.999992,-117.535395,Female,No,Yes,No,14,Yes,No,Fiber optic,No,Yes,No,Yes,No,Yes,Month-to-month,Yes,Credit card (automatic),89.65,1208.35,Yes,1,98,2504,Competitor offered higher download speeds,1,86.31071428571428,13-24 months,No,4
6210-KBBPI,1,United States,California,West Covina,91790,"34.066964, -117.937007",34.066964,-117.937007,Male,Yes,No,No,9,Yes,Yes,Fiber optic,No,Yes,No,No,Yes,Yes,Month-to-month,Yes,Credit card (automatic),99.45,919.4,Yes,1,93,2313,Competitor had better devices,1,102.15555555555555,7-12 months,No,5
0133-BMFZO,1,United States,California,Alhambra,91803,"34.074736, -118.145959",34.074736,-118.145959,Female,No,No,No,2,Yes,No,Fiber optic,Yes,Yes,No,Yes,No,No,Month-to-month,Yes,Electronic check,86.25,181.65,Yes,1,94,3529,Competitor offered higher download speeds,1,90.825,0-6 months,Yes,4
9540-JYROE,1,United States,California,Bonita,91902,"32.67117, -117.00232",32.67117,-117.00232,Male,No,No,No,8,Yes,No,Fiber optic,No,No,No,No,No,No,Month-to-month,Yes,Mailed check,70.1,551.35,Yes,1,75,2899,Competitor offered higher download speeds,1,68.91875,7-12 months,No,1
2260-USTRB,1,United States,California,Campo,91906,"32.673483, -116.472863",32.673483,-116.472863,Female,Yes,No,No,2,Yes,No,Fiber optic,No,No,No,No,No,No,Month-to-month,Yes,Bank transfer (automatic),70.2,115.95,Yes,1,67,2767,Competitor offered more data,1,57.975,0-6 months,Yes,1
8623-TMRBY,1,United States,California,Chula Vista,91915,"32.605012, -116.97595",32.605012,-116.97595,Male,Yes,Yes,No,51,Yes,Yes,Fiber optic,No,Yes,Yes,No,No,No,Month-to-month,Yes,Electronic check,84.2,4146.05,Yes,1,74,6245,Competitor offered more data,1,81.29509803921569,49+ months,No,4
3208-YPIOE,1,United States,California,La Mesa,91942,"32.782501, -117.01611",32.782501,-117.01611,Male,No,No,No,39,Yes,Yes,Fiber optic,No,No,No,No,No,No,Month-to-month,No,Electronic check,75.25,3017.65,Yes,1,96,4696,Competitor made better offer,1,77.37564102564103,25-48 months,No,2
2612-RANWT,1,United States,California,Mount Laguna,91948,"32.830852, -116.444601",32.830852,-116.444601,Female,No,No,No,12,Yes,Yes,Fiber optic,No,No,Yes,No,Yes,Yes,Month-to-month,Yes,Bank transfer (automatic),100.15,1164.3,Yes,1,96,3682,Price too high,1,97.02499999999999,7-12 months,No,5
6900-PXRMS,1,United States,California,Spring Valley,91978,"32.730264, -116.950963",32.730264,-116.950963,Male,Yes,Yes,No,26,Yes,Yes,Fiber optic,No,Yes,Yes,No,Yes,Yes,Month-to-month,No,Electronic check,105.75,2710.25,Yes,1,100,3157,Product dissatisfaction,1,104.24038461538461,25-48 months,No,6
1771-OADNZ,1,United States,California,Pauma Valley,92061,"33.313828, -116.940501",33.313828,-116.940501,Male,Yes,Yes,No,29,Yes,Yes,Fiber optic,No,Yes,Yes,No,No,Yes,Month-to-month,Yes,Electronic check,95.9,2745.2,Yes,1,95,2151,Extra data charges,1,94.66206896551724,25-48 months,No,5
3194-ORPIK,1,United States,California,San Diego,92113,"32.697098, -117.116587",32.697098,-117.116587,Female,No,Yes,No,50,Yes,Yes,Fiber optic,No,No,No,No,Yes,No,Month-to-month,Yes,Bank transfer (automatic),84.4,4116.15,Yes,1,80,5135,Service dissatisfaction,1,82.323,49+ months,No,3
8816-VXNZD,1,United States,California,Coronado,92118,"32.68674, -117.186612",32.68674,-117.186612,Female,No,No,No,1,Yes,Yes,Fiber optic,No,No,No,No,No,No,Month-to-month,Yes,Electronic check,75.1,75.1,Yes,1,83,4335,Lack of self-service on Website,1,75.1,0-6 months,Yes,2
1723-HKXJQ,1,United States,California,San Diego,92120,"32.807867, -117.060993",32.807867,-117.060993,Male,No,No,No,42,Yes,Yes,Fiber optic,No,Yes,No,No,Yes,Yes,Month-to-month,Yes,Electronic check,101.75,4273.45,Yes,1,66,5545,Don't know,1,101.74880952380951,25-48 months,No,5
4433-JCGCG,1,United States,California,San Diego,92129,"32.961064, -117.134917",32.961064,-117.134917,Male,Yes,Yes,No,46,Yes,Yes,Fiber optic,No,No,Yes,No,Yes,Yes,Month-to-month,Yes,Electronic check,101.0,4680.05,Yes,1,88,2436,Poor expertise of phone support,1,101.74021739130436,25-48 months,No,5
3716-BDVDB,1,United States,California,San Diego,92130,"32.957195, -117.202542",32.957195,-117.202542,Male,No,No,No,1,Yes,No,Fiber optic,No,No,No,No,No,No,Month-to-month,Yes,Electronic check,69.1,69.1,Yes,1,82,5795,Competitor had better devices,1,69.1,0-6 months,Yes,1
5899-MQZZL,1,United States,California,San Ysidro,92173,"32.555828, -117.040073",32.555828,-117.040073,Female,No,No,No,13,Yes,Yes,Fiber optic,No,No,No,No,No,No,Month-to-month,Yes,Mailed check,75.0,999.45,Yes,1,68,2189,Competitor offered higher download speeds,1,76.88076923076923,13-24 months,No,2
9488-HGMJH,1,United States,California,Indian Wells,92210,"33.537646, -116.291089",33.537646,-116.291089,Female,Yes,No,No,1,Yes,No,Fiber optic,No,No,No,No,No,No,Month-to-month,Yes,Electronic check,71.15,71.15,Yes,1,85,5287,Competitor made better offer,1,71.15,0-6 months,Yes,1
4818-QIUFN,1,United States,California,Desert Hot Springs,92241,"33.832799, -116.250973",33.832799,-116.250973,Female,Yes,No,No,20,Yes,Yes,Fiber optic,Yes,No,No,No,No,No,Month-to-month,Yes,Electronic check,79.15,1520.9,Yes,1,95,4997,Competitor offered higher download speeds,1,76.045,13-24 months,No,3
6961-VCPMC,1,United States,California,North Palm Springs,92258,"33.906496, -116.569499",33.906496,-116.569499,Male,Yes,Yes,No,46,Yes,No,Fiber optic,No,No,No,No,No,Yes,Month-to-month,Yes,Electronic check,80.4,3605.2,Yes,1,75,4876,Competitor offered more data,1,78.37391304347825,25-48 months,No,2
6688-UZPWD,1,United States,California,Palm Springs,92262,"33.839989, -116.659215",33.839989,-116.659215,Female,No,Yes,No,11,Yes,Yes,Fiber optic,No,Yes,No,No,Yes,Yes,Month-to-month,Yes,Electronic check,102.0,1145.35,Yes,1,88,5750,Competitor offered more data,1,104.12272727272726,7-12 months,No,5
0968-GSIKN,1,United States,California,Thousand Palms,92276,"33.849263, -116.382778",33.849263,-116.382778,Female,No,No,No,1,Yes,No,Fiber optic,No,No,No,No,No,No,Month-to-month,Yes,Mailed check,70.8,70.8,Yes,1,73,3901,Competitor made better offer,1,70.8,0-6 months,Yes,1
1965-DDBWU,1,United States,California,Twentynine Palms,92277,"34.17211, -115.769773",34.17211,-115.769773,Male,No,No,No,16,Yes,Yes,Fiber optic,No,No,No,Yes,No,Yes,Month-to-month,Yes,Credit card (automatic),89.05,1448.6,Yes,1,87,5953,Competitor made better offer,1,90.5375,13-24 months,No,4
9057-SIHCH,1,United States,California,Twentynine Palms,92278,"34.457829, -116.139589",34.457829,-116.139589,Female,No,No,No,3,Yes,Yes,Fiber optic,No,No,No,No,Yes,Yes,Month-to-month,Yes,Electronic check,96.6,291.9,Yes,1,72,3260,Price too high,1,97.3,0-6 months,Yes,4
6771-XWBDM,1,United States,California,White Water,92282,"33.972293, -116.654195",33.972293,-116.654195,Female,No,Yes,No,57,Yes,Yes,Fiber optic,No,Yes,Yes,No,Yes,Yes,Month-to-month,Yes,Credit card (automatic),104.5,5921.35,Yes,1,80,4471,Product dissatisfaction,1,103.88333333333334,49+ months,No,6
2645-QTLMB,1,United States,California,Bloomington,92316,"34.059722, -117.39104",34.059722,-117.39104,Male,No,No,No,7,Yes,No,Fiber optic,No,Yes,No,No,Yes,Yes,Month-to-month,Yes,Electronic check,94.25,669.0,Yes,1,99,5267,Network reliability,1,95.57142857142857,7-12 months,No,4
4806-HIPDW,1,United States,California,Calimesa,92320,"33.982787, -117.057627",33.982787,-117.057627,Female,No,Yes,No,1,Yes,No,Fiber optic,No,No,No,No,No,No,Month-to-month,Yes,Electronic check,68.95,68.95,Yes,1,75,5644,Limited range of services,1,68.95,0-6 months,Yes,1
4424-TKOPW,1,United States,California,Crestline,92325,"34.248061, -117.29028",34.248061,-117.29028,Male,Yes,No,No,2,Yes,Yes,Fiber optic,No,No,No,No,Yes,Yes,Month-to-month,Yes,Electronic check,93.85,196.75,Yes,1,70,4998,Lack of affordable download/upload speed,1,98.375,0-6 months,Yes,4
8443-ZRDBZ,1,United States,California,Fontana,92336,"34.136367, -117.460803",34.136367,-117.460803,Male,No,No,No,4,Yes,Yes,Fiber optic,No,No,No,No,No,No,Month-to-month,Yes,Electronic check,76.05,318.9,Yes,1,75,3685,Long distance charges,1,79.725,0-6 months,Yes,2
7479-NITWS,1,United States,California,Green Valley Lake,92341,"34.244411, -117.072654",34.244411,-117.072654,Male,No,No,No,7,Yes,Yes,Fiber optic,No,No,Yes,No,Yes,No,Month-to-month,Yes,Credit card (automatic),89.35,631.85,Yes,1,91,4154,Price too high,1,90.26428571428572,7-12 months,No,4
2959-MJHIC,1,United States,California,Hinkley,92347,"34.983808, -117.239306",34.983808,-117.239306,Male,No,Yes,No,4,Yes,No,Fiber optic,No,No,No,No,Yes,No,Month-to-month,Yes,Electronic check,80.35,307.4,Yes,1,65,4167,Product dissatisfaction,1,76.85,0-6 months,Yes,2
5960-WPXQM,1,United States,California,Newberry Springs,92365,"34.89326, -116.505958",34.89326,-116.505958,Male,No,No,No,1,Yes,No,Fiber optic,No,No,No,No,Yes,No,Month-to-month,Yes,Electronic check,79.05,79.05,Yes,1,80,3555,Lack of self-service on Website,1,79.05,0-6 months,Yes,2
0684-AOSIH,1,United States,California,Oro Grande,92368,"34.647959, -117.296957",34.647959,-117.296957,Male,No,Yes,No,1,Yes,No,Fiber optic,Yes,No,No,No,Yes,Yes,Month-to-month,Yes,Electronic check,95.0,95.0,Yes,1,82,4489,Network reliability,1,95.0,0-6 months,Yes,4
1866-RZZQS,1,United States,California,Redlands,92373,"34.003243, -117.138286",34.003243,-117.138286,Male,Yes,No,No,41,Yes,Yes,Fiber optic,No,No,Yes,No,Yes,Yes,Month-to-month,Yes,Electronic check,98.4,4187.75,Yes,1,100,2169,Competitor had better devices,1,102.14024390243902,25-48 months,No,5
4958-XCBDQ,1,United States,California,Victorville,92394,"34.567058, -117.362329",34.567058,-117.362329,Male,Yes,No,No,35,Yes,Yes,Fiber optic,No,No,Yes,No,Yes,Yes,Month-to-month,Yes,Electronic check,101.4,3496.3,Yes,1,92,3689,Competitor offered more data,1,99.89428571428572,25-48 months,No,5
8337-UPOAQ,1,United States,California,Wrightwood,92397,"34.358321, -117.618263",34.358321,-117.618263,Male,Yes,Yes,No,10,Yes,Yes,Fiber optic,No,No,Yes,No,No,Yes,Month-to-month,Yes,Electronic check,89.8,914.3,Yes,1,76,5124,Competitor made better offer,1,91.42999999999999,7-12 months,No,4
6712-OAWRH,1,United States,California,San Bernardino,92408,"34.084909, -117.258107",34.084909,-117.258107,Female,Yes,No,No,26,Yes,No,Fiber optic,No,No,No,No,Yes,Yes,Month-to-month,Yes,Electronic check,91.25,2351.8,Yes,1,76,5154,Competitor offered higher download speeds,1,90.45384615384616,25-48 months,No,3
5914-DVBWJ,1,United States,California,Riverside,92508,"33.885499, -117.324959",33.885499,-117.324959,Female,Yes,No,No,18,Yes,Yes,Fiber optic,No,Yes,No,Yes,No,No,Month-to-month,Yes,Electronic check,85.45,1505.85,Yes,1,99,5145,Competitor offered more data,1,83.65833333333333,13-24 months,No,4
8644-XLFBW,1,United States,California,Lake Elsinore,92532,"33.705836, -117.318204",33.705836,-117.318204,Male,Yes,No,No,1,Yes,No,Fiber optic,No,No,No,No,No,No,Month-to-month,Yes,Electronic check,71.65,71.65,Yes,1,84,5674,Competitor offered more data,1,71.65,0-6 months,Yes,1
8625-AZYZY,1,United States,California,Anza,92539,"33.527605, -116.666551",33.527605,-116.666551,Male,No,Yes,No,24,Yes,Yes,Fiber optic,No,Yes,Yes,No,Yes,Yes,Month-to-month,Yes,Electronic check,104.65,2542.45,Yes,1,72,4734,Competitor made better offer,1,105.93541666666665,13-24 months,No,6
9306-CPCBC,1,United States,California,Moreno Valley,92555,"33.907361, -117.109972",33.907361,-117.109972,Female,No,No,No,3,Yes,Yes,Fiber optic,No,No,No,No,No,No,Month-to-month,Yes,Electronic check,74.25,210.3,Yes,1,94,3207,Competitor made better offer,1,70.10000000000001,0-6 months,Yes,2
1833-VGRUM,1,United States,California,Perris,92570,"33.787298, -117.320676",33.787298,-117.320676,Female,Yes,No,No,1,Yes,Yes,Fiber optic,No,No,No,No,No,No,Month-to-month,Yes,Electronic check,74.2,74.2,Yes,1,71,4684,Price too high,1,74.2,0-6 months,Yes,2
8374-XGEJJ,1,United States,California,Temecula,92590,"33.475493, -117.219551",33.475493,-117.219551,Male,Yes,Yes,No,43,Yes,Yes,Fiber optic,No,Yes,No,No,Yes,Yes,Month-to-month,Yes,Electronic check,101.0,4388.4,Yes,1,87,3123,Product dissatisfaction,1,102.05581395348837,25-48 months,No,5
2656-TABEH,1,United States,California,Temecula,92591,"33.540604, -117.10909",33.540604,-117.10909,Male,No,Yes,No,4,Yes,Yes,Fiber optic,No,Yes,No,No,Yes,Yes,Month-to-month,Yes,Electronic check,100.2,420.2,Yes,1,82,2650,Service dissatisfaction,1,105.05,0-6 months,Yes,5
4039-HEUNW,1,United States,California,Irvine,92620,"33.716136, -117.752574",33.716136,-117.752574,Male,Yes,Yes,No,36,Yes,Yes,Fiber optic,No,Yes,No,No,Yes,Yes,Month-to-month,Yes,Electronic check,96.5,3436.1,Yes,1,82,4652,Lack of affordable download/upload speed,1,95.44722222222222,25-48 months,No,5
0812-WUPTB,1,United States,California,Corona Del Mar,92625,"33.600987, -117.862734",33.600987,-117.862734,Male,Yes,Yes,No,1,Yes,No,Fiber optic,No,No,No,No,No,No,Month-to-month,No,Mailed check,70.85,70.85,Yes,1,69,3022,Long distance charges,1,70.85,0-6 months,Yes,1
0004-TLHLJ,1,United States,California,Costa Mesa,92627,"33.645672, -117.922613",33.645672,-117.922613,Male,No,No,No,4,Yes,No,Fiber optic,No,No,Yes,No,No,No,Month-to-month,Yes,Electronic check,73.9,280.85,Yes,1,71,4479,Price too high,1,70.2125,0-6 months,Yes,2
4817-VYYWS,1,United States,California,Silverado,92676,"33.782346, -117.635263",33.782346,-117.635263,Female,No,No,No,30,Yes,Yes,Fiber optic,No,Yes,No,No,Yes,Yes,Month-to-month,Yes,Electronic check,100.2,2983.8,Yes,1,90,3598,Service dissatisfaction,1,99.46000000000001,25-48 months,No,5
1396-QWFBJ,1,United States,California,Rancho Santa Margarita,92688,"33.624654, -117.611733",33.624654,-117.611733,Female,No,Yes,No,21,Yes,No,Fiber optic,No,Yes,No,No,No,No,Month-to-month,Yes,Bank transfer (automatic),74.05,1565.7,Yes,1,91,5630,Lack of self-service on Website,1,74.55714285714286,13-24 months,No,2
5299-SJCZT,1,United States,California,Ladera Ranch,92694,"33.569186, -117.640055",33.569186,-117.640055,Male,No,No,No,3,Yes,Yes,Fiber optic,No,No,Yes,No,Yes,Yes,Month-to-month,Yes,Bank transfer (automatic),101.55,298.35,Yes,1,73,4480,Network reliability,1,99.45,0-6 months,Yes,5
4503-BDXBD,1,United States,California,Anaheim,92808,"33.850452, -117.726668",33.850452,-117.726668,Male,No,No,No,11,Yes,No,Fiber optic,No,Yes,No,No,No,No,Month-to-month,No,Electronic check,74.95,815.5,Yes,1,76,4251,Attitude of support person,1,74.13636363636364,7-12 months,No,2
6086-ESGRL,1,United States,California,Brea,92821,"33.930199, -117.862898",33.930199,-117.862898,Female,No,No,No,1,Yes,No,Fiber optic,No,No,No,No,No,Yes,Month-to-month,No,Credit card (automatic),80.15,80.15,Yes,1,72,3947,Attitude of support person,1,80.15,0-6 months,Yes,2
6372-RFVNS,1,United States,California,Placentia,92870,"33.881158, -117.854783",33.881158,-117.854783,Female,No,Yes,No,1,Yes,No,Fiber optic,No,No,No,No,Yes,No,Month-to-month,No,Electronic check,78.8,78.8,Yes,1,87,5075,Attitude of service provider,1,78.8,0-6 months,Yes,2
8938-UMKPI,1,United States,California,Corona,92882,"33.819385, -117.600213",33.819385,-117.600213,Female,No,No,No,47,Yes,Yes,Fiber optic,No,Yes,Yes,No,Yes,Yes,Month-to-month,Yes,Electronic check,106.4,5127.95,Yes,1,99,4804,Attitude of support person,1,109.10531914893616,25-48 months,No,6
3871-IKPYH,1,United States,California,Camarillo,93010,"34.227846, -119.079903",34.227846,-119.079903,Male,Yes,No,No,1,Yes,No,Fiber optic,No,No,No,No,No,No,Month-to-month,No,Electronic check,69.1,69.1,Yes,1,83,2767,Moved,1,69.1,0-6 months,Yes,1
6319-IEJWJ,1,United States,California,Camarillo,93012,"34.205504, -118.993111",34.205504,-118.993111,Male,No,Yes,No,20,Yes,No,Fiber optic,No,No,No,No,Yes,Yes,Month-to-month,Yes,Electronic check,90.2,1776.55,Yes,1,85,2058,Moved,1,88.8275,13-24 months,No,3
9025-AOMKI,1,United States,California,Carpinteria,93013,"34.441398, -119.513163",34.441398,-119.513163,Female,No,No,No,6,Yes,Yes,Fiber optic,No,No,No,No,Yes,Yes,Month-to-month,Yes,Bank transfer (automatic),93.55,536.4,Yes,1,71,5617,Moved,1,89.39999999999999,0-6 months,Yes,4
5275-SQEIZ,1,United States,California,Ojai,93023,"34.581308, -118.931948",34.581308,-118.931948,Male,No,No,No,1,Yes,No,Fiber optic,No,No,No,No,No,Yes,Month-to-month,Yes,Mailed check,80.85,80.85,Yes,1,77,3096,Competitor had better devices,1,80.85,0-6 months,Yes,2
1304-NECVQ,1,United States,California,Somis,93066,"34.297628, -119.014627",34.297628,-119.014627,Female,Yes,No,No,2,Yes,Yes,Fiber optic,No,No,Yes,No,No,No,Month-to-month,Yes,Electronic check,78.55,149.55,Yes,1,92,5203,Competitor made better offer,1,74.775,0-6 months,Yes,3
8945-GRKHX,1,United States,California,Santa Barbara,93110,"34.437945, -119.77191",34.437945,-119.77191,Female,No,No,No,1,Yes,No,Fiber optic,No,No,No,No,No,Yes,Month-to-month,No,Electronic check,78.65,78.65,Yes,1,81,2728,Competitor had better devices,1,78.65,0-6 months,Yes,2
5655-JSMZM,1,United States,California,Coalinga,93210,"36.186867, -120.387793",36.186867,-120.387793,Male,Yes,No,No,49,Yes,Yes,Fiber optic,No,No,No,No,Yes,Yes,Month-to-month,Yes,Electronic check,96.2,4718.25,Yes,1,74,5904,Competitor offered higher download speeds,1,96.29081632653062,49+ months,No,4
4505-EXZHB,1,United States,California,Ducor,93218,"35.846067, -119.004073",35.846067,-119.004073,Female,Yes,No,No,6,Yes,No,Fiber optic,No,No,Yes,No,No,No,Month-to-month,No,Electronic check,74.4,434.1,Yes,1,100,3964,Competitor offered more data,1,72.35000000000001,0-6 months,Yes,2
4587-VVTOX,1,United States,California,Frazier Park,93222,"34.907911, -119.234281",34.907911,-119.234281,Female,No,Yes,No,6,Yes,Yes,Fiber optic,No,Yes,Yes,No,Yes,Yes,Month-to-month,Yes,Electronic check,105.3,545.2,Yes,1,90,4163,Competitor offered more data,1,90.86666666666667,0-6 months,Yes,6
4652-NNHNY,1,United States,California,Fellows,93224,"35.215731, -119.57013",35.215731,-119.57013,Male,No,Yes,No,16,Yes,Yes,Fiber optic,No,No,No,No,No,No,Month-to-month,Yes,Bank transfer (automatic),73.85,1284.2,Yes,1,77,3226,Don't know,1,80.2625,13-24 months,No,2
8972-HJWNV,1,United States,California,Huron,93234,"36.217864, -120.080117",36.217864,-120.080117,Female,Yes,Yes,No,7,Yes,Yes,Fiber optic,No,No,No,No,No,Yes,Month-to-month,Yes,Electronic check,84.55,646.85,Yes,1,80,5245,Competitor made better offer,1,92.40714285714286,7-12 months,No,3
2860-RANUS,1,United States,California,Mc Kittrick,93251,"35.38381, -119.730885",35.38381,-119.730885,Female,Yes,No,No,20,Yes,Yes,Fiber optic,No,No,No,No,No,Yes,Month-to-month,Yes,Credit card (automatic),85.8,1727.5,Yes,1,75,3336,Price too high,1,86.375,13-24 months,No,3
8868-WOZGU,1,United States,California,Porterville,93257,"36.008958, -118.891593",36.008958,-118.891593,Male,No,No,No,28,Yes,Yes,Fiber optic,No,Yes,Yes,No,Yes,Yes,Month-to-month,Yes,Electronic check,105.7,2979.5,Yes,1,72,2464,Service dissatisfaction,1,106.41071428571429,25-48 months,No,6
7625-XCQRH,1,United States,California,Strathmore,93267,"36.141319, -119.129075",36.141319,-119.129075,Female,No,No,No,11,Yes,Yes,Fiber optic,No,No,No,No,No,No,Month-to-month,Yes,Electronic check,76.5,837.95,Yes,1,76,2291,Network reliability,1,76.17727272727274,7-12 months,No,2
1731-TVIUK,1,United States,California,Tipton,93272,"36.047414, -119.344304",36.047414,-119.344304,Female,No,No,No,4,Yes,Yes,Fiber optic,No,Yes,No,Yes,No,Yes,Month-to-month,Yes,Electronic check,93.5,362.2,Yes,1,73,4554,Limited range of services,1,90.55,0-6 months,Yes,5
0618-XWMSS,1,United States,California,Wasco,93280,"35.652242, -119.4464",35.652242,-119.4464,Male,No,No,No,28,Yes,No,Fiber optic,Yes,No,No,No,No,No,Month-to-month,Yes,Bank transfer (automatic),74.9,2068.55,Yes,1,98,5392,Long distance charges,1,73.87678571428572,25-48 months,No,2
5276-KQWHG,1,United States,California,Woody,93287,"35.710244, -118.881679",35.710244,-118.881679,Female,Yes,No,No,2,Yes,No,Fiber optic,No,No,No,No,No,No,Month-to-month,Yes,Electronic check,69.6,131.65,Yes,1,74,4596,Extra data charges,1,65.825,0-6 months,Yes,1
6615-NGGZJ,1,United States,California,Buellton,93427,"34.631362, -120.238218",34.631362,-120.238218,Male,No,No,No,14,Yes,Yes,Fiber optic,No,Yes,No,No,Yes,Yes,Month-to-month,Yes,Electronic check,100.55,1415.55,Yes,1,72,5224,Service dissatisfaction,1,101.11071428571428,13-24 months,No,5
2984-MIIZL,1,United States,California,Guadalupe,93434,"34.936, -120.594655",34.936,-120.594655,Male,No,No,No,4,Yes,No,Fiber optic,No,No,Yes,No,No,No,Month-to-month,Yes,Bank transfer (automatic),74.8,321.9,Yes,1,71,5882,Network reliability,1,80.475,0-6 months,Yes,2
3677-TNKIO,1,United States,California,Templeton,93465,"35.536115, -120.739231",35.536115,-120.739231,Female,No,No,No,14,Yes,No,Fiber optic,No,No,No,No,No,No,Month-to-month,Yes,Credit card (automatic),71.0,914.0,Yes,1,95,3228,Don't know,1,65.28571428571429,13-24 months,No,1
2873-ZLIWT,1,United States,California,Inyokern,93527,"36.041315, -118.188235",36.041315,-118.188235,Female,No,Yes,No,40,Yes,Yes,Fiber optic,No,No,Yes,Yes,No,No,Month-to-month,Yes,Electronic check,84.85,3303.05,Yes,1,99,5764,Poor expertise of phone support,1,82.57625,25-48 months,No,4
1915-IOFGU,1,United States,California,Keene,93531,"35.214982, -118.59049",35.214982,-118.59049,Female,No,No,No,1,Yes,No,Fiber optic,No,No,No,No,No,No,Month-to-month,No,Electronic check,70.5,70.5,Yes,1,90,4123,Competitor offered higher download speeds,1,70.5,0-6 months,Yes,1
3045-XETSH,1,United States,California,Lake Hughes,93532,"34.659579, -118.584212",34.659579,-118.584212,Female,No,No,No,10,Yes,Yes,Fiber optic,No,Yes,Yes,No,No,Yes,Month-to-month,Yes,Electronic check,94.85,953.45,Yes,1,97,3074,Competitor offered more data,1,95.345,7-12 months,No,5
0946-CLJTI,1,United States,California,Palmdale,93551,"34.613476, -118.256358",34.613476,-118.256358,Male,Yes,Yes,No,58,Yes,Yes,Fiber optic,No,No,Yes,No,Yes,Yes,Month-to-month,Yes,Electronic check,98.7,5812.6,Yes,1,91,4662,Competitor had better devices,1,100.21724137931035,49+ months,No,5
7665-TOALD,1,United States,California,Trona,93562,"35.74837, -117.384948",35.74837,-117.384948,Female,No,No,No,1,Yes,No,Fiber optic,No,No,No,No,No,No,Month-to-month,Yes,Electronic check,69.6,69.6,Yes,1,79,2412,Competitor offered higher download speeds,1,69.6,0-6 months,Yes,1
0324-BRPCJ,1,United States,California,Palmdale,93591,"34.598221, -117.79593",34.598221,-117.79593,Female,Yes,Yes,No,68,Yes,Yes,Fiber optic,No,Yes,No,No,Yes,Yes,Month-to-month,Yes,Electronic check,100.2,6851.65,Yes,1,70,4481,Competitor offered more data,1,100.7595588235294,49+ months,No,5
2777-PHDEI,1,United States,California,Ahwahnee,93601,"37.375816, -119.739935",37.375816,-119.739935,Female,No,No,No,1,Yes,No,Fiber optic,No,No,No,No,Yes,No,Month-to-month,No,Electronic check,78.05,78.05,Yes,1,98,3458,Competitor offered more data,1,78.05,0-6 months,Yes,2
1196-AMORA,1,United States,California,Big Creek,93605,"37.17277, -119.2997",37.17277,-119.2997,Male,No,No,No,7,Yes,Yes,Fiber optic,No,No,No,No,No,No,Month-to-month,No,Electronic check,73.6,520.0,Yes,1,87,2679,Competitor offered more data,1,74.28571428571429,7-12 months,No,2
4282-YMKNA,1,United States,California,Biola,93606,"36.798882, -120.019511",36.798882,-120.019511,Female,No,No,No,9,Yes,Yes,Fiber optic,No,No,No,No,No,No,Month-to-month,Yes,Electronic check,74.75,706.6,Yes,1,82,5003,Competitor made better offer,1,78.51111111111112,7-12 months,No,2
9189-JWSHV,1,United States,California,Helm,93627,"36.520537, -120.118055",36.520537,-120.118055,Female,Yes,Yes,No,24,Yes,Yes,Fiber optic,No,No,No,No,Yes,Yes,Month-to-month,Yes,Electronic check,93.55,2264.05,Yes,1,100,4937,Price too high,1,94.33541666666667,13-24 months,No,4
0576-WNXXC,1,United States,California,Parlier,93648,"36.622237, -119.521126",36.622237,-119.521126,Male,Yes,Yes,No,27,Yes,Yes,Fiber optic,No,Yes,Yes,No,No,Yes,Month-to-month,Yes,Electronic check,95.55,2510.2,Yes,1,75,2999,Service dissatisfaction,1,92.97037037037036,25-48 months,No,5
5597-GLBUC,1,United States,California,Squaw Valley,93675,"36.719141, -119.202677",36.719141,-119.202677,Female,No,No,No,1,Yes,No,Fiber optic,No,No,Yes,No,Yes,No,Month-to-month,Yes,Electronic check,85.45,85.45,Yes,1,95,4931,Lack of affordable download/upload speed,1,85.45,0-6 months,Yes,3
4822-YCXMX,1,United States,California,Fresno,93705,"36.78724, -119.827813",36.78724,-119.827813,Male,No,No,No,25,Yes,Yes,Fiber optic,No,No,No,No,No,Yes,Month-to-month,Yes,Electronic check,84.8,2043.45,Yes,1,70,4203,Extra data charges,1,81.738,25-48 months,No,3
9821-POOTN,1,United States,California,Fresno,93711,"36.833002, -119.82947",36.833002,-119.82947,Male,No,Yes,No,35,Yes,Yes,Fiber optic,No,No,No,No,No,No,Month-to-month,Yes,Electronic check,75.2,2576.2,Yes,1,94,4639,Price too high,1,73.60571428571428,25-48 months,No,2
4229-CZMLL,1,United States,California,Salinas,93901,"36.64152, -121.622188",36.64152,-121.622188,Male,No,No,No,6,Yes,Yes,Fiber optic,No,No,No,No,No,No,Month-to-month,Yes,Electronic check,74.9,469.8,Yes,1,87,4160,Service dissatisfaction,1,78.3,0-6 months,Yes,2
3663-MITLP,1,United States,California,Marina,93933,"36.689582, -121.758398",36.689582,-121.758398,Female,No,No,No,15,Yes,No,Fiber optic,No,Yes,Yes,No,Yes,Yes,Month-to-month,Yes,Electronic check,101.25,1457.25,Yes,1,85,3968,Lack of self-service on Website,1,97.15,13-24 months,No,5
4902-OHLSK,1,United States,California,Half Moon Bay,94019,"37.45567, -122.407992",37.45567,-122.407992,Female,Yes,No,No,29,Yes,Yes,Fiber optic,No,No,No,Yes,Yes,Yes,Month-to-month,No,Electronic check,98.65,2862.75,Yes,1,93,4235,Competitor offered higher download speeds,1,98.71551724137932,25-48 months,No,5
0495-ZBNGW,1,United States,California,Loma Mar,94021,"37.266388, -122.26308",37.266388,-122.26308,Male,Yes,Yes,No,5,Yes,Yes,Fiber optic,No,No,Yes,No,No,No,Month-to-month,Yes,Bank transfer (automatic),79.9,343.95,Yes,1,90,4324,Competitor offered more data,1,68.78999999999999,0-6 months,Yes,3
2357-COQEK,1,United States,California,Atherton,94027,"37.454924, -122.203168",37.454924,-122.203168,Female,Yes,No,No,28,Yes,Yes,Fiber optic,No,No,Yes,Yes,Yes,Yes,Month-to-month,Yes,Electronic check,103.3,2890.65,Yes,1,78,4136,Competitor made better offer,1,103.2375,25-48 months,No,6
3737-GCSPV,1,United States,California,Millbrae,94030,"37.601248, -122.403099",37.601248,-122.403099,Female,No,Yes,No,11,Yes,Yes,Fiber optic,Yes,No,No,Yes,Yes,No,Month-to-month,Yes,Credit card (automatic),96.2,1222.05,Yes,1,92,3101,Competitor had better devices,1,111.09545454545454,7-12 months,No,5
2034-CGRHZ,1,United States,California,San Francisco,94104,"37.791222, -122.402241",37.791222,-122.402241,Male,Yes,No,No,24,Yes,Yes,Fiber optic,No,Yes,Yes,No,Yes,Yes,Month-to-month,Yes,Credit card (automatic),102.95,2496.7,Yes,1,66,5245,Competitor offered higher download speeds,1,104.02916666666665,13-24 months,No,6
5797-APWZC,1,United States,California,San Francisco,94105,"37.789168, -122.395009",37.789168,-122.395009,Female,No,No,No,1,Yes,No,Fiber optic,No,No,No,No,Yes,Yes,Month-to-month,No,Electronic check,90.6,90.6,Yes,1,92,2540,Competitor offered higher download speeds,1,90.6,0-6 months,Yes,3
4228-ZGYUW,1,United States,California,San Francisco,94108,"37.791998, -122.408653",37.791998,-122.408653,Male,No,No,No,4,Yes,Yes,Fiber optic,No,Yes,No,No,No,Yes,Month-to-month,Yes,Electronic check,90.05,368.1,Yes,1,98,3212,Competitor offered more data,1,92.025,0-6 months,Yes,4
3519-ZKXGG,1,United States,California,San Francisco,94123,"37.800254, -122.436975",37.800254,-122.436975,Female,No,Yes,No,3,Yes,Yes,Fiber optic,No,No,No,No,No,No,Month-to-month,Yes,Electronic check,75.85,256.6,Yes,1,79,4062,Competitor offered more data,1,85.53333333333335,0-6 months,Yes,2
6416-TVAIH,1,United States,California,San Francisco,94127,"37.736535, -122.45732",37.736535,-122.45732,Male,No,Yes,No,1,Yes,No,Fiber optic,No,No,No,No,No,No,Month-to-month,Yes,Electronic check,68.5,68.5,Yes,1,89,5753,Competitor offered more data,1,68.5,0-6 months,Yes,1
5108-ADXWO,1,United States,California,San Francisco,94130,"37.820894, -122.369725",37.820894,-122.369725,Male,No,No,No,11,Yes,No,Fiber optic,Yes,No,No,No,No,No,Month-to-month,Yes,Electronic check,73.5,791.75,Yes,1,75,4509,Competitor made better offer,1,71.97727272727273,7-12 months,No,2
3066-RRJIO,1,United States,California,San Francisco,94132,"37.722302, -122.491129",37.722302,-122.491129,Female,No,No,No,1,Yes,No,Fiber optic,No,No,No,No,No,No,Month-to-month,Yes,Mailed check,69.95,69.95,Yes,1,65,5341,Competitor made better offer,1,69.95,0-6 months,Yes,1
1567-DSCIC,1,United States,California,San Mateo,94401,"37.590421, -122.306467",37.590421,-122.306467,Male,No,No,No,8,Yes,Yes,Fiber optic,No,Yes,Yes,No,Yes,No,Month-to-month,Yes,Electronic check,94.0,773.65,Yes,1,71,2632,Product dissatisfaction,1,96.70625,7-12 months,No,5
2683-BPJSO,1,United States,California,Byron,94514,"37.83323, -121.601461",37.83323,-121.601461,Male,No,Yes,No,29,Yes,Yes,Fiber optic,Yes,Yes,No,No,No,No,Month-to-month,Yes,Electronic check,84.45,2467.1,Yes,1,99,2651,Lack of self-service on Website,1,85.07241379310345,25-48 months,No,4
2632-UCGVD,1,United States,California,Fairfield,94533,"38.287136, -122.02711",38.287136,-122.02711,Male,Yes,Yes,No,66,Yes,Yes,Fiber optic,No,No,No,Yes,Yes,Yes,Month-to-month,Yes,Credit card (automatic),100.05,6871.9,Yes,1,72,4512,Extra data charges,1,104.11969696969696,49+ months,No,5
9170-CCKOU,1,United States,California,Fremont,94539,"37.516791, -121.899117",37.516791,-121.899117,Male,No,Yes,No,17,Yes,Yes,Fiber optic,Yes,Yes,Yes,No,No,No,Month-to-month,No,Credit card (automatic),90.2,1454.15,Yes,1,91,2026,Product dissatisfaction,1,85.53823529411765,13-24 months,No,5
3814-MLAXC,1,United States,California,Hayward,94545,"37.62984, -122.120843",37.62984,-122.120843,Female,No,No,No,31,Yes,Yes,Fiber optic,No,No,No,Yes,No,No,Month-to-month,Yes,Credit card (automatic),79.85,2404.15,Yes,1,67,2554,Lack of self-service on Website,1,77.55322580645162,25-48 months,No,3
5442-UTCVD,1,United States,California,Pittsburg,94565,"38.006047, -121.916834",38.006047,-121.916834,Male,No,No,No,3,Yes,Yes,Fiber optic,No,No,Yes,No,No,Yes,Month-to-month,No,Electronic check,91.85,257.05,Yes,1,91,2704,Attitude of service provider,1,85.68333333333334,0-6 months,Yes,4
2091-RFFBA,1,United States,California,Port Costa,94569,"38.035707, -122.196821",38.035707,-122.196821,Female,Yes,No,No,31,Yes,Yes,Fiber optic,No,No,No,No,No,No,Month-to-month,Yes,Electronic check,73.9,2217.15,Yes,1,75,2560,Attitude of support person,1,71.5209677419355,25-48 months,No,2
2114-MGINA,1,United States,California,Rio Vista,94571,"38.148862, -121.737696",38.148862,-121.737696,Female,No,No,No,14,Yes,No,Fiber optic,No,No,No,No,Yes,Yes,Month-to-month,Yes,Mailed check,89.8,1129.1,Yes,1,81,4107,Attitude of support person,1,80.64999999999999,13-24 months,No,3
6899-PPEEA,1,United States,California,Vallejo,94590,"38.104705, -122.247387",38.104705,-122.247387,Female,Yes,No,No,37,Yes,Yes,Fiber optic,No,No,No,No,Yes,Yes,Month-to-month,Yes,Electronic check,96.55,3580.3,Yes,1,81,4448,Attitude of service provider,1,96.76486486486488,25-48 months,No,4
4597-NUCQV,1,United States,California,Oakland,94601,"37.776523, -122.219268",37.776523,-122.219268,Male,Yes,No,No,24,Yes,Yes,Fiber optic,No,Yes,No,No,Yes,Yes,Month-to-month,Yes,Electronic check,101.25,2440.15,Yes,1,87,4287,Attitude of support person,1,101.67291666666667,13-24 months,No,5
9019-QVLZD,1,United States,California,Oakland,94602,"37.803883, -122.208417",37.803883,-122.208417,Female,No,No,No,1,Yes,No,Fiber optic,No,No,No,No,Yes,No,Month-to-month,No,Electronic check,79.55,79.55,Yes,1,81,5082,Competitor made better offer,1,79.55,0-6 months,Yes,2
1455-ESIQH,1,United States,California,Oakland,94619,"37.787186, -122.14633",37.787186,-122.14633,Male,No,No,No,1,Yes,No,Fiber optic,No,No,No,No,Yes,Yes,Month-to-month,Yes,Electronic check,89.1,89.1,Yes,1,79,2905,Moved,1,89.1,0-6 months,Yes,3
2979-SXESE,1,United States,California,Berkeley,94703,"37.863843, -122.275684",37.863843,-122.275684,Female,No,Yes,No,17,Yes,Yes,Fiber optic,Yes,No,Yes,No,Yes,No,Month-to-month,No,Electronic check,94.4,1607.2,Yes,1,66,4103,Moved,1,94.54117647058824,13-24 months,No,5
4013-TLDHQ,1,United States,California,Berkeley,94704,"37.871416, -122.246597",37.871416,-122.246597,Male,No,No,No,19,Yes,No,Fiber optic,No,Yes,Yes,No,No,No,Month-to-month,Yes,Electronic check,78.25,1490.95,Yes,1,72,3666,Competitor had better devices,1,78.47105263157896,13-24 months,No,3
7130-VTEWQ,1,United States,California,San Rafael,94903,"38.018065, -122.546024",38.018065,-122.546024,Female,Yes,No,No,8,Yes,Yes,Fiber optic,No,No,No,No,No,No,Month-to-month,Yes,Electronic check,75.75,606.25,Yes,1,92,4174,Competitor offered more data,1,75.78125,7-12 months,No,2
7903-CMPEY,1,United States,California,Corte Madera,94925,"37.924014, -122.511694",37.924014,-122.511694,Male,Yes,Yes,No,1,Yes,Yes,Fiber optic,Yes,No,No,No,No,No,Month-to-month,Yes,Electronic check,80.3,80.3,Yes,1,87,4138,Competitor had better devices,1,80.3,0-6 months,Yes,3
6996-KNSML,1,United States,California,Cotati,94931,"38.326215, -122.718742",38.326215,-122.718742,Female,No,No,No,1,Yes,No,Fiber optic,No,No,Yes,No,No,No,Month-to-month,Yes,Electronic check,74.9,74.9,Yes,1,73,5919,Competitor had better devices,1,74.9,0-6 months,Yes,2
1704-NRWYE,1,United States,California,Point Reyes Station,94956,"38.060264, -122.830646",38.060264,-122.830646,Female,Yes,No,No,9,Yes,No,Fiber optic,No,No,No,No,Yes,No,Month-to-month,Yes,Electronic check,80.85,751.65,Yes,1,71,5242,Competitor offered higher download speeds,1,83.51666666666667,7-12 months,No,2
7481-ATQQS,1,United States,California,Boulder Creek,95006,"37.171727, -122.142961",37.171727,-122.142961,Female,Yes,No,No,49,Yes,Yes,Fiber optic,No,No,Yes,No,No,Yes,Month-to-month,Yes,Credit card (automatic),90.85,4515.85,Yes,1,70,5651,Competitor offered higher download speeds,1,92.16020408163266,49+ months,No,4
8642-GVWRF,1,United States,California,Capitola,95010,"36.977025, -121.952864",36.977025,-121.952864,Female,No,Yes,No,2,Yes,No,Fiber optic,No,Yes,Yes,No,No,No,Month-to-month,No,Bank transfer (automatic),79.7,165.0,Yes,1,65,3039,Competitor offered more data,1,82.5,0-6 months,Yes,3
2057-ZBLPD,1,United States,California,Los Gatos,95032,"37.233034, -121.947427",37.233034,-121.947427,Female,No,Yes,No,21,Yes,Yes,Fiber optic,No,No,No,No,No,Yes,Month-to-month,Yes,Electronic check,86.5,1808.7,Yes,1,72,2036,Competitor offered more data,1,86.12857142857143,13-24 months,No,3
5502-RLUYV,1,United States,California,Milpitas,95035,"37.441931, -121.878502",37.441931,-121.878502,Female,No,Yes,No,69,Yes,Yes,Fiber optic,No,Yes,Yes,No,Yes,Yes,Month-to-month,Yes,Electronic check,103.95,7446.9,Yes,1,86,4283,Competitor made better offer,1,107.92608695652173,49+ months,No,6
8417-FMLZI,1,United States,California,Santa Cruz,95060,"36.993451, -122.098858",36.993451,-122.098858,Male,No,Yes,No,6,Yes,No,Fiber optic,No,Yes,No,No,No,Yes,Month-to-month,Yes,Credit card (automatic),83.55,477.55,Yes,1,91,4242,Product dissatisfaction,1,79.59166666666667,0-6 months,Yes,3
1792-UXAFY,1,United States,California,San Jose,95110,"37.34667, -121.910019",37.34667,-121.910019,Female,Yes,No,No,17,Yes,No,Fiber optic,No,Yes,Yes,No,Yes,No,Month-to-month,Yes,Electronic check,89.15,1496.9,Yes,1,89,5082,Service dissatisfaction,1,88.0529411764706,13-24 months,No,4
0515-YPMCW,1,United States,California,San Jose,95116,"37.350284, -121.852855",37.350284,-121.852855,Male,No,No,No,1,Yes,No,Fiber optic,No,No,No,No,No,No,Month-to-month,Yes,Mailed check,70.45,70.45,Yes,1,90,3525,Lack of self-service on Website,1,70.45,0-6 months,Yes,1
5449-FIBXJ,1,United States,California,San Jose,95127,"37.375156, -121.795867",37.375156,-121.795867,Male,No,Yes,No,19,Yes,Yes,Fiber optic,No,No,Yes,Yes,Yes,Yes,Month-to-month,No,Electronic check,103.3,2012.7,Yes,1,67,2349,Lack of affordable download/upload speed,1,105.93157894736842,13-24 months,No,6
9837-BMCLM,1,United States,California,Stockton,95202,"37.959706, -121.287669",37.959706,-121.287669,Male,No,No,No,3,Yes,No,Fiber optic,No,No,No,No,Yes,No,Month-to-month,Yes,Electronic check,78.5,242.05,Yes,1,71,3567,Long distance charges,1,80.68333333333334,0-6 months,Yes,2
6161-UUUTA,1,United States,California,Stockton,95206,"37.902422, -121.440029",37.902422,-121.440029,Male,Yes,No,No,3,Yes,No,Fiber optic,No,No,No,No,Yes,No,Month-to-month,Yes,Electronic check,79.9,260.9,Yes,1,97,4367,Price too high,1,86.96666666666665,0-6 months,Yes,2
6543-XRMYR,1,United States,California,Stockton,95209,"38.044523, -121.348048",38.044523,-121.348048,Female,Yes,No,No,30,Yes,Yes,Fiber optic,No,Yes,No,No,Yes,Yes,Month-to-month,Yes,Electronic check,99.7,2967.35,Yes,1,69,3548,Product dissatisfaction,1,98.91166666666666,25-48 months,No,5
1455-UGQVH,1,United States,California,Acampo,95220,"38.200231, -121.235034",38.200231,-121.235034,Male,No,Yes,No,10,Yes,Yes,Fiber optic,No,No,Yes,No,Yes,Yes,Month-to-month,Yes,Electronic check,98.5,1037.75,Yes,1,91,4501,Lack of self-service on Website,1,103.775,7-12 months,No,5
2037-SGXHH,1,United States,California,Campo Seco,95226,"38.233879, -120.861666",38.233879,-120.861666,Male,No,Yes,No,38,Yes,Yes,Fiber optic,No,Yes,Yes,No,Yes,No,Month-to-month,Yes,Electronic check,94.65,3624.3,Yes,1,71,3498,Don't know,1,95.3763157894737,25-48 months,No,5
3178-FESZO,1,United States,California,Clements,95227,"38.227285, -121.02789",38.227285,-121.02789,Female,No,No,No,1,Yes,Yes,Fiber optic,No,Yes,No,No,Yes,Yes,Month-to-month,Yes,Credit card (automatic),100.25,100.25,Yes,1,100,5797,Don't know,1,100.25,0-6 months,Yes,5
6087-MVHJH,1,United States,California,French Camp,95231,"37.873283, -121.292034",37.873283,-121.292034,Female,No,No,No,16,Yes,Yes,Fiber optic,No,No,Yes,No,No,Yes,Month-to-month,Yes,Electronic check,88.45,1422.1,Yes,1,88,5186,Don't know,1,88.88125,13-24 months,No,4
4603-JANFB,1,United States,California,Glencoe,95232,"38.358464, -120.579304",38.358464,-120.579304,Male,No,No,No,1,Yes,No,Fiber optic,No,No,No,No,No,No,Month-to-month,Yes,Electronic check,69.85,69.85,Yes,1,97,4548,Poor expertise of online support,1,69.85,0-6 months,Yes,1
3018-TFTSU,1,United States,California,Hathaway Pines,95233,"38.184914, -120.364085",38.184914,-120.364085,Male,No,No,No,12,Yes,No,Fiber optic,Yes,No,Yes,No,No,No,Month-to-month,No,Bank transfer (automatic),81.7,858.6,Yes,1,76,2850,Poor expertise of phone support,1,71.55,7-12 months,No,3
4806-KEXQR,1,United States,California,Lockeford,95237,"38.166791, -121.14207",38.166791,-121.14207,Male,No,No,No,4,Yes,No,Fiber optic,No,No,No,No,No,Yes,Month-to-month,Yes,Electronic check,79.9,324.3,Yes,1,77,4669,Competitor had better devices,1,81.075,0-6 months,Yes,2
2479-BRAMR,1,United States,California,Murphys,95247,"38.147852, -120.440124",38.147852,-120.440124,Male,Yes,Yes,No,41,Yes,Yes,Fiber optic,Yes,No,Yes,No,No,No,Month-to-month,Yes,Bank transfer (automatic),83.75,3273.55,Yes,1,71,4995,Competitor offered more data,1,79.84268292682927,25-48 months,No,4
7908-QCBCA,1,United States,California,Atwater,95301,"37.321233, -120.656354",37.321233,-120.656354,Female,No,Yes,No,1,Yes,No,Fiber optic,No,No,No,No,No,No,Month-to-month,Yes,Mailed check,69.4,69.4,Yes,1,65,2404,Competitor had better devices,1,69.4,0-6 months,Yes,1
6711-FLDFB,1,United States,California,Big Oak Flat,95305,"37.818589, -120.256995",37.818589,-120.256995,Female,No,No,No,7,Yes,Yes,Fiber optic,No,No,No,No,No,No,Month-to-month,Yes,Electronic check,74.9,541.15,Yes,1,68,5159,Competitor had better devices,1,77.30714285714285,7-12 months,No,2
3714-JTVOV,1,United States,California,Crows Landing,95313,"37.435664, -121.049056",37.435664,-121.049056,Female,Yes,Yes,No,42,Yes,No,Fiber optic,Yes,No,No,No,No,No,Month-to-month,Yes,Credit card (automatic),74.15,3229.4,Yes,1,94,2322,Competitor offered higher download speeds,1,76.89047619047619,25-48 months,No,2
4702-IOQDC,1,United States,California,Gustine,95322,"37.147198, -121.120161",37.147198,-121.120161,Female,No,No,No,1,Yes,No,Fiber optic,No,No,No,No,No,No,Month-to-month,Yes,Electronic check,70.1,70.1,Yes,1,100,2007,Competitor offered higher download speeds,1,70.1,0-6 months,Yes,1
6178-KFNHS,1,United States,California,Hughson,95326,"37.5923, -120.853288",37.5923,-120.853288,Female,No,No,No,12,Yes,Yes,Fiber optic,Yes,No,No,No,No,No,Month-to-month,Yes,Electronic check,78.3,909.25,Yes,1,98,3545,Competitor offered higher download speeds,1,75.77083333333333,7-12 months,No,3
1264-BYWMS,1,United States,California,La Grange,95329,"37.666587, -120.411517",37.666587,-120.411517,Male,No,No,No,55,Yes,Yes,Fiber optic,No,No,No,No,Yes,Yes,Month-to-month,Yes,Electronic check,96.8,5283.95,Yes,1,82,4089,Competitor offered more data,1,96.07181818181817,49+ months,No,4
9658-WYUFB,1,United States,California,Lathrop,95330,"37.80821, -121.308401",37.80821,-121.308401,Female,No,No,No,17,Yes,Yes,Fiber optic,Yes,Yes,No,No,Yes,No,Month-to-month,Yes,Electronic check,94.4,1617.5,Yes,1,66,2825,Competitor offered more data,1,95.1470588235294,13-24 months,No,5
2013-SGDXK,1,United States,California,Mariposa,95338,"37.526791, -119.99437",37.526791,-119.99437,Female,No,No,No,1,Yes,No,Fiber optic,No,Yes,No,No,Yes,No,Month-to-month,No,Electronic check,84.3,84.3,Yes,1,78,2172,Competitor offered more data,1,84.3,0-6 months,Yes,3
2012-NWRPA,1,United States,California,Modesto,95355,"37.672906, -120.946594",37.672906,-120.946594,Female,Yes,Yes,No,11,Yes,Yes,Fiber optic,No,No,Yes,No,Yes,Yes,Month-to-month,Yes,Electronic check,99.55,1131.2,Yes,1,71,3172,Competitor made better offer,1,102.83636363636364,7-12 months,No,5
8808-ELEHO,1,United States,California,Modesto,95356,"37.716186, -121.025836",37.716186,-121.025836,Male,Yes,No,No,8,Yes,Yes,Fiber optic,No,No,Yes,No,No,No,Month-to-month,Yes,Electronic check,81.25,585.95,Yes,1,72,3812,Price too high,1,73.24375,7-12 months,No,3
3934-HXCFZ,1,United States,California,Pinecrest,95364,"38.224869, -119.755729",38.224869,-119.755729,Male,No,Yes,No,23,Yes,Yes,Fiber optic,Yes,Yes,Yes,No,Yes,No,Month-to-month,Yes,Electronic check,99.25,2186.4,Yes,1,76,5338,Service dissatisfaction,1,95.0608695652174,13-24 months,No,6
4910-AQFFX,1,United States,California,Soulsbyville,95372,"37.990574, -120.261821",37.990574,-120.261821,Male,No,Yes,No,9,Yes,Yes,Fiber optic,No,No,Yes,No,No,No,Month-to-month,Yes,Bank transfer (automatic),79.35,661.25,Yes,1,93,4533,Network reliability,1,73.47222222222223,7-12 months,No,3
2154-KVJFF,1,United States,California,Stevinson,95374,"37.316807, -120.855753",37.316807,-120.855753,Female,No,No,No,15,Yes,Yes,Fiber optic,No,Yes,No,No,No,No,Month-to-month,Yes,Electronic check,79.75,1111.85,Yes,1,65,2813,Limited range of services,1,74.12333333333332,13-24 months,No,3
9647-ERGBE,1,United States,California,Turlock,95380,"37.474396, -120.875917",37.474396,-120.875917,Female,No,Yes,No,30,Yes,Yes,Fiber optic,No,No,Yes,No,Yes,Yes,Month-to-month,Yes,Electronic check,100.05,3046.15,Yes,1,100,4664,Lack of affordable download/upload speed,1,101.53833333333334,25-48 months,No,5
3428-XZMAZ,1,United States,California,Turlock,95382,"37.529656, -120.854357",37.529656,-120.854357,Male,No,No,No,1,Yes,No,Fiber optic,No,No,No,No,No,No,Month-to-month,Yes,Electronic check,69.35,69.35,Yes,1,91,5796,Long distance charges,1,69.35,0-6 months,Yes,1
0378-TOVMS,1,United States,California,Vernalis,95385,"37.609095, -121.263381",37.609095,-121.263381,Female,No,No,No,3,Yes,No,Fiber optic,No,No,No,Yes,No,Yes,Month-to-month,No,Electronic check,85.8,272.2,Yes,1,89,5641,Extra data charges,1,90.73333333333333,0-6 months,Yes,3
0318-QUUOB,1,United States,California,Santa Rosa,95403,"38.488431, -122.752839",38.488431,-122.752839,Male,No,Yes,No,1,Yes,No,Fiber optic,No,No,No,No,Yes,No,Month-to-month,Yes,Electronic check,80.55,80.55,Yes,1,91,4273,Service dissatisfaction,1,80.55,0-6 months,Yes,2
5520-FVEWJ,1,United States,California,Santa Rosa,95405,"38.439696, -122.668817",38.439696,-122.668817,Female,No,Yes,No,12,Yes,Yes,Fiber optic,No,Yes,Yes,No,No,No,Month-to-month,Yes,Electronic check,84.5,916.9,Yes,1,84,4154,Lack of self-service on Website,1,76.40833333333333,7-12 months,No,4
5572-ZDXHY,1,United States,California,Santa Rosa,95409,"38.468893, -122.580539",38.468893,-122.580539,Female,No,No,No,22,Yes,No,Fiber optic,No,Yes,No,No,No,Yes,Month-to-month,Yes,Mailed check,84.3,1855.65,Yes,1,85,5313,Network reliability,1,84.34772727272728,13-24 months,No,3
3750-CKVKH,1,United States,California,Clearlake Oaks,95423,"39.07116, -122.598542",39.07116,-122.598542,Male,No,No,No,2,Yes,No,Fiber optic,No,No,No,No,No,No,Month-to-month,Yes,Electronic check,67.75,116.65,Yes,1,71,2299,Don't know,1,58.325,0-6 months,Yes,1
8063-GBATB,1,United States,California,Cobb,95426,"38.838088, -122.73203",38.838088,-122.73203,Female,Yes,No,No,27,Yes,Yes,Fiber optic,No,No,No,No,No,Yes,Month-to-month,Yes,Electronic check,85.25,2287.25,Yes,1,80,5172,Competitor had better devices,1,84.71296296296296,25-48 months,No,3
4547-KQRTM,1,United States,California,Eldridge,95431,"38.348884, -122.51699",38.348884,-122.51699,Female,No,No,No,10,Yes,Yes,Fiber optic,No,Yes,No,No,No,No,Month-to-month,Yes,Bank transfer (automatic),80.05,830.7,Yes,1,76,3740,Competitor offered higher download speeds,1,83.07000000000001,7-12 months,No,3
1069-XAIEM,1,United States,California,Mendocino,95460,"39.305545, -123.743697",39.305545,-123.743697,Female,Yes,No,No,1,Yes,Yes,Fiber optic,No,No,No,No,No,Yes,Month-to-month,Yes,Electronic check,85.05,85.05,Yes,1,96,2975,Competitor had better devices,1,85.05,0-6 months,Yes,3
4658-HCOHW,1,United States,California,Redwood Valley,95470,"39.298065, -123.25211",39.298065,-123.25211,Female,No,Yes,No,21,Yes,No,Fiber optic,No,Yes,Yes,Yes,Yes,Yes,Month-to-month,Yes,Electronic check,102.8,2110.15,Yes,1,100,3123,Competitor had better devices,1,100.48333333333333,13-24 months,No,6
3440-JPSCL,1,United States,California,Sonoma,95476,"38.25485, -122.461799",38.25485,-122.461799,Female,No,No,No,6,Yes,No,Fiber optic,No,No,Yes,Yes,Yes,Yes,Month-to-month,Yes,Mailed check,99.95,547.65,Yes,1,87,3722,Competitor offered higher download speeds,1,91.27499999999999,0-6 months,Yes,5
6987-XQSJT,1,United States,California,Blue Lake,95525,"40.94338, -123.831799",40.94338,-123.831799,Female,Yes,No,No,54,Yes,Yes,Fiber optic,No,Yes,No,No,No,No,Month-to-month,Yes,Electronic check,79.5,4370.25,Yes,1,78,5684,Competitor offered higher download speeds,1,80.93055555555556,49+ months,No,3
4290-BSXUX,1,United States,California,Fields Landing,95537,"40.726949, -124.217378",40.726949,-124.217378,Male,No,Yes,No,3,Yes,Yes,Fiber optic,No,No,No,Yes,No,No,Month-to-month,Yes,Bank transfer (automatic),79.65,251.75,Yes,1,87,5036,Competitor offered more data,1,83.91666666666667,0-6 months,Yes,3
0325-XBFAC,1,United States,California,Hoopa,95546,"41.163637, -123.704841",41.163637,-123.704841,Male,No,No,No,8,Yes,No,Fiber optic,No,No,Yes,No,Yes,Yes,Month-to-month,Yes,Electronic check,94.7,740.3,Yes,1,94,5811,Competitor offered more data,1,92.5375,7-12 months,No,4
2462-XIIJB,1,United States,California,Miranda,95553,"40.210895, -123.86",40.210895,-123.86,Male,No,No,No,5,Yes,Yes,Fiber optic,No,No,Yes,No,Yes,No,Month-to-month,Yes,Electronic check,92.5,452.7,Yes,1,73,2810,Competitor offered more data,1,90.53999999999999,0-6 months,Yes,4
7817-BOQPW,1,United States,California,Rio Dell,95562,"40.485849, -124.163234",40.485849,-124.163234,Female,No,No,No,2,Yes,Yes,Fiber optic,No,No,No,No,No,No,Month-to-month,Yes,Electronic check,75.55,166.3,Yes,1,77,4320,Competitor made better offer,1,83.15,0-6 months,Yes,2
1853-UDXBW,1,United States,California,Samoa,95564,"40.809636, -124.189977",40.809636,-124.189977,Male,No,Yes,No,1,Yes,No,Fiber optic,No,No,No,No,No,No,Month-to-month,Yes,Electronic check,70.0,70.0,Yes,1,85,2485,Price too high,1,70.0,0-6 months,Yes,1
5219-YIPTK,1,United States,California,Trinidad,95570,"41.162295, -124.027381",41.162295,-124.027381,Female,No,Yes,No,33,Yes,Yes,Fiber optic,No,Yes,Yes,No,Yes,Yes,Month-to-month,Yes,Electronic check,104.4,3409.6,Yes,1,71,3185,Service dissatisfaction,1,103.32121212121211,25-48 months,No,6
3540-RZJYU,1,United States,California,Zenia,95595,"40.170357, -123.417298",40.170357,-123.417298,Female,No,No,No,15,Yes,No,Fiber optic,Yes,No,No,No,Yes,No,Month-to-month,No,Electronic check,86.2,1270.2,Yes,1,90,5829,Lack of self-service on Website,1,84.68,13-24 months,No,3
0722-TROQR,1,United States,California,Davis,95616,"38.508735, -121.678813",38.508735,-121.678813,Female,Yes,No,No,4,Yes,Yes,Fiber optic,No,No,No,No,No,No,Month-to-month,Yes,Electronic check,74.9,321.75,Yes,1,78,2122,Lack of affordable download/upload speed,1,80.4375,0-6 months,Yes,2
7571-YXDAD,1,United States,California,Davis,95618,"38.544002, -121.685559",38.544002,-121.685559,Female,No,No,No,2,Yes,Yes,Fiber optic,No,No,No,No,No,No,Month-to-month,No,Credit card (automatic),74.9,147.15,Yes,1,93,2078,Long distance charges,1,73.575,0-6 months,Yes,2
3393-FMZPV,1,United States,California,Elverta,95626,"38.734997, -121.463719",38.734997,-121.463719,Female,No,No,No,25,Yes,Yes,Fiber optic,No,Yes,No,No,Yes,Yes,Month-to-month,Yes,Electronic check,100.25,2387.75,Yes,1,74,2195,Extra data charges,1,95.51,25-48 months,No,5
6402-ZFPPI,1,United States,California,Fair Oaks,95628,"38.652065, -121.25441",38.652065,-121.25441,Female,Yes,No,No,25,Yes,Yes,Fiber optic,Yes,Yes,No,No,Yes,Yes,Month-to-month,Yes,Mailed check,102.8,2660.2,Yes,1,94,4969,Price too high,1,106.40799999999999,25-48 months,No,6
8443-WVPSS,1,United States,California,Galt,95632,"38.274451, -121.259201",38.274451,-121.259201,Male,No,Yes,No,10,Yes,No,Fiber optic,No,Yes,No,Yes,Yes,Yes,Month-to-month,Yes,Electronic check,99.85,990.9,Yes,1,69,4243,Service dissatisfaction,1,99.09,7-12 months,No,5
3006-XIMLN,1,United States,California,Garden Valley,95633,"38.852544, -120.837669",38.852544,-120.837669,Female,No,No,No,2,Yes,Yes,Fiber optic,No,No,No,No,Yes,Yes,Month-to-month,Yes,Bank transfer (automatic),94.2,193.8,Yes,1,79,5299,Lack of self-service on Website,1,96.9,0-6 months,Yes,4
9965-YOKZB,1,United States,California,Grizzly Flats,95636,"38.636102, -120.522149",38.636102,-120.522149,Male,Yes,No,No,9,Yes,Yes,Fiber optic,No,No,No,No,No,Yes,Month-to-month,Yes,Electronic check,83.85,790.15,Yes,1,71,3723,Network reliability,1,87.79444444444444,7-12 months,No,3
0504-HHAPI,1,United States,California,Guinda,95637,"38.830739, -122.196202",38.830739,-122.196202,Female,Yes,No,No,27,Yes,Yes,Fiber optic,No,No,Yes,No,No,Yes,Month-to-month,No,Credit card (automatic),88.3,2467.75,Yes,1,96,2420,Don't know,1,91.39814814814815,25-48 months,No,4
3647-GMGDH,1,United States,California,Jackson,95642,"38.336216, -120.76901",38.336216,-120.76901,Male,No,Yes,No,22,Yes,No,Fiber optic,No,No,Yes,No,Yes,Yes,Month-to-month,Yes,Credit card (automatic),94.7,1914.9,Yes,1,72,5615,Attitude of support person,1,87.0409090909091,13-24 months,No,4
3791-LGQCY,1,United States,California,Loomis,95650,"38.809175, -121.171375",38.809175,-121.171375,Female,Yes,Yes,No,56,Yes,Yes,Fiber optic,No,No,Yes,No,Yes,Yes,Month-to-month,Yes,Bank transfer (automatic),100.65,5688.05,Yes,1,85,4803,Attitude of support person,1,101.57232142857143,49+ months,No,5
2956-GGUCQ,1,United States,California,Pioneer,95666,"38.546999, -120.271114",38.546999,-120.271114,Male,Yes,Yes,No,24,Yes,Yes,Fiber optic,Yes,No,No,No,No,No,Month-to-month,Yes,Electronic check,78.85,1772.25,Yes,1,65,3079,Attitude of service provider,1,73.84375,13-24 months,No,3
0362-ZBZWJ,1,United States,California,Thornton,95686,"38.157794, -121.520223",38.157794,-121.520223,Male,No,No,No,36,Yes,Yes,Fiber optic,No,No,No,No,No,Yes,Month-to-month,Yes,Electronic check,84.9,3067.2,Yes,1,69,2455,Attitude of service provider,1,85.19999999999999,25-48 months,No,3
4274-OWWYO,1,United States,California,Walnut Grove,95690,"38.240419, -121.587535",38.240419,-121.587535,Male,No,No,No,1,Yes,No,Fiber optic,No,Yes,No,No,No,No,Month-to-month,Yes,Electronic check,74.35,74.35,Yes,1,66,5633,Deceased,1,74.35,0-6 months,Yes,2
2369-UAPKZ,1,United States,California,Meadow Vista,95722,"39.003358, -121.022539",39.003358,-121.022539,Male,No,No,No,5,Yes,Yes,Fiber optic,No,Yes,Yes,No,Yes,Yes,Month-to-month,No,Mailed check,104.1,541.9,Yes,1,76,3131,Moved,1,108.38,0-6 months,Yes,6
0637-KVDLV,1,United States,California,Elk Grove,95758,"38.35363, -121.44195",38.35363,-121.44195,Male,No,No,No,2,Yes,Yes,Fiber optic,No,No,No,No,No,No,Month-to-month,Yes,Electronic check,76.5,162.45,Yes,1,80,5944,Don't know,1,81.225,0-6 months,Yes,2
5729-KLZAR,1,United States,California,Sacramento,95817,"38.550722, -121.457314",38.550722,-121.457314,Female,No,Yes,No,4,Yes,No,Fiber optic,No,No,No,No,No,Yes,Month-to-month,No,Electronic check,80.85,302.75,Yes,1,73,2961,Competitor had better devices,1,75.6875,0-6 months,Yes,2
8740-CRYFY,1,United States,California,Sacramento,95823,"38.475465, -121.443625",38.475465,-121.443625,Male,No,No,No,1,Yes,No,Fiber optic,No,No,No,No,Yes,No,Month-to-month,Yes,Electronic check,78.95,78.95,Yes,1,75,2038,Competitor offered higher download speeds,1,78.95,0-6 months,Yes,2
1678-FYZOW,1,United States,California,Sacramento,95835,"38.685069, -121.543709",38.685069,-121.543709,Female,No,No,No,3,Yes,No,Fiber optic,No,No,No,No,Yes,No,Month-to-month,Yes,Electronic check,79.4,244.65,Yes,1,97,2448,Competitor offered higher download speeds,1,81.55,0-6 months,Yes,2
5480-TBGPH,1,United States,California,Sacramento,95842,"38.687367, -121.34848",38.687367,-121.34848,Female,No,Yes,No,24,Yes,No,Fiber optic,No,Yes,Yes,No,Yes,Yes,Month-to-month,Yes,Credit card (automatic),99.3,2431.35,Yes,1,69,4811,Competitor offered more data,1,101.30624999999999,13-24 months,No,5
8854-CCVSQ,1,United States,California,Browns Valley,95918,"39.292334, -121.320597",39.292334,-121.320597,Male,No,No,No,18,Yes,Yes,Fiber optic,No,Yes,No,No,No,No,Month-to-month,Yes,Electronic check,80.65,1451.9,Yes,1,95,3788,Competitor offered more data,1,80.66111111111111,13-24 months,No,3
0511-JTEOY,1,United States,California,Canyon Dam,95923,"40.171312, -121.120605",40.171312,-121.120605,Female,No,No,No,1,Yes,No,Fiber optic,No,No,No,No,No,No,Month-to-month,No,Mailed check,71.1,71.1,Yes,1,98,5824,Competitor made better offer,1,71.1,0-6 months,Yes,1
9300-AGZNL,1,United States,California,Elk Creek,95939,"39.53222, -122.594879",39.53222,-122.594879,Male,Yes,No,No,1,Yes,Yes,Fiber optic,No,No,No,No,Yes,Yes,Month-to-month,Yes,Electronic check,94.0,94.0,Yes,1,67,4176,Product dissatisfaction,1,94.0,0-6 months,Yes,4
1112-CUNAO,1,United States,California,Grimes,95950,"39.033058, -121.895718",39.033058,-121.895718,Female,Yes,No,No,15,Yes,Yes,Fiber optic,No,Yes,No,No,No,Yes,Month-to-month,No,Electronic check,89.85,1424.95,Yes,1,99,2668,Service dissatisfaction,1,94.99666666666667,13-24 months,No,4
7270-BDIOA,1,United States,California,Maxwell,95955,"39.281194, -122.226568",39.281194,-122.226568,Female,No,No,No,22,Yes,Yes,Fiber optic,No,No,No,Yes,Yes,No,Month-to-month,Yes,Electronic check,90.0,1993.8,Yes,1,95,4739,Limited range of services,1,90.62727272727273,13-24 months,No,4
3389-YGYAI,1,United States,California,Princeton,95970,"39.424957, -122.039307",39.424957,-122.039307,Female,Yes,No,No,8,Yes,Yes,Fiber optic,No,Yes,Yes,No,Yes,Yes,Month-to-month,Yes,Electronic check,105.5,829.55,Yes,1,72,5546,Price too high,1,103.69375,7-12 months,No,6
9560-ARGQJ,1,United States,California,Quincy,95971,"39.971228, -121.041166",39.971228,-121.041166,Female,No,No,No,16,Yes,No,Fiber optic,No,No,No,No,Yes,No,Month-to-month,Yes,Electronic check,81.0,1312.15,Yes,1,83,2335,Product dissatisfaction,1,82.009375,13-24 months,No,2
5134-IKDAY,1,United States,California,Twain,95984,"40.022184, -121.062384",40.022184,-121.062384,Female,No,Yes,No,1,Yes,No,Fiber optic,No,No,No,No,No,No,Month-to-month,Yes,Electronic check,69.8,69.8,Yes,1,96,2123,Service dissatisfaction,1,69.8,0-6 months,Yes,1
3070-DVEYC,1,United States,California,Williams,95987,"39.117537, -122.284654",39.117537,-122.284654,Male,Yes,No,No,7,Yes,Yes,Fiber optic,No,No,No,No,No,No,Month-to-month,No,Mailed check,73.75,545.15,Yes,1,84,5638,Lack of self-service on Website,1,77.87857142857142,7-12 months,No,2
8696-JKZNU,1,United States,California,Anderson,96007,"40.448632, -122.306657",40.448632,-122.306657,Female,Yes,No,No,37,Yes,Yes,Fiber optic,No,No,No,No,No,No,Month-to-month,Yes,Electronic check,76.25,2841.55,Yes,1,100,5859,Don't know,1,76.79864864864865,25-48 months,No,2
5380-AFSSK,1,United States,California,Bella Vista,96008,"40.722733, -122.109666",40.722733,-122.109666,Female,No,No,No,5,Yes,Yes,Fiber optic,No,No,No,No,Yes,Yes,Month-to-month,Yes,Mailed check,93.9,486.85,Yes,1,92,5435,Don't know,1,97.37,0-6 months,Yes,4
2055-PDADH,1,United States,California,Big Bend,96011,"41.096569, -121.879082",41.096569,-121.879082,Female,Yes,No,No,3,Yes,No,Fiber optic,No,No,No,No,No,No,Month-to-month,Yes,Electronic check,70.4,204.7,Yes,1,67,2491,Don't know,1,68.23333333333333,0-6 months,Yes,1
8714-EUHJO,1,United States,California,Castella,96017,"41.121108, -122.336613",41.121108,-122.336613,Female,No,Yes,No,31,Yes,Yes,Fiber optic,No,Yes,No,No,No,Yes,Month-to-month,Yes,Electronic check,91.15,2995.45,Yes,1,83,5219,Poor expertise of online support,1,96.62741935483871,25-48 months,No,4
3721-CNEYS,1,United States,California,Douglas City,96024,"40.586588, -122.903677",40.586588,-122.903677,Female,No,No,No,2,Yes,No,Fiber optic,No,No,No,No,No,No,Month-to-month,Yes,Electronic check,70.95,137.95,Yes,1,94,5390,Poor expertise of phone support,1,68.975,0-6 months,Yes,1
2568-OIADY,1,United States,California,Fort Jones,96032,"41.5837, -122.935922",41.5837,-122.935922,Female,No,Yes,No,37,Yes,Yes,Fiber optic,No,No,Yes,No,Yes,Yes,Month-to-month,Yes,Electronic check,99.5,3762.0,Yes,1,92,4233,Competitor had better devices,1,101.67567567567568,25-48 months,No,5
1193-RTSLK,1,United States,California,Happy Camp,96039,"41.831901, -123.487478",41.831901,-123.487478,Female,No,No,No,38,Yes,No,Fiber optic,Yes,Yes,Yes,No,No,No,Month-to-month,Yes,Credit card (automatic),83.9,3233.6,Yes,1,82,2157,Competitor offered higher download speeds,1,85.09473684210526,25-48 months,No,4
2302-ANTDP,1,United States,California,Hat Creek,96040,"40.789799, -121.474529",40.789799,-121.474529,Female,Yes,Yes,No,48,Yes,Yes,Fiber optic,Yes,Yes,Yes,Yes,Yes,Yes,Month-to-month,No,Electronic check,117.45,5438.9,Yes,1,67,5915,Competitor offered more data,1,113.31041666666665,25-48 months,No,8
5923-GXUOC,1,United States,California,Hayfork,96041,"40.547857, -123.187265",40.547857,-123.187265,Male,No,No,No,10,Yes,No,Fiber optic,Yes,Yes,Yes,No,Yes,Yes,Month-to-month,Yes,Electronic check,104.4,1081.45,Yes,1,84,5035,Competitor made better offer,1,108.14500000000001,7-12 months,No,6
1565-RHDJD,1,United States,California,Palo Cedro,96073,"40.582399, -122.195512",40.582399,-122.195512,Female,No,No,No,4,Yes,Yes,Fiber optic,No,Yes,Yes,No,No,No,Month-to-month,No,Bank transfer (automatic),84.05,333.55,Yes,1,95,5552,Competitor offered higher download speeds,1,83.3875,0-6 months,Yes,4
7137-RYLPP,1,United States,California,Paskenta,96074,"39.884395, -122.587513",39.884395,-122.587513,Male,Yes,Yes,No,37,Yes,Yes,Fiber optic,No,No,No,No,Yes,No,Month-to-month,Yes,Electronic check,85.7,3171.15,Yes,1,86,4712,Competitor offered higher download speeds,1,85.70675675675676,25-48 months,No,3
3765-JXVKY,1,United States,California,Paynes Creek,96075,"40.343213, -121.815412",40.343213,-121.815412,Female,No,No,No,1,Yes,No,Fiber optic,No,Yes,No,No,No,No,Month-to-month,Yes,Electronic check,74.7,74.7,Yes,1,75,4692,Competitor offered more data,1,74.7,0-6 months,Yes,2
7330-WZLNC,1,United States,California,Red Bluff,96080,"40.186772, -122.388361",40.186772,-122.388361,Female,No,No,No,5,Yes,Yes,Fiber optic,No,Yes,No,No,Yes,No,Month-to-month,Yes,Electronic check,90.8,455.5,Yes,1,73,5090,Competitor offered more data,1,91.1,0-6 months,Yes,4
3957-LXOLK,1,United States,California,Shingletown,96088,"40.497441, -121.827524",40.497441,-121.827524,Female,Yes,No,No,28,Yes,Yes,Fiber optic,No,Yes,Yes,No,Yes,Yes,Month-to-month,Yes,Electronic check,106.15,3152.5,Yes,1,83,5030,Competitor offered more data,1,112.58928571428571,25-48 months,No,6
5281-BUZGT,1,United States,California,Weaverville,96093,"40.759401, -122.939337",40.759401,-122.939337,Male,Yes,No,No,36,Yes,Yes,Fiber optic,Yes,No,No,No,Yes,No,Month-to-month,Yes,Electronic check,90.85,3186.7,Yes,1,92,5692,Competitor made better offer,1,88.51944444444445,25-48 months,No,4
6413-XKKPU,1,United States,California,Sierra City,96125,"39.600599, -120.636358",39.600599,-120.636358,Male,No,Yes,No,17,Yes,No,Fiber optic,Yes,No,Yes,No,Yes,No,Month-to-month,Yes,Electronic check,89.4,1539.45,Yes,1,96,2544,Service dissatisfaction,1,90.55588235294118,13-24 months,No,4
2612-RRIDN,1,United States,California,Westwood,96137,"40.271535, -121.018087",40.271535,-121.018087,Male,No,No,No,4,Yes,No,Fiber optic,No,No,No,No,Yes,No,Month-to-month,Yes,Electronic check,81.0,340.85,Yes,1,88,3591,Limited range of services,1,85.2125,0-6 months,Yes,2
4735-ASGMA,1,United States,California,Carnelian Bay,96140,"39.227434, -120.091806",39.227434,-120.091806,Male,No,No,No,26,Yes,Yes,Fiber optic,No,No,Yes,No,Yes,Yes,Month-to-month,Yes,Electronic check,98.35,2515.3,Yes,1,99,4997,Lack of affordable download/upload speed,1,96.7423076923077,25-48 months,No,5
6892-EZDTG,1,United States,California,Kings Beach,96143,"39.246654, -120.029273",39.246654,-120.029273,Female,No,Yes,No,4,Yes,Yes,Fiber optic,No,Yes,No,No,Yes,No,Month-to-month,Yes,Electronic check,91.65,365.4,Yes,1,90,2140,Extra data charges,1,91.35,0-6 months,Yes,4
9725-SCPZG,1,United States,California,South Lake Tahoe,96150,"38.911577, -120.106169",38.911577,-120.106169,Male,No,No,No,1,Yes,No,Fiber optic,No,No,No,No,Yes,Yes,Month-to-month,Yes,Electronic check,90.85,90.85,Yes,1,80,5086,Price too high,1,90.85,0-6 months,Yes,3
5884-GCYMI,1,United States,California,Truckee,96161,"39.342498, -120.247127",39.342498,-120.247127,Male,No,No,No,1,Yes,No,Fiber optic,No,No,No,No,No,No,Month-to-month,No,Mailed check,69.4,69.4,Yes,1,84,2847,Product dissatisfaction,1,69.4,0-6 months,Yes,1
3217-FZDMN,1,United States,California,Los Angeles,90001,"33.973616, -118.24902",33.973616,-118.24902,Female,Yes,No,No,8,Yes,No,Fiber optic,No,No,Yes,No,Yes,Yes,Month-to-month,Yes,Credit card (automatic),94.45,742.95,Yes,1,83,3676,Service dissatisfaction,1,92.86875,7-12 months,No,4
7480-QNVZJ,1,United States,California,Los Angeles,90005,"34.059281, -118.30742",34.059281,-118.30742,Male,Yes,No,No,50,Yes,Yes,Fiber optic,No,No,No,No,Yes,Yes,Month-to-month,Yes,Electronic check,95.7,4816.7,Yes,1,73,4287,Network reliability,1,96.334,49+ months,No,4
3943-KDREE,1,United States,California,Los Angeles,90010,"34.062125, -118.315709",34.062125,-118.315709,Female,No,No,No,26,Yes,Yes,Fiber optic,No,No,No,No,No,No,Month-to-month,Yes,Bank transfer (automatic),74.95,1834.95,Yes,1,76,2934,Don't know,1,70.575,25-48 months,No,2
9692-TUSXH,1,United States,California,Los Angeles,90041,"34.137412, -118.207607",34.137412,-118.207607,Female,No,No,No,18,Yes,No,Fiber optic,Yes,No,No,No,Yes,Yes,Month-to-month,Yes,Electronic check,96.05,1740.7,Yes,1,97,5581,Competitor offered higher download speeds,1,96.70555555555556,13-24 months,No,4
7912-SYRQT,1,United States,California,Los Angeles,90042,"34.11572, -118.192754",34.11572,-118.192754,Female,No,No,No,7,Yes,Yes,Fiber optic,No,No,No,No,No,No,Month-to-month,Yes,Bank transfer (automatic),75.1,552.95,Yes,1,96,5514,Competitor offered more data,1,78.99285714285715,7-12 months,No,2
1867-BDVFH,1,United States,California,Los Angeles,90056,"33.987945, -118.370442",33.987945,-118.370442,Male,No,Yes,No,11,Yes,Yes,Fiber optic,No,No,No,No,No,No,Month-to-month,Yes,Electronic check,74.35,834.2,Yes,1,80,5075,Competitor made better offer,1,75.83636363636364,7-12 months,No,2
6653-CBBOM,1,United States,California,Compton,90221,"33.885811, -118.206459",33.885811,-118.206459,Female,No,No,No,1,Yes,No,Fiber optic,No,No,No,No,No,No,Month-to-month,Yes,Electronic check,70.3,70.3,Yes,1,88,5963,Service dissatisfaction,1,70.3,0-6 months,Yes,1
3247-ZVOUO,1,United States,California,Downey,90240,"33.956228, -118.120993",33.956228,-118.120993,Male,Yes,Yes,No,10,Yes,Yes,Fiber optic,No,No,No,No,No,Yes,Month-to-month,No,Electronic check,85.55,851.75,Yes,1,81,3336,Lack of self-service on Website,1,85.175,7-12 months,No,3
6101-IMRMM,1,United States,California,El Segundo,90245,"33.917145, -118.401554",33.917145,-118.401554,Male,No,No,No,6,Yes,No,Fiber optic,No,No,Yes,No,Yes,Yes,Month-to-month,No,Mailed check,94.5,575.45,Yes,1,100,3469,Network reliability,1,95.90833333333335,0-6 months,Yes,4
1268-ASBGA,1,United States,California,Huntington Park,90255,"33.97803, -118.217141",33.97803,-118.217141,Female,Yes,Yes,No,16,Yes,Yes,Fiber optic,No,No,No,No,No,Yes,Month-to-month,Yes,Credit card (automatic),85.35,1375.15,Yes,1,66,5769,Limited range of services,1,85.946875,13-24 months,No,3
8943-URTMR,1,United States,California,Lawndale,90260,"33.88856, -118.351813",33.88856,-118.351813,Female,No,No,No,2,Yes,No,Fiber optic,No,No,No,No,Yes,No,Month-to-month,Yes,Mailed check,79.65,152.7,Yes,1,100,5082,Lack of affordable download/upload speed,1,76.35,0-6 months,Yes,2
4713-LZDRV,1,United States,California,Malibu,90263,"34.037037, -118.705803",34.037037,-118.705803,Female,Yes,No,No,2,Yes,No,Fiber optic,No,No,No,No,No,Yes,Month-to-month,Yes,Electronic check,79.6,195.05,Yes,1,94,4322,Long distance charges,1,97.525,0-6 months,Yes,2
4325-NFSKC,1,United States,California,Pacific Palisades,90272,"34.079449, -118.548306",34.079449,-118.548306,Male,Yes,No,No,19,Yes,Yes,Fiber optic,Yes,No,No,No,Yes,No,Month-to-month,Yes,Electronic check,90.6,1660.0,Yes,1,87,2373,Extra data charges,1,87.36842105263158,13-24 months,No,4
6907-NZZIJ,1,United States,California,Santa Monica,90402,"34.035849, -118.503508",34.035849,-118.503508,Female,No,No,No,36,Yes,Yes,Fiber optic,No,Yes,No,No,Yes,Yes,Month-to-month,Yes,Electronic check,99.15,3615.6,Yes,1,75,4188,Service dissatisfaction,1,100.43333333333334,25-48 months,No,5
3744-ZRRDZ,1,United States,California,Torrance,90501,"33.833699, -118.314387",33.833699,-118.314387,Male,No,No,No,21,Yes,Yes,Fiber optic,No,Yes,No,No,No,No,Month-to-month,Yes,Electronic check,82.35,1852.85,Yes,1,90,2902,Network reliability,1,88.23095238095237,13-24 months,No,3
1602-IJQQE,1,United States,California,Whittier,90602,"33.972119, -118.020188",33.972119,-118.020188,Female,No,No,No,4,Yes,Yes,Fiber optic,No,No,No,No,No,No,Month-to-month,No,Electronic check,75.35,338.1,Yes,1,92,2220,Attitude of service provider,1,84.525,0-6 months,Yes,2
6502-HCJTI,1,United States,California,Lakewood,90712,"33.840524, -118.148403",33.840524,-118.148403,Male,Yes,Yes,No,7,Yes,Yes,Fiber optic,Yes,Yes,No,No,No,Yes,Month-to-month,Yes,Credit card (automatic),94.7,673.1,Yes,1,75,3591,Attitude of service provider,1,96.15714285714286,7-12 months,No,5
8258-GSTJK,1,United States,California,San Pedro,90732,"33.744119, -118.31448",33.744119,-118.31448,Male,Yes,No,No,3,Yes,Yes,Fiber optic,No,No,No,No,No,No,Month-to-month,Yes,Electronic check,77.0,237.75,Yes,1,96,3128,Attitude of service provider,1,79.25,0-6 months,Yes,2
9940-RHLFB,1,United States,California,Sunset Beach,90742,"33.719221, -118.073596",33.719221,-118.073596,Female,No,No,No,1,Yes,No,Fiber optic,No,No,Yes,No,No,No,Month-to-month,No,Electronic check,75.3,75.3,Yes,1,66,2176,Competitor made better offer,1,75.3,0-6 months,Yes,2
6686-YPGHK,1,United States,California,Long Beach,90808,"33.823943, -118.111335",33.823943,-118.111335,Male,Yes,No,No,47,Yes,No,Fiber optic,Yes,No,No,No,No,Yes,Month-to-month,No,Mailed check,85.5,4042.3,Yes,1,68,3645,Moved,1,86.00638297872341,25-48 months,No,3
4759-TRPLW,1,United States,California,Long Beach,90822,"33.778436, -118.118648",33.778436,-118.118648,Male,No,No,No,1,Yes,No,Fiber optic,No,No,No,No,No,No,Month-to-month,No,Electronic check,70.4,70.4,Yes,1,70,4238,Competitor had better devices,1,70.4,0-6 months,Yes,1
8020-BWHYL,1,United States,California,Montrose,91020,"34.2112, -118.230625",34.2112,-118.230625,Female,Yes,No,No,15,Yes,No,Fiber optic,No,Yes,No,No,No,No,Month-to-month,Yes,Credit card (automatic),75.3,1147.45,Yes,1,99,4526,Competitor offered more data,1,76.49666666666667,13-24 months,No,2
2982-VPSGI,1,United States,California,South Pasadena,91030,"34.110444, -118.156957",34.110444,-118.156957,Female,No,Yes,No,11,Yes,Yes,Fiber optic,No,No,No,No,Yes,Yes,Month-to-month,Yes,Electronic check,94.0,1078.9,Yes,1,67,2120,Competitor made better offer,1,98.08181818181819,7-12 months,No,4
5980-NOPLP,1,United States,California,Pasadena,91105,"34.13946, -118.166649",34.13946,-118.166649,Female,No,Yes,No,44,Yes,Yes,Fiber optic,No,No,No,No,Yes,Yes,Month-to-month,Yes,Electronic check,96.1,4364.1,Yes,1,87,5606,Competitor offered higher download speeds,1,99.18409090909091,25-48 months,No,4
6892-XPFPU,1,United States,California,Pasadena,91107,"34.159007, -118.087353",34.159007,-118.087353,Male,Yes,Yes,No,24,Yes,Yes,Fiber optic,No,Yes,Yes,No,Yes,Yes,Month-to-month,Yes,Electronic check,104.25,2433.9,Yes,1,80,2104,Competitor offered higher download speeds,1,101.41250000000001,13-24 months,No,6
8010-EZLOU,1,United States,California,San Marino,91108,"34.122671, -118.112911",34.122671,-118.112911,Male,Yes,No,No,15,Yes,Yes,Fiber optic,No,Yes,No,No,No,No,Month-to-month,Yes,Electronic check,80.2,1217.25,Yes,1,76,4958,Competitor offered higher download speeds,1,81.15,13-24 months,No,3
9874-QLCLH,1,United States,California,Northridge,91324,"34.238208, -118.55029",34.238208,-118.55029,Female,No,Yes,No,17,Yes,Yes,Fiber optic,Yes,No,Yes,No,Yes,Yes,Month-to-month,Yes,Electronic check,104.2,1743.5,Yes,1,79,2365,Competitor offered more data,1,102.55882352941177,13-24 months,No,6
8062-YBDOE,1,United States,California,Canyon Country,91351,"34.422519, -118.420717",34.422519,-118.420717,Male,Yes,No,No,1,Yes,No,Fiber optic,No,No,No,No,No,No,Month-to-month,Yes,Electronic check,69.65,69.65,Yes,1,78,5844,Don't know,1,69.65,0-6 months,Yes,1
6000-APYLU,1,United States,California,Valencia,91355,"34.43987, -118.644609",34.43987,-118.644609,Male,No,No,No,9,Yes,No,Fiber optic,No,No,No,No,No,Yes,Month-to-month,Yes,Electronic check,80.8,713.1,Yes,1,90,3890,Competitor offered more data,1,79.23333333333333,7-12 months,No,2
0947-IDHRQ,1,United States,California,Woodland Hills,91367,"34.178068, -118.615714",34.178068,-118.615714,Female,No,No,No,7,Yes,No,Fiber optic,No,No,No,No,Yes,No,Month-to-month,Yes,Mailed check,80.3,526.7,Yes,1,75,3949,Competitor made better offer,1,75.24285714285715,7-12 months,No,2
3672-YITQD,1,United States,California,Castaic,91384,"34.506627, -118.699048",34.506627,-118.699048,Male,Yes,Yes,No,36,Yes,Yes,Fiber optic,No,No,No,No,No,Yes,Month-to-month,Yes,Electronic check,84.1,3021.6,Yes,1,79,2987,Competitor made better offer,1,83.93333333333334,25-48 months,No,3
8988-ECPJR,1,United States,California,Van Nuys,91411,"34.17847, -118.459472",34.17847,-118.459472,Female,Yes,Yes,No,34,Yes,Yes,Fiber optic,No,Yes,No,No,No,No,Month-to-month,Yes,Mailed check,79.6,2718.3,Yes,1,66,3980,Product dissatisfaction,1,79.95,25-48 months,No,3
1902-XBTFB,1,United States,California,North Hollywood,91605,"34.207295, -118.400022",34.207295,-118.400022,Male,No,No,No,22,Yes,No,Fiber optic,No,Yes,Yes,No,Yes,No,Month-to-month,Yes,Electronic check,89.4,2001.5,Yes,1,99,5438,Lack of self-service on Website,1,90.97727272727273,13-24 months,No,4
0643-OKLRP,1,United States,California,Azusa,91702,"34.174493, -117.87068",34.174493,-117.87068,Female,Yes,Yes,No,47,Yes,Yes,Fiber optic,Yes,No,No,No,No,No,Month-to-month,No,Electronic check,80.35,3825.85,Yes,1,95,5915,Network reliability,1,81.40106382978723,25-48 months,No,3
8382-SHQEH,1,United States,California,Rancho Cucamonga,91739,"34.133809, -117.523724",34.133809,-117.523724,Female,No,Yes,No,8,Yes,Yes,Fiber optic,No,No,No,No,No,Yes,Month-to-month,Yes,Electronic check,84.9,764.95,Yes,1,85,2656,Long distance charges,1,95.61875,7-12 months,No,3
2983-ZANRP,1,United States,California,La Puente,91744,"34.031441, -117.936436",34.031441,-117.936436,Female,No,Yes,No,2,Yes,No,Fiber optic,No,Yes,No,No,No,No,Month-to-month,Yes,Bank transfer (automatic),73.55,145.4,Yes,1,97,5799,Extra data charges,1,72.7,0-6 months,Yes,2
1075-BGWOH,1,United States,California,Rosemead,91770,"34.065108, -118.082791",34.065108,-118.082791,Male,Yes,Yes,No,16,Yes,Yes,Fiber optic,No,No,Yes,No,Yes,Yes,Month-to-month,Yes,Electronic check,98.75,1587.55,Yes,1,87,3392,Lack of self-service on Website,1,99.221875,13-24 months,No,5
0302-JOIVN,1,United States,California,San Gabriel,91775,"34.114772, -118.089431",34.114772,-118.089431,Female,No,Yes,No,8,Yes,No,Fiber optic,No,Yes,Yes,No,Yes,Yes,Month-to-month,No,Electronic check,101.15,842.9,Yes,1,76,2750,Network reliability,1,105.3625,7-12 months,No,5
5366-IJEQJ,1,United States,California,Alhambra,91801,"34.090925, -118.128164",34.090925,-118.128164,Male,No,No,No,20,Yes,Yes,Fiber optic,No,No,Yes,No,Yes,No,Month-to-month,Yes,Electronic check,88.7,1761.45,Yes,1,86,4115,Don't know,1,88.0725,13-24 months,No,4
1981-INRFU,1,United States,California,Boulevard,91905,"32.677097, -116.304991",32.677097,-116.304991,Female,No,No,No,2,Yes,No,Fiber optic,No,No,No,No,Yes,No,Month-to-month,Yes,Electronic check,79.75,164.5,Yes,1,98,5172,Don't know,1,82.25,0-6 months,Yes,2
4971-PUYQO,1,United States,California,Campo,91906,"32.673483, -116.472863",32.673483,-116.472863,Female,No,No,No,27,Yes,Yes,Fiber optic,No,No,No,No,Yes,Yes,Month-to-month,Yes,Mailed check,94.55,2724.6,Yes,1,89,4464,Don't know,1,100.91111111111111,25-48 months,No,4
8485-GJCDN,1,United States,California,Chula Vista,91914,"32.688506, -116.938632",32.688506,-116.938632,Female,Yes,No,No,5,Yes,No,Fiber optic,No,No,No,No,No,No,Month-to-month,Yes,Mailed check,69.05,318.5,Yes,1,74,3368,Poor expertise of online support,1,63.7,0-6 months,Yes,1
6029-WTIPC,1,United States,California,Jacumba,91934,"32.649787, -116.2237",32.649787,-116.2237,Male,Yes,No,No,37,Yes,Yes,Fiber optic,No,No,Yes,No,Yes,Yes,Month-to-month,Yes,Electronic check,101.1,3744.05,Yes,1,87,4424,Competitor had better devices,1,101.19054054054054,25-48 months,No,5
8780-IXSTS,1,United States,California,Carlsbad,92008,"33.148116, -117.306043",33.148116,-117.306043,Female,No,No,No,6,Yes,Yes,Fiber optic,No,Yes,No,No,Yes,No,Month-to-month,Yes,Electronic check,90.1,521.3,Yes,1,71,5656,Competitor made better offer,1,86.88333333333333,0-6 months,Yes,4
0345-HKJVM,1,United States,California,El Cajon,92021,"32.832706, -116.873258",32.832706,-116.873258,Female,No,No,No,6,Yes,No,Fiber optic,No,No,No,No,Yes,Yes,Month-to-month,No,Electronic check,89.3,577.6,Yes,1,100,5800,Don't know,1,96.26666666666667,0-6 months,Yes,3
3049-SOLAY,1,United States,California,Fallbrook,92028,"33.362575, -117.299644",33.362575,-117.299644,Female,No,Yes,No,3,Yes,Yes,Fiber optic,No,No,No,No,Yes,Yes,Month-to-month,Yes,Electronic check,95.2,292.85,Yes,1,86,4176,Competitor offered higher download speeds,1,97.61666666666667,0-6 months,Yes,4
3235-ETOOB,1,United States,California,Lakeside,92040,"32.909873, -116.906774",32.909873,-116.906774,Male,No,Yes,No,8,Yes,No,Fiber optic,Yes,No,No,No,No,No,Month-to-month,Yes,Electronic check,74.5,609.9,Yes,1,88,3683,Competitor offered higher download speeds,1,76.2375,7-12 months,No,2
8058-INTPH,1,United States,California,Oceanside,92056,"33.194742, -117.29032",33.194742,-117.29032,Female,No,No,No,1,Yes,No,Fiber optic,No,No,No,No,Yes,No,Month-to-month,Yes,Electronic check,79.65,79.65,Yes,1,71,2119,Competitor offered more data,1,79.65,0-6 months,Yes,2
5569-OUICF,1,United States,California,Santee,92071,"32.847336, -116.997605",32.847336,-116.997605,Female,Yes,Yes,No,28,Yes,Yes,Fiber optic,No,No,No,Yes,Yes,Yes,Month-to-month,Yes,Credit card (automatic),101.3,2812.2,Yes,1,68,4994,Competitor offered more data,1,100.43571428571428,25-48 months,No,5
8821-XNHVZ,1,United States,California,Solana Beach,92075,"33.001813, -117.263628",33.001813,-117.263628,Female,No,Yes,No,1,Yes,No,Fiber optic,No,No,No,No,Yes,No,Month-to-month,Yes,Mailed check,80.05,80.05,Yes,1,82,2943,Competitor offered more data,1,80.05,0-6 months,Yes,2
2082-OJVTK,1,United States,California,San Marcos,92078,"33.119028, -117.166036",33.119028,-117.166036,Male,No,Yes,No,29,Yes,Yes,Fiber optic,No,No,Yes,No,No,Yes,Month-to-month,Yes,Electronic check,89.2,2698.35,Yes,1,91,5292,Competitor made better offer,1,93.04655172413793,25-48 months,No,4
5940-NFXKV,1,United States,California,Rancho Santa Fe,92091,"32.99356, -117.207121",32.99356,-117.207121,Male,No,Yes,No,19,Yes,Yes,Fiber optic,No,No,No,No,No,Yes,Month-to-month,Yes,Electronic check,83.65,1465.75,Yes,1,88,3427,Competitor made better offer,1,77.14473684210526,13-24 months,No,3
5747-PMBSQ,1,United States,California,San Diego,92126,"32.886925, -117.152162",32.886925,-117.152162,Male,Yes,Yes,No,10,Yes,No,Fiber optic,No,Yes,Yes,Yes,Yes,No,Month-to-month,Yes,Mailed check,92.5,934.1,Yes,1,77,2415,Lack of affordable download/upload speed,1,93.41,7-12 months,No,5
3143-JQEGI,1,United States,California,San Diego,92129,"32.961064, -117.134917",32.961064,-117.134917,Female,No,Yes,No,13,Yes,No,Fiber optic,No,No,No,No,Yes,Yes,Month-to-month,No,Electronic check,88.35,1222.8,Yes,1,81,3740,Long distance charges,1,94.06153846153846,13-24 months,No,3
2982-IHMFT,1,United States,California,Indian Wells,92210,"33.537646, -116.291089",33.537646,-116.291089,Female,Yes,No,No,1,Yes,Yes,Fiber optic,No,No,No,No,No,No,Month-to-month,Yes,Mailed check,74.45,74.45,Yes,1,67,4291,Price too high,1,74.45,0-6 months,Yes,2
9526-JAWYF,1,United States,California,Blythe,92225,"33.674583, -114.71612",33.674583,-114.71612,Male,No,No,No,26,Yes,No,Fiber optic,No,Yes,Yes,No,Yes,No,Month-to-month,No,Electronic check,89.8,2335.3,Yes,1,71,3452,Service dissatisfaction,1,89.81923076923077,25-48 months,No,4
4919-IKATY,1,United States,California,Joshua Tree,92252,"34.167236, -116.281511",34.167236,-116.281511,Male,No,Yes,No,5,Yes,Yes,Fiber optic,Yes,No,Yes,No,No,No,Month-to-month,Yes,Electronic check,84.5,453.75,Yes,1,98,5141,Don't know,1,90.75,0-6 months,Yes,4
9050-QLROH,1,United States,California,Niland,92257,"33.345825, -115.596574",33.345825,-115.596574,Male,No,No,No,18,Yes,Yes,Fiber optic,No,No,Yes,No,No,Yes,Month-to-month,Yes,Credit card (automatic),90.7,1597.25,Yes,1,89,2931,Competitor had better devices,1,88.73611111111111,13-24 months,No,4
6168-WFVVF,1,United States,California,Palm Springs,92262,"33.839989, -116.659215",33.839989,-116.659215,Female,Yes,No,No,3,Yes,No,Fiber optic,No,No,No,No,No,No,Month-to-month,Yes,Electronic check,70.3,235.5,Yes,1,98,5165,Competitor offered higher download speeds,1,78.5,0-6 months,Yes,1
8065-YKXKD,1,United States,California,Seeley,92273,"32.790282, -115.689559",32.790282,-115.689559,Female,No,No,No,10,Yes,Yes,Fiber optic,No,No,No,No,No,No,Month-to-month,Yes,Electronic check,74.75,799.65,Yes,1,69,5578,Competitor made better offer,1,79.965,7-12 months,No,2
9689-PTNPG,1,United States,California,Vidal,92280,"34.264124, -114.717964",34.264124,-114.717964,Male,No,No,No,2,Yes,No,Fiber optic,No,No,No,No,Yes,No,Month-to-month,Yes,Electronic check,80.25,144.55,Yes,1,80,5055,Competitor had better devices,1,72.275,0-6 months,Yes,2
9465-RWMXL,1,United States,California,Westmorland,92281,"33.03679, -115.60503",33.03679,-115.60503,Male,No,Yes,No,32,Yes,Yes,Fiber optic,No,No,Yes,No,No,No,Month-to-month,Yes,Electronic check,78.9,2447.95,Yes,1,90,5949,Competitor offered higher download speeds,1,76.4984375,25-48 months,No,3
2362-IBOOY,1,United States,California,Winterhaven,92283,"32.852947, -114.850784",32.852947,-114.850784,Male,No,No,No,36,Yes,Yes,Fiber optic,No,No,No,No,No,Yes,Month-to-month,Yes,Electronic check,84.75,3050.15,Yes,1,76,5272,Competitor offered higher download speeds,1,84.72638888888889,25-48 months,No,3
0843-WTBXE,1,United States,California,Landers,92285,"34.341737, -116.539416",34.341737,-116.539416,Male,No,No,No,53,Yes,Yes,Fiber optic,No,No,No,No,Yes,No,Month-to-month,No,Bank transfer (automatic),85.45,4517.25,Yes,1,90,4753,Competitor offered higher download speeds,1,85.23113207547169,49+ months,No,3
7450-NWRTR,1,United States,California,Apple Valley,92308,"34.424926, -117.184503",34.424926,-117.184503,Male,Yes,No,No,12,Yes,Yes,Fiber optic,No,No,Yes,No,Yes,Yes,Month-to-month,Yes,Electronic check,99.45,1200.15,Yes,1,98,2819,Competitor offered more data,1,100.0125,7-12 months,No,5
5376-DEQCP,1,United States,California,Barstow,92311,"34.965648, -117.001509",34.965648,-117.001509,Female,No,No,No,1,Yes,No,Fiber optic,No,No,No,No,No,No,Month-to-month,Yes,Electronic check,70.6,70.6,Yes,1,85,4063,Competitor offered more data,1,70.6,0-6 months,Yes,1
9095-HFAFX,1,United States,California,Big Bear City,92314,"34.278967, -116.773825",34.278967,-116.773825,Female,No,No,No,5,Yes,No,Fiber optic,No,No,No,No,Yes,No,Month-to-month,Yes,Credit card (automatic),81.0,389.6,Yes,1,96,3718,Competitor made better offer,1,77.92,0-6 months,Yes,2
2379-ENZGV,1,United States,California,Bloomington,92316,"34.059722, -117.39104",34.059722,-117.39104,Male,No,No,No,6,Yes,No,Fiber optic,No,Yes,No,No,Yes,No,Month-to-month,Yes,Electronic check,84.85,523.5,Yes,1,72,3420,Competitor made better offer,1,87.25,0-6 months,Yes,3
6005-OBZPH,1,United States,California,Ludlow,92338,"34.702766, -116.093376",34.702766,-116.093376,Female,Yes,No,No,26,Yes,Yes,Fiber optic,No,Yes,No,No,Yes,No,Month-to-month,Yes,Electronic check,89.15,2277.65,Yes,1,89,4074,Price too high,1,87.60192307692309,25-48 months,No,4
5228-EXCET,1,United States,California,Newberry Springs,92365,"34.89326, -116.505958",34.89326,-116.505958,Male,No,No,No,13,Yes,No,Fiber optic,No,No,No,No,No,Yes,Month-to-month,Yes,Electronic check,80.85,1008.7,Yes,1,85,5964,Lack of self-service on Website,1,77.5923076923077,13-24 months,No,2
7394-FKDNK,1,United States,California,Redlands,92374,"34.064073, -117.166158",34.064073,-117.166158,Female,No,Yes,No,9,Yes,No,Fiber optic,No,No,No,No,Yes,Yes,Month-to-month,No,Electronic check,89.45,853.1,Yes,1,91,4971,Network reliability,1,94.78888888888889,7-12 months,No,3
0727-IWKVK,1,United States,California,Yermo,92398,"35.013299, -116.834092",35.013299,-116.834092,Male,No,Yes,No,9,Yes,No,Fiber optic,No,Yes,Yes,No,No,No,Month-to-month,Yes,Electronic check,79.9,741.7,Yes,1,100,4748,Extra data charges,1,82.41111111111111,7-12 months,No,3
5959-BELXA,1,United States,California,Yucaipa,92399,"34.04597, -117.011825",34.04597,-117.011825,Male,Yes,No,No,32,Yes,Yes,Fiber optic,No,No,No,No,Yes,Yes,Month-to-month,Yes,Credit card (automatic),96.15,3019.25,Yes,1,79,2246,Price too high,1,94.3515625,25-48 months,No,4
7503-ZGUZJ,1,United States,California,Riverside,92505,"33.920907, -117.489426",33.920907,-117.489426,Male,No,No,No,1,Yes,Yes,Fiber optic,No,No,No,No,Yes,No,Month-to-month,Yes,Mailed check,84.65,84.65,Yes,1,79,4261,Lack of self-service on Website,1,84.65,0-6 months,Yes,3
2506-TNFCO,1,United States,California,Riverside,92509,"34.004379, -117.447864",34.004379,-117.447864,Female,Yes,Yes,No,1,Yes,No,Fiber optic,No,No,No,No,No,No,Month-to-month,Yes,Electronic check,69.55,69.55,Yes,1,67,5948,Network reliability,1,69.55,0-6 months,Yes,1
6437-UKHMV,1,United States,California,Moreno Valley,92557,"33.970661, -117.255039",33.970661,-117.255039,Female,No,No,No,7,Yes,No,Fiber optic,No,No,No,No,Yes,No,Month-to-month,Yes,Electronic check,79.7,586.05,Yes,1,98,3109,Attitude of support person,1,83.72142857142856,7-12 months,No,2
6060-DRTNL,1,United States,California,San Jacinto,92583,"33.796568, -116.924723",33.796568,-116.924723,Female,Yes,No,No,5,Yes,No,Fiber optic,No,No,Yes,No,Yes,No,Month-to-month,Yes,Mailed check,84.85,415.55,Yes,1,74,3305,Attitude of service provider,1,83.11,0-6 months,Yes,3
8473-VUVJN,1,United States,California,Temecula,92590,"33.475493, -117.219551",33.475493,-117.219551,Male,Yes,No,No,1,Yes,Yes,Fiber optic,No,No,No,No,No,No,Month-to-month,Yes,Electronic check,73.65,73.65,Yes,1,86,5443,Attitude of service provider,1,73.65,0-6 months,Yes,2
5536-SLHPM,1,United States,California,Temecula,92592,"33.507255, -117.029473",33.507255,-117.029473,Female,No,Yes,No,55,Yes,Yes,Fiber optic,No,No,Yes,No,No,No,Month-to-month,Yes,Electronic check,77.75,4458.15,Yes,1,79,4398,Attitude of support person,1,81.05727272727272,49+ months,No,3
0196-VULGZ,1,United States,California,Irvine,92620,"33.716136, -117.752574",33.716136,-117.752574,Female,Yes,Yes,No,6,Yes,Yes,Fiber optic,No,No,No,No,No,Yes,Month-to-month,Yes,Electronic check,84.35,474.9,Yes,1,77,5721,Deceased,1,79.14999999999999,0-6 months,Yes,3
8837-VVWLQ,1,United States,California,Capistrano Beach,92624,"33.458754, -117.665104",33.458754,-117.665104,Female,No,No,No,8,Yes,No,Fiber optic,Yes,No,No,No,Yes,No,Month-to-month,No,Electronic check,84.95,668.4,Yes,1,81,4437,Moved,1,83.55,7-12 months,No,3
2696-NARTR,1,United States,California,Corona Del Mar,92625,"33.600987, -117.862734",33.600987,-117.862734,Male,No,No,No,11,Yes,No,Fiber optic,No,No,No,Yes,No,No,Month-to-month,Yes,Electronic check,73.85,926.25,Yes,1,66,3634,Moved,1,84.20454545454545,7-12 months,No,2
4631-OACRM,1,United States,California,Lake Forest,92630,"33.644849, -117.684254",33.644849,-117.684254,Male,Yes,No,No,15,Yes,No,Fiber optic,No,No,No,No,No,Yes,Month-to-month,Yes,Electronic check,79.4,1156.1,Yes,1,74,3621,Competitor offered higher download speeds,1,77.07333333333332,13-24 months,No,2
3755-JBMNH,1,United States,California,Huntington Beach,92648,"33.679659, -118.016195",33.679659,-118.016195,Male,Yes,Yes,No,16,Yes,No,Fiber optic,No,No,No,No,No,No,Month-to-month,Yes,Bank transfer (automatic),71.8,1167.8,Yes,1,86,3327,Competitor offered more data,1,72.9875,13-24 months,No,1
9574-RKJIF,1,United States,California,Trabuco Canyon,92679,"33.631119, -117.567346",33.631119,-117.567346,Male,No,Yes,No,30,Yes,Yes,Fiber optic,Yes,Yes,No,No,Yes,No,Month-to-month,Yes,Electronic check,94.4,2838.7,Yes,1,71,2792,Competitor offered higher download speeds,1,94.62333333333332,25-48 months,No,5
2619-WFQWU,1,United States,California,Mission Viejo,92692,"33.60693, -117.644253",33.60693,-117.644253,Female,No,No,No,1,Yes,No,Fiber optic,No,No,No,No,No,No,Month-to-month,Yes,Mailed check,70.15,70.15,Yes,1,96,3208,Competitor offered higher download speeds,1,70.15,0-6 months,Yes,1
4614-NUVZD,1,United States,California,Anaheim,92807,"33.848733, -117.788357",33.848733,-117.788357,Female,No,No,No,1,Yes,No,Fiber optic,No,No,No,No,No,Yes,Month-to-month,Yes,Electronic check,81.1,81.1,Yes,1,85,2075,Competitor offered more data,1,81.1,0-6 months,Yes,2
9572-MTILT,1,United States,California,Fullerton,92833,"33.877639, -117.961212",33.877639,-117.961212,Male,No,Yes,No,59,Yes,Yes,Fiber optic,Yes,Yes,Yes,Yes,Yes,No,Month-to-month,Yes,Electronic check,106.75,6252.9,Yes,1,81,4508,Competitor made better offer,1,105.98135593220339,49+ months,No,7
9611-CTWIH,1,United States,California,Garden Grove,92841,"33.786738, -117.982564",33.786738,-117.982564,Female,No,No,No,3,Yes,No,Fiber optic,No,No,No,No,Yes,Yes,Month-to-month,Yes,Electronic check,89.45,240.45,Yes,1,84,3591,Competitor made better offer,1,80.14999999999999,0-6 months,Yes,3
0329-GTIAJ,1,United States,California,Garden Grove,92844,"33.766476, -117.969795",33.766476,-117.969795,Female,No,No,No,3,Yes,No,Fiber optic,No,Yes,No,Yes,Yes,Yes,Month-to-month,Yes,Electronic check,97.9,315.3,Yes,1,86,4330,Price too high,1,105.10000000000001,0-6 months,Yes,5
5364-EVNIB,1,United States,California,Orange,92868,"33.787796, -117.875928",33.787796,-117.875928,Male,No,No,No,13,Yes,No,Fiber optic,No,Yes,Yes,No,No,No,Month-to-month,Yes,Electronic check,79.8,973.45,Yes,1,75,5067,Service dissatisfaction,1,74.88076923076923,13-24 months,No,3
0013-EXCHZ,1,United States,California,Camarillo,93010,"34.227846, -119.079903",34.227846,-119.079903,Female,Yes,Yes,No,3,Yes,No,Fiber optic,No,No,No,Yes,Yes,No,Month-to-month,Yes,Mailed check,83.9,267.4,Yes,1,68,3464,Network reliability,1,89.13333333333333,0-6 months,Yes,3
5550-VFRLC,1,United States,California,Moorpark,93021,"34.312945, -118.858169",34.312945,-118.858169,Female,Yes,No,No,1,Yes,No,Fiber optic,No,No,No,No,No,No,Month-to-month,Yes,Electronic check,69.85,69.85,Yes,1,68,5056,Limited range of services,1,69.85,0-6 months,Yes,1
2657-ALMWY,1,United States,California,Simi Valley,93065,"34.269449, -118.768471",34.269449,-118.768471,Female,Yes,Yes,No,26,Yes,No,Fiber optic,No,Yes,No,No,No,Yes,Month-to-month,No,Electronic check,84.95,2169.75,Yes,1,75,4316,Price too high,1,83.45192307692308,25-48 months,No,3
6330-JKLPC,1,United States,California,Somis,93066,"34.297628, -119.014627",34.297628,-119.014627,Male,No,Yes,No,11,Yes,Yes,Fiber optic,No,Yes,No,No,No,No,Month-to-month,Yes,Bank transfer (automatic),80.5,896.9,Yes,1,75,5119,Product dissatisfaction,1,81.53636363636363,7-12 months,No,3
7228-OMTPN,1,United States,California,Santa Barbara,93110,"34.437945, -119.77191",34.437945,-119.77191,Male,No,No,No,4,Yes,No,Fiber optic,No,No,No,No,Yes,Yes,Month-to-month,Yes,Electronic check,88.45,370.65,Yes,1,98,2456,Don't know,1,92.6625,0-6 months,Yes,3
6284-AHOOQ,1,United States,California,Avenal,93204,"35.916943, -120.129921",35.916943,-120.129921,Male,Yes,No,No,22,Yes,Yes,Fiber optic,No,No,No,Yes,Yes,No,Month-to-month,Yes,Bank transfer (automatic),90.5,1910.6,Yes,1,71,5014,Don't know,1,86.84545454545454,13-24 months,No,4
2344-JMOGN,1,United States,California,Buttonwillow,93206,"35.451402, -119.488413",35.451402,-119.488413,Male,No,Yes,No,9,Yes,No,Fiber optic,No,Yes,Yes,Yes,Yes,No,Month-to-month,Yes,Mailed check,94.85,890.6,Yes,1,72,3016,Don't know,1,98.95555555555556,7-12 months,No,5
3799-ISUZQ,1,United States,California,California Hot Springs,93207,"35.865795, -118.69759",35.865795,-118.69759,Male,No,Yes,No,7,Yes,No,Fiber optic,No,No,No,No,No,No,Month-to-month,Yes,Bank transfer (automatic),69.95,529.5,Yes,1,90,3296,Poor expertise of online support,1,75.64285714285714,7-12 months,No,1
4818-DRBQT,1,United States,California,Farmersville,93223,"36.29878, -119.201028",36.29878,-119.201028,Male,No,Yes,No,29,Yes,Yes,Fiber optic,No,Yes,No,No,No,No,Month-to-month,Yes,Bank transfer (automatic),80.15,2265.25,Yes,1,83,5189,Attitude of support person,1,78.11206896551724,25-48 months,No,3
1320-HTRDR,1,United States,California,Fellows,93224,"35.215731, -119.57013",35.215731,-119.57013,Female,No,No,No,3,Yes,Yes,Fiber optic,No,No,No,No,No,No,Month-to-month,Yes,Electronic check,75.5,220.6,Yes,1,79,5948,Attitude of service provider,1,73.53333333333333,0-6 months,Yes,2
6424-ELEYH,1,United States,California,Lebec,93243,"34.845861, -118.885163",34.845861,-118.885163,Female,No,Yes,No,3,Yes,Yes,Fiber optic,No,No,No,No,No,No,Month-to-month,Yes,Credit card (automatic),74.75,229.5,Yes,1,65,3972,Attitude of service provider,1,76.5,0-6 months,Yes,2
4391-RESHN,1,United States,California,Lemon Cove,93244,"36.462671, -118.997291",36.462671,-118.997291,Male,No,No,No,23,Yes,Yes,Fiber optic,No,No,Yes,Yes,Yes,Yes,Month-to-month,Yes,Mailed check,104.05,2470.1,Yes,1,93,5963,Attitude of support person,1,107.39565217391304,13-24 months,No,6
6821-BUXUX,1,United States,California,Maricopa,93252,"34.737031, -119.460557",34.737031,-119.460557,Female,No,No,No,13,Yes,Yes,Fiber optic,Yes,Yes,No,No,Yes,No,Month-to-month,Yes,Electronic check,96.65,1244.5,Yes,1,65,2110,Attitude of support person,1,95.73076923076923,13-24 months,No,5
9801-GDWGV,1,United States,California,Onyx,93255,"35.676978, -118.101378",35.676978,-118.101378,Female,No,No,No,39,Yes,Yes,Fiber optic,No,Yes,Yes,No,Yes,Yes,Month-to-month,Yes,Electronic check,103.45,3994.45,Yes,1,83,4811,Attitude of service provider,1,102.42179487179487,25-48 months,No,6
5393-RXQSZ,1,United States,California,Taft,93268,"35.184837, -119.402525",35.184837,-119.402525,Male,No,No,No,1,Yes,No,Fiber optic,No,No,No,No,No,Yes,Month-to-month,No,Electronic check,79.6,79.6,Yes,1,98,2199,Attitude of support person,1,79.6,0-6 months,Yes,2
0231-LXVAP,1,United States,California,Tipton,93272,"36.047414, -119.344304",36.047414,-119.344304,Male,No,No,No,1,Yes,No,Fiber optic,No,No,No,Yes,No,No,Month-to-month,Yes,Electronic check,75.9,75.9,Yes,1,66,3389,Attitude of support person,1,75.9,0-6 months,Yes,2
9444-JTXHZ,1,United States,California,Tulare,93274,"36.185471, -119.375243",36.185471,-119.375243,Male,No,Yes,No,1,Yes,No,Fiber optic,No,No,Yes,No,No,No,Month-to-month,No,Electronic check,76.2,76.2,Yes,1,83,5973,Don't know,1,76.2,0-6 months,Yes,2
4471-KXAUH,1,United States,California,Woody,93287,"35.710244, -118.881679",35.710244,-118.881679,Female,No,Yes,No,42,Yes,Yes,Fiber optic,No,No,Yes,Yes,No,No,Month-to-month,Yes,Electronic check,84.3,3588.4,Yes,1,100,2514,Attitude of service provider,1,85.43809523809524,25-48 months,No,4
7638-QVMVY,1,United States,California,Visalia,93292,"36.37559, -119.211689",36.37559,-119.211689,Female,No,No,No,7,Yes,No,Fiber optic,No,No,No,No,Yes,No,Month-to-month,Yes,Electronic check,79.0,522.95,Yes,1,92,3735,Attitude of support person,1,74.70714285714287,7-12 months,No,2
3244-DCJWY,1,United States,California,Bakersfield,93312,"35.392599, -119.245341",35.392599,-119.245341,Female,No,No,No,1,Yes,No,Fiber optic,No,No,No,No,No,No,Month-to-month,Yes,Electronic check,70.25,70.25,Yes,1,89,4133,Attitude of support person,1,70.25,0-6 months,Yes,1
0875-CABNR,1,United States,California,San Luis Obispo,93401,"35.233745, -120.626442",35.233745,-120.626442,Female,Yes,No,No,10,Yes,No,Fiber optic,No,No,Yes,No,No,Yes,Month-to-month,Yes,Credit card (automatic),84.6,865.55,Yes,1,94,3320,Attitude of support person,1,86.55499999999999,7-12 months,No,3
5229-PRWKT,1,United States,California,Lompoc,93437,"34.757477, -120.550507",34.757477,-120.550507,Male,No,No,No,8,Yes,Yes,Fiber optic,No,No,No,No,No,Yes,Month-to-month,Yes,Electronic check,86.55,649.65,Yes,1,80,4193,Attitude of service provider,1,81.20625,7-12 months,No,3
4369-HTUIF,1,United States,California,Pismo Beach,93449,"35.165668, -120.655842",35.165668,-120.655842,Male,Yes,No,No,6,Yes,No,Fiber optic,Yes,No,No,No,Yes,No,Month-to-month,Yes,Bank transfer (automatic),85.15,503.6,Yes,1,90,5831,Attitude of service provider,1,83.93333333333334,0-6 months,Yes,3
0654-HMSHN,1,United States,California,Mojave,93501,"35.097323, -118.171288",35.097323,-118.171288,Male,No,Yes,No,21,Yes,Yes,Fiber optic,No,Yes,Yes,No,Yes,Yes,Month-to-month,No,Electronic check,104.4,2157.95,Yes,1,77,3796,Attitude of support person,1,102.7595238095238,13-24 months,No,6
5287-QWLKY,1,United States,California,Big Pine,93513,"37.245505, -118.062943",37.245505,-118.062943,Male,Yes,Yes,No,71,Yes,Yes,Fiber optic,Yes,Yes,No,No,Yes,Yes,Month-to-month,Yes,Credit card (automatic),105.1,7548.1,Yes,1,66,5725,Attitude of support person,1,106.3112676056338,49+ months,No,6
5196-SGOAK,1,United States,California,Caliente,93518,"35.358953, -118.527064",35.358953,-118.527064,Female,No,No,No,1,Yes,No,Fiber optic,No,Yes,No,No,No,No,Month-to-month,Yes,Electronic check,75.7,75.7,Yes,1,93,4884,Attitude of support person,1,75.7,0-6 months,Yes,2
1891-UAWWU,1,United States,California,Johannesburg,93528,"35.363339, -117.637641",35.363339,-117.637641,Female,Yes,Yes,No,20,Yes,Yes,Fiber optic,No,No,Yes,No,Yes,No,Month-to-month,No,Electronic check,90.8,1951.0,Yes,1,87,2312,Attitude of service provider,1,97.55,13-24 months,No,4
6108-OQZDQ,1,United States,California,Keene,93531,"35.214982, -118.59049",35.214982,-118.59049,Female,No,Yes,No,4,Yes,Yes,Fiber optic,No,Yes,No,No,Yes,Yes,Month-to-month,Yes,Electronic check,97.95,384.5,Yes,1,72,2570,Attitude of service provider,1,96.125,0-6 months,Yes,5
0363-QJVFX,1,United States,California,Lake Hughes,93532,"34.659579, -118.584212",34.659579,-118.584212,Male,No,No,No,32,Yes,Yes,Fiber optic,Yes,Yes,No,Yes,Yes,Yes,Month-to-month,Yes,Credit card (automatic),108.15,3432.9,Yes,1,69,2541,Attitude of service provider,1,107.278125,25-48 months,No,7
9840-DVNDC,1,United States,California,Lancaster,93536,"34.741406, -118.38111",34.741406,-118.38111,Male,No,No,No,6,Yes,No,Fiber optic,No,No,No,No,Yes,No,Month-to-month,Yes,Credit card (automatic),80.5,463.05,Yes,1,96,2181,Attitude of support person,1,77.175,0-6 months,Yes,2
3096-JRDSO,1,United States,California,Lone Pine,93545,"36.590415, -118.073839",36.590415,-118.073839,Female,Yes,Yes,No,27,Yes,Yes,Fiber optic,Yes,No,No,Yes,Yes,Yes,Month-to-month,Yes,Bank transfer (automatic),104.3,2867.75,Yes,1,75,3444,Attitude of support person,1,106.21296296296296,25-48 months,No,6
8042-JVNFH,1,United States,California,Olancha,93549,"36.296851, -117.865469",36.296851,-117.865469,Male,No,No,No,1,Yes,No,Fiber optic,No,No,No,No,No,No,Month-to-month,Yes,Mailed check,71.35,71.35,Yes,1,92,5730,Attitude of support person,1,71.35,0-6 months,Yes,1
3374-LXDEV,1,United States,California,Pearblossom,93553,"34.445239, -117.894868",34.445239,-117.894868,Female,No,No,No,13,Yes,Yes,Fiber optic,No,Yes,Yes,Yes,No,No,Month-to-month,No,Electronic check,89.4,1132.35,Yes,1,75,2226,Attitude of service provider,1,87.10384615384615,13-24 months,No,5
5883-GTGVD,1,United States,California,Biola,93606,"36.798882, -120.019511",36.798882,-120.019511,Male,No,No,No,19,Yes,Yes,Fiber optic,No,Yes,No,No,Yes,Yes,Month-to-month,Yes,Electronic check,99.95,1931.75,Yes,1,76,3670,Attitude of service provider,1,101.67105263157895,13-24 months,No,5
4817-QRJSX,1,United States,California,Clovis,93612,"36.814539, -119.711868",36.814539,-119.711868,Female,No,No,No,10,Yes,Yes,Fiber optic,No,Yes,No,No,No,No,Month-to-month,Yes,Credit card (automatic),81.0,818.05,Yes,1,95,2946,Attitude of support person,1,81.80499999999999,7-12 months,No,3
2398-YPMUR,1,United States,California,Dinuba,93618,"36.523619, -119.386868",36.523619,-119.386868,Female,Yes,Yes,No,13,Yes,No,Fiber optic,No,No,No,No,No,No,Month-to-month,Yes,Electronic check,70.15,916.75,Yes,1,85,5101,Don't know,1,70.51923076923077,13-24 months,No,1
9985-MWVIX,1,United States,California,Hume,93628,"36.807595, -118.901544",36.807595,-118.901544,Female,No,No,No,1,Yes,No,Fiber optic,No,No,No,No,No,No,Month-to-month,Yes,Mailed check,70.15,70.15,Yes,1,97,5773,Attitude of support person,1,70.15,0-6 months,Yes,1
4871-JTKJF,1,United States,California,Selma,93662,"36.545322, -119.642281",36.545322,-119.642281,Female,Yes,No,No,1,Yes,No,Fiber optic,No,No,No,No,No,No,Month-to-month,Yes,Electronic check,69.65,69.65,Yes,1,82,4741,Attitude of service provider,1,69.65,0-6 months,Yes,1
1415-YFWLT,1,United States,California,Shaver Lake,93664,"37.223, -119.001021",37.223,-119.001021,Female,Yes,No,No,1,Yes,No,Fiber optic,No,No,No,No,Yes,Yes,Month-to-month,Yes,Electronic check,89.3,89.3,Yes,1,85,3067,Attitude of support person,1,89.3,0-6 months,Yes,3
6711-VTNRE,1,United States,California,Tranquillity,93668,"36.635661, -120.288644",36.635661,-120.288644,Female,No,No,No,36,Yes,No,Fiber optic,No,No,Yes,Yes,No,Yes,Month-to-month,Yes,Electronic check,87.55,3078.1,Yes,1,92,2558,Attitude of support person,1,85.50277777777778,25-48 months,No,4
3500-RMZLT,1,United States,California,Fresno,93702,"36.739385, -119.753649",36.739385,-119.753649,Female,Yes,No,No,15,Yes,No,Fiber optic,Yes,No,Yes,Yes,No,Yes,Month-to-month,Yes,Mailed check,96.3,1426.75,Yes,1,72,2933,Attitude of support person,1,95.11666666666666,13-24 months,No,5
4548-SDBKE,1,United States,California,Fresno,93711,"36.833002, -119.82947",36.833002,-119.82947,Female,No,No,No,5,Yes,Yes,Fiber optic,No,No,No,No,Yes,No,Month-to-month,Yes,Electronic check,85.2,474.8,Yes,1,87,4109,Attitude of service provider,1,94.96000000000001,0-6 months,Yes,3
4143-OOBWZ,1,United States,California,Fresno,93726,"36.793601, -119.761131",36.793601,-119.761131,Male,No,Yes,No,5,Yes,Yes,Fiber optic,No,Yes,No,No,No,No,Month-to-month,Yes,Electronic check,81.3,416.3,Yes,1,100,3819,Attitude of service provider,1,83.26,0-6 months,Yes,3
9102-IAYHT,1,United States,California,Salinas,93908,"36.624338, -121.615669",36.624338,-121.615669,Female,No,Yes,No,17,Yes,Yes,Fiber optic,No,No,No,No,No,Yes,Month-to-month,Yes,Electronic check,85.45,1451.6,Yes,1,94,3670,Attitude of support person,1,85.38823529411764,13-24 months,No,3
3422-LYEPQ,1,United States,California,Carmel By The Sea,93921,"36.554618, -121.922239",36.554618,-121.922239,Male,No,Yes,No,1,Yes,No,Fiber optic,No,No,No,No,No,No,Month-to-month,Yes,Electronic check,71.0,71.0,Yes,1,89,4207,Attitude of support person,1,71.0,0-6 months,Yes,1
2642-DTVCO,1,United States,California,Chualar,93925,"36.596271, -121.442274",36.596271,-121.442274,Male,Yes,No,No,9,Yes,Yes,Fiber optic,No,No,No,No,No,Yes,Month-to-month,Yes,Electronic check,85.05,746.5,Yes,1,74,5095,Attitude of service provider,1,82.94444444444444,7-12 months,No,3
1363-TXLSL,1,United States,California,San Lucas,93954,"36.125529, -120.864443",36.125529,-120.864443,Male,Yes,Yes,No,1,Yes,No,Fiber optic,No,No,No,No,No,No,Month-to-month,Yes,Electronic check,70.3,70.3,Yes,1,100,4962,Attitude of service provider,1,70.3,0-6 months,Yes,1
9507-EXLTT,1,United States,California,Seaside,93955,"36.625114, -121.823565",36.625114,-121.823565,Female,No,Yes,No,1,Yes,No,Fiber optic,No,No,No,No,Yes,No,Month-to-month,Yes,Bank transfer (automatic),79.35,79.35,Yes,1,77,3492,Attitude of support person,1,79.35,0-6 months,Yes,2
9846-GKXAS,1,United States,California,Burlingame,94010,"37.57028, -122.365778",37.57028,-122.365778,Female,No,No,No,9,Yes,No,Fiber optic,No,No,No,No,Yes,Yes,Month-to-month,Yes,Bank transfer (automatic),90.8,809.75,Yes,1,70,2578,Attitude of support person,1,89.97222222222223,7-12 months,No,3
6017-PPLPX,1,United States,California,Daly City,94014,"37.691561, -122.445202",37.691561,-122.445202,Male,No,Yes,No,20,Yes,No,Fiber optic,No,No,No,No,No,No,Month-to-month,Yes,Electronic check,70.45,1470.95,Yes,1,87,4773,Attitude of support person,1,73.5475,13-24 months,No,1
4581-SSPWD,1,United States,California,Mountain View,94040,"37.380662, -122.086022",37.380662,-122.086022,Female,No,No,No,3,Yes,Yes,Fiber optic,No,No,No,No,No,No,Month-to-month,Yes,Electronic check,75.8,246.3,Yes,1,93,5475,Attitude of service provider,1,82.10000000000001,0-6 months,Yes,2
6927-WTFIV,1,United States,California,Redwood City,94061,"37.461251, -122.235414",37.461251,-122.235414,Male,Yes,No,No,20,Yes,No,Fiber optic,No,No,No,No,No,No,Month-to-month,No,Credit card (automatic),71.3,1389.2,Yes,1,98,3684,Attitude of service provider,1,69.46000000000001,13-24 months,No,1
3398-ZOUAA,1,United States,California,Redwood City,94063,"37.499411, -122.196318",37.499411,-122.196318,Male,Yes,Yes,No,21,Yes,No,Fiber optic,No,No,No,No,No,No,Month-to-month,Yes,Electronic check,69.1,1474.75,Yes,1,67,3853,Attitude of support person,1,70.22619047619048,13-24 months,No,1
0378-NHQXU,1,United States,California,South San Francisco,94080,"37.654436, -122.426468",37.654436,-122.426468,Female,No,Yes,No,17,Yes,Yes,Fiber optic,No,No,Yes,No,Yes,No,Month-to-month,No,Electronic check,88.25,1460.65,Yes,1,68,4041,Deceased,1,85.92058823529412,13-24 months,No,4
4512-ZUIYL,1,United States,California,Sunnyvale,94089,"37.421633, -122.009613",37.421633,-122.009613,Female,No,No,No,2,Yes,No,Fiber optic,No,No,No,No,No,No,Month-to-month,No,Bank transfer (automatic),70.0,153.05,Yes,1,81,2928,Moved,1,76.525,0-6 months,Yes,1
7969-AULMZ,1,United States,California,San Francisco,94104,"37.791222, -122.402241",37.791222,-122.402241,Female,No,No,No,21,Yes,Yes,Fiber optic,No,No,No,No,Yes,Yes,Month-to-month,Yes,Electronic check,97.35,2119.5,Yes,1,89,4321,Moved,1,100.92857142857143,13-24 months,No,4
4550-EVXNY,1,United States,California,San Francisco,94115,"37.786031, -122.437301",37.786031,-122.437301,Female,No,No,No,1,Yes,No,Fiber optic,No,No,No,No,No,No,Month-to-month,Yes,Electronic check,69.65,69.65,Yes,1,77,2418,Competitor offered higher download speeds,1,69.65,0-6 months,Yes,1
2968-SSGAA,1,United States,California,San Francisco,94117,"37.770533, -122.445121",37.770533,-122.445121,Female,No,No,No,10,Yes,Yes,Fiber optic,No,No,Yes,No,Yes,Yes,Month-to-month,Yes,Electronic check,100.6,1060.2,Yes,1,77,4001,Competitor offered more data,1,106.02000000000001,7-12 months,No,5
4844-JJWUY,1,United States,California,San Francisco,94121,"37.776718, -122.495781",37.776718,-122.495781,Female,Yes,No,No,1,Yes,No,Fiber optic,No,Yes,No,No,No,Yes,Month-to-month,Yes,Electronic check,86.0,86.0,Yes,1,82,5359,Competitor made better offer,1,86.0,0-6 months,Yes,3
8610-WFCJF,1,United States,California,Palo Alto,94303,"37.45809, -122.115398",37.45809,-122.115398,Female,No,Yes,No,49,Yes,Yes,Fiber optic,No,No,No,No,Yes,Yes,Month-to-month,Yes,Electronic check,95.6,4783.5,Yes,1,69,5732,Competitor offered higher download speeds,1,97.62244897959184,49+ months,No,4
7881-INRLC,1,United States,California,San Mateo,94403,"37.538309, -122.305109",37.538309,-122.305109,Male,No,No,No,45,Yes,Yes,Fiber optic,No,Yes,No,No,Yes,Yes,Month-to-month,Yes,Credit card (automatic),100.85,4740.0,Yes,1,70,4898,Competitor offered more data,1,105.33333333333333,25-48 months,No,5
6172-FECYY,1,United States,California,Antioch,94509,"37.980057, -121.801599",37.980057,-121.801599,Male,No,Yes,No,49,Yes,Yes,Fiber optic,No,No,No,No,Yes,No,Month-to-month,No,Electronic check,84.5,4254.85,Yes,1,85,4639,Competitor offered more data,1,86.83367346938776,49+ months,No,3
1965-AKTSX,1,United States,California,Byron,94514,"37.83323, -121.601461",37.83323,-121.601461,Female,Yes,No,No,14,Yes,Yes,Fiber optic,No,Yes,No,No,No,No,Month-to-month,Yes,Electronic check,78.95,1101.85,Yes,1,88,5203,Competitor made better offer,1,78.70357142857142,13-24 months,No,3
7248-VZQLC,1,United States,California,Concord,94521,"37.971421, -121.971504",37.971421,-121.971504,Female,Yes,No,No,47,Yes,Yes,Fiber optic,No,Yes,Yes,No,No,No,Month-to-month,Yes,Bank transfer (automatic),85.2,3969.35,Yes,1,72,4661,Price too high,1,84.45425531914893,25-48 months,No,4
0011-IGKFF,1,United States,California,Martinez,94553,"38.014457, -122.115432",38.014457,-122.115432,Male,Yes,Yes,No,13,Yes,No,Fiber optic,No,Yes,Yes,No,Yes,Yes,Month-to-month,Yes,Electronic check,98.0,1237.85,Yes,1,99,3714,Product dissatisfaction,1,95.21923076923076,13-24 months,No,5
4192-GORJT,1,United States,California,Fremont,94555,"37.555473, -122.080312",37.555473,-122.080312,Male,No,Yes,No,5,Yes,No,Fiber optic,No,No,Yes,No,Yes,Yes,Month-to-month,Yes,Electronic check,94.45,498.1,Yes,1,77,4580,Service dissatisfaction,1,99.62,0-6 months,Yes,4
6496-SLWHQ,1,United States,California,Moraga,94556,"37.827946, -122.107185",37.827946,-122.107185,Male,Yes,No,No,3,Yes,Yes,Fiber optic,No,Yes,Yes,No,Yes,Yes,Month-to-month,Yes,Electronic check,105.0,294.45,Yes,1,87,5960,Lack of self-service on Website,1,98.14999999999999,0-6 months,Yes,6
9912-GVSEQ,1,United States,California,Napa,94558,"38.489789, -122.27011",38.489789,-122.27011,Female,Yes,Yes,No,26,Yes,Yes,Fiber optic,No,Yes,Yes,No,No,Yes,Month-to-month,Yes,Electronic check,93.85,2381.55,Yes,1,86,2591,Network reliability,1,91.59807692307693,25-48 months,No,5
5383-MMTWC,1,United States,California,Oakley,94561,"37.999406, -121.686241",37.999406,-121.686241,Female,Yes,Yes,No,8,Yes,Yes,Fiber optic,No,No,No,No,No,Yes,Month-to-month,Yes,Electronic check,84.0,613.4,Yes,1,91,4819,Limited range of services,1,76.675,7-12 months,No,3
2202-CUYXZ,1,United States,California,Dublin,94568,"37.713926, -121.928425",37.713926,-121.928425,Male,No,No,No,1,Yes,No,Fiber optic,No,No,Yes,No,Yes,No,Month-to-month,Yes,Electronic check,84.85,84.85,Yes,1,77,3086,Long distance charges,1,84.85,0-6 months,Yes,3
3640-PHQXK,1,United States,California,Union City,94587,"37.59485, -122.051521",37.59485,-122.051521,Female,No,No,No,31,Yes,Yes,Fiber optic,No,No,Yes,No,No,Yes,Month-to-month,Yes,Electronic check,89.9,2806.9,Yes,1,85,2031,Service dissatisfaction,1,90.54516129032258,25-48 months,No,4
6877-LGWXO,1,United States,California,Pleasanton,94588,"37.685052, -121.912061",37.685052,-121.912061,Male,Yes,Yes,No,18,Yes,No,Fiber optic,No,No,No,No,No,Yes,Month-to-month,No,Electronic check,78.55,1422.65,Yes,1,84,3521,Lack of self-service on Website,1,79.03611111111111,13-24 months,No,2
8019-ENHXU,1,United States,California,Oakland,94601,"37.776523, -122.219268",37.776523,-122.219268,Male,No,Yes,No,42,Yes,Yes,Fiber optic,No,Yes,Yes,Yes,No,Yes,Month-to-month,Yes,Electronic check,99.45,4138.05,Yes,1,96,4624,Network reliability,1,98.525,25-48 months,No,6
1522-VVDMG,1,United States,California,Oakland,94611,"37.828416, -122.216005",37.828416,-122.216005,Male,No,Yes,No,7,Yes,No,Fiber optic,No,Yes,No,Yes,Yes,No,Month-to-month,Yes,Electronic check,89.75,608.8,Yes,1,90,3807,Poor expertise of online support,1,86.97142857142856,7-12 months,No,4
9185-TQCVP,1,United States,California,Albany,94706,"37.890274, -122.295192",37.890274,-122.295192,Male,No,Yes,No,14,Yes,Yes,Fiber optic,No,No,No,No,No,Yes,Month-to-month,Yes,Electronic check,85.15,1139.2,Yes,1,100,4550,Poor expertise of phone support,1,81.37142857142858,13-24 months,No,3
5567-WSELE,1,United States,California,Richmond,94801,"37.945288, -122.383941",37.945288,-122.383941,Male,Yes,Yes,No,3,Yes,Yes,Fiber optic,No,No,No,No,Yes,Yes,Month-to-month,Yes,Electronic check,94.6,279.55,Yes,1,87,3019,Competitor had better devices,1,93.18333333333334,0-6 months,Yes,4
8063-RJYNF,1,United States,California,Richmond,94804,"37.921034, -122.341798",37.921034,-122.341798,Male,No,No,No,16,Yes,No,Fiber optic,Yes,No,No,No,Yes,Yes,Month-to-month,Yes,Electronic check,94.25,1483.25,Yes,1,73,2827,Competitor offered higher download speeds,1,92.703125,13-24 months,No,4
9661-ACXBS,1,United States,California,San Rafael,94901,"37.972662, -122.491452",37.972662,-122.491452,Female,No,No,No,42,Yes,Yes,Fiber optic,Yes,No,Yes,No,Yes,Yes,Month-to-month,Yes,Electronic check,105.2,4400.75,Yes,1,89,2317,Competitor made better offer,1,104.7797619047619,25-48 months,No,6
3727-RJMEO,1,United States,California,Rohnert Park,94928,"38.34719, -122.697822",38.34719,-122.697822,Male,No,Yes,No,6,Yes,Yes,Fiber optic,No,No,No,No,Yes,No,Month-to-month,Yes,Electronic check,82.85,460.25,Yes,1,78,4458,Competitor had better devices,1,76.70833333333333,0-6 months,Yes,3
6646-VRFOL,1,United States,California,Larkspur,94939,"37.937082, -122.532369",37.937082,-122.532369,Male,Yes,Yes,No,53,Yes,Yes,Fiber optic,No,Yes,Yes,No,Yes,Yes,Month-to-month,Yes,Electronic check,103.85,5485.5,Yes,1,87,5860,Competitor had better devices,1,103.5,49+ months,No,6
5685-IIXLY,1,United States,California,Novato,94945,"38.135897, -122.563683",38.135897,-122.563683,Female,No,Yes,No,5,Yes,No,Fiber optic,No,Yes,No,No,No,Yes,Month-to-month,Yes,Electronic check,83.6,404.2,Yes,1,93,4565,Competitor offered higher download speeds,1,80.84,0-6 months,Yes,3
5095-AESKG,1,United States,California,Sausalito,94965,"37.848641, -122.515692",37.848641,-122.515692,Female,No,Yes,No,3,Yes,Yes,Fiber optic,No,Yes,No,No,No,Yes,Month-to-month,Yes,Credit card (automatic),91.5,242.95,Yes,1,76,5646,Competitor offered higher download speeds,1,80.98333333333333,0-6 months,Yes,4
1871-MOWRM,1,United States,California,Woodacre,94973,"38.005839, -122.638155",38.005839,-122.638155,Male,No,Yes,No,12,Yes,No,Fiber optic,Yes,No,No,Yes,No,No,Month-to-month,No,Bank transfer (automatic),80.85,866.45,Yes,1,87,4306,Competitor offered more data,1,72.20416666666667,7-12 months,No,3
9090-SGQXL,1,United States,California,Ben Lomond,95005,"37.078873, -122.090386",37.078873,-122.090386,Male,Yes,Yes,No,68,Yes,Yes,Fiber optic,No,Yes,Yes,No,Yes,Yes,Month-to-month,Yes,Electronic check,105.3,7299.65,Yes,1,79,6284,Competitor offered more data,1,107.34779411764706,49+ months,No,6
6595-YGXIT,1,United States,California,Boulder Creek,95006,"37.171727, -122.142961",37.171727,-122.142961,Male,Yes,No,No,25,Yes,Yes,Fiber optic,No,Yes,No,No,Yes,No,Month-to-month,Yes,Electronic check,88.95,2291.2,Yes,1,100,3878,Competitor made better offer,1,91.648,25-48 months,No,4
0519-XUZJU,1,United States,California,Felton,95018,"37.089111, -122.062213",37.089111,-122.062213,Female,No,No,No,1,Yes,No,Fiber optic,No,No,No,No,No,No,Month-to-month,No,Mailed check,70.75,70.75,Yes,1,93,3963,Service dissatisfaction,1,70.75,0-6 months,Yes,1
9253-QXKBE,1,United States,California,Morgan Hill,95037,"37.161544, -121.649371",37.161544,-121.649371,Male,Yes,Yes,No,29,Yes,Yes,Fiber optic,No,No,No,No,Yes,Yes,Month-to-month,Yes,Electronic check,94.45,2653.65,Yes,1,71,2233,Network reliability,1,91.5051724137931,25-48 months,No,4
9445-SZLCH,1,United States,California,Santa Clara,95050,"37.351214, -121.952417",37.351214,-121.952417,Female,No,Yes,No,36,Yes,Yes,Fiber optic,No,Yes,Yes,No,Yes,No,Month-to-month,Yes,Bank transfer (automatic),97.35,3457.9,Yes,1,86,4544,Limited range of services,1,96.05277777777778,25-48 months,No,5
5349-IECLD,1,United States,California,San Jose,95111,"37.284265, -121.827673",37.284265,-121.827673,Male,No,No,No,2,Yes,No,Fiber optic,No,No,Yes,No,Yes,Yes,Month-to-month,No,Electronic check,94.95,178.1,Yes,1,87,4493,Long distance charges,1,89.05,0-6 months,Yes,4
4523-WXCEF,1,United States,California,San Jose,95129,"37.305622, -122.000887",37.305622,-122.000887,Female,No,Yes,No,59,Yes,Yes,Fiber optic,No,Yes,No,No,Yes,Yes,Month-to-month,No,Electronic check,101.1,6039.9,Yes,1,87,4160,Service dissatisfaction,1,102.37118644067796,49+ months,No,5
8775-LHDJH,1,United States,California,San Jose,95136,"37.270938, -121.851046",37.270938,-121.851046,Female,Yes,Yes,No,1,Yes,Yes,Fiber optic,No,Yes,No,No,Yes,No,Month-to-month,Yes,Electronic check,90.6,90.6,Yes,1,93,2905,Don't know,1,90.6,0-6 months,Yes,4
3097-NQYSN,1,United States,California,San Jose,95139,"37.218705, -121.762429",37.218705,-121.762429,Male,Yes,Yes,No,2,Yes,Yes,Fiber optic,No,No,No,No,Yes,No,Month-to-month,Yes,Mailed check,86.85,156.35,Yes,1,78,5204,Competitor had better devices,1,78.175,0-6 months,Yes,3
3565-UNOCC,1,United States,California,Stockton,95209,"38.044523, -121.348048",38.044523,-121.348048,Female,Yes,Yes,No,29,Yes,Yes,Fiber optic,No,No,Yes,No,Yes,Yes,Month-to-month,Yes,Bank transfer (automatic),99.05,2952.85,Yes,1,82,3179,Competitor offered higher download speeds,1,101.82241379310345,25-48 months,No,5
0871-URUWO,1,United States,California,Sheep Ranch,95250,"38.244806, -120.417301",38.244806,-120.417301,Male,No,Yes,No,13,Yes,Yes,Fiber optic,No,No,Yes,No,Yes,Yes,Month-to-month,Yes,Credit card (automatic),102.25,1359.0,Yes,1,66,2003,Competitor had better devices,1,104.53846153846153,13-24 months,No,5
9190-MFJLN,1,United States,California,Vallecito,95251,"38.055562, -120.456298",38.055562,-120.456298,Male,Yes,No,No,19,Yes,No,Fiber optic,No,No,Yes,No,Yes,Yes,Month-to-month,Yes,Credit card (automatic),95.9,1777.9,Yes,1,68,2851,Competitor had better devices,1,93.57368421052632,13-24 months,No,4
1095-JUDTC,1,United States,California,Woodbridge,95258,"38.169605, -121.310964",38.169605,-121.310964,Female,Yes,No,No,47,Yes,Yes,Fiber optic,No,Yes,No,Yes,Yes,No,Month-to-month,Yes,Electronic check,95.05,4504.55,Yes,1,65,5214,Competitor offered higher download speeds,1,95.84148936170213,25-48 months,No,5
5385-SUIRI,1,United States,California,Delhi,95315,"37.422961, -120.765493",37.422961,-120.765493,Male,Yes,Yes,No,52,Yes,Yes,Fiber optic,Yes,No,Yes,No,Yes,Yes,Month-to-month,Yes,Electronic check,104.2,5568.35,Yes,1,68,5648,Competitor offered higher download speeds,1,107.08365384615385,49+ months,No,6
4009-ALQFH,1,United States,California,Groveland,95321,"37.902968, -119.667544",37.902968,-119.667544,Female,No,No,No,25,Yes,No,Fiber optic,No,Yes,Yes,No,Yes,Yes,Month-to-month,Yes,Electronic check,99.5,2369.05,Yes,1,90,5932,Competitor offered more data,1,94.762,25-48 months,No,5
3627-FCRDW,1,United States,California,Hughson,95326,"37.5923, -120.853288",37.5923,-120.853288,Female,No,No,No,9,Yes,No,Fiber optic,No,No,No,No,No,No,Month-to-month,No,Electronic check,71.0,672.55,Yes,1,81,2236,Competitor offered more data,1,74.72777777777777,7-12 months,No,1
7562-GSUHK,1,United States,California,Jamestown,95327,"37.84771, -120.486589",37.84771,-120.486589,Female,No,No,No,16,Yes,No,Fiber optic,No,Yes,Yes,No,No,Yes,Month-to-month,Yes,Credit card (automatic),93.2,1573.7,Yes,1,75,5497,Competitor made better offer,1,98.35625,13-24 months,No,4
4077-CROMM,1,United States,California,Modesto,95350,"37.671806, -121.007575",37.671806,-121.007575,Female,No,Yes,No,31,Yes,Yes,Fiber optic,No,No,Yes,Yes,Yes,Yes,Month-to-month,Yes,Electronic check,104.2,3243.45,Yes,1,68,5000,Product dissatisfaction,1,104.62741935483871,25-48 months,No,6
2868-MZAGQ,1,United States,California,Modesto,95354,"37.639029, -120.964772",37.639029,-120.964772,Male,No,No,No,1,Yes,No,Fiber optic,No,No,No,No,No,Yes,Month-to-month,Yes,Electronic check,79.25,79.25,Yes,1,83,5533,Service dissatisfaction,1,79.25,0-6 months,Yes,2
6379-RXJRQ,1,United States,California,Modesto,95358,"37.612612, -121.108568",37.612612,-121.108568,Male,No,Yes,No,10,Yes,No,Fiber optic,No,No,No,No,No,No,Month-to-month,Yes,Electronic check,70.1,659.65,Yes,1,92,2457,Network reliability,1,65.965,7-12 months,No,1
0475-RIJEP,1,United States,California,Pinecrest,95364,"38.224869, -119.755729",38.224869,-119.755729,Male,No,No,No,43,Yes,Yes,Fiber optic,No,Yes,No,No,No,No,Month-to-month,Yes,Electronic check,77.85,3365.85,Yes,1,100,5107,Lack of affordable download/upload speed,1,78.27558139534884,25-48 months,No,3
6328-ZPBGN,1,United States,California,Riverbank,95367,"37.734971, -120.954271",37.734971,-120.954271,Female,Yes,No,No,11,Yes,Yes,Fiber optic,No,No,No,No,Yes,Yes,Month-to-month,Yes,Bank transfer (automatic),95.15,997.65,Yes,1,71,4074,Extra data charges,1,90.69545454545454,7-12 months,No,4
2867-UIMSS,1,United States,California,Vernalis,95385,"37.609095, -121.263381",37.609095,-121.263381,Male,No,No,No,1,Yes,No,Fiber optic,No,No,No,No,No,Yes,Month-to-month,No,Electronic check,80.5,80.5,Yes,1,85,2734,Product dissatisfaction,1,80.5,0-6 months,Yes,2
8111-RKSPX,1,United States,California,Santa Rosa,95401,"38.460517, -122.790335",38.460517,-122.790335,Male,No,No,No,4,Yes,Yes,Fiber optic,No,No,No,No,No,No,Month-to-month,Yes,Bank transfer (automatic),72.2,305.55,Yes,1,89,5668,Service dissatisfaction,1,76.3875,0-6 months,Yes,2
2856-NNASM,1,United States,California,Santa Rosa,95407,"38.394091, -122.739814",38.394091,-122.739814,Male,Yes,No,No,43,Yes,No,Fiber optic,No,No,No,No,Yes,Yes,Month-to-month,Yes,Mailed check,89.55,3856.75,Yes,1,73,3802,Network reliability,1,89.69186046511628,25-48 months,No,3
7547-EKNFS,1,United States,California,Caspar,95420,"39.361283, -123.784599",39.361283,-123.784599,Male,No,Yes,No,42,Yes,Yes,Fiber optic,No,Yes,Yes,No,Yes,No,Month-to-month,Yes,Bank transfer (automatic),95.25,3959.35,Yes,1,89,2075,Attitude of service provider,1,94.2702380952381,25-48 months,No,5
6769-DYBQN,1,United States,California,Clearlake,95422,"38.965804, -122.631779",38.965804,-122.631779,Male,Yes,No,No,46,Yes,No,Fiber optic,Yes,No,No,No,No,Yes,Month-to-month,No,Electronic check,85.0,3969.4,Yes,1,71,2097,Attitude of support person,1,86.29130434782608,25-48 months,No,3
4439-JMPMT,1,United States,California,Comptche,95427,"39.239818, -123.565432",39.239818,-123.565432,Female,No,Yes,No,5,Yes,No,Fiber optic,No,No,No,Yes,Yes,No,Month-to-month,Yes,Electronic check,85.75,470.95,Yes,1,71,3608,Attitude of support person,1,94.19,0-6 months,Yes,3
2446-BEGGB,1,United States,California,Eldridge,95431,"38.348884, -122.51699",38.348884,-122.51699,Female,Yes,No,No,6,Yes,Yes,Fiber optic,No,Yes,No,No,Yes,Yes,Month-to-month,Yes,Electronic check,98.25,560.6,Yes,1,83,3330,Attitude of support person,1,93.43333333333334,0-6 months,Yes,5
2575-GFSOE,1,United States,California,Graton,95444,"38.434362, -122.86891",38.434362,-122.86891,Female,No,Yes,No,7,Yes,No,Fiber optic,No,No,No,No,No,No,Month-to-month,Yes,Electronic check,69.0,506.9,Yes,1,65,5672,Attitude of service provider,1,72.41428571428571,7-12 months,No,1
3296-SILRA,1,United States,California,Lakeport,95453,"39.080469, -122.955176",39.080469,-122.955176,Female,Yes,Yes,No,1,Yes,No,Fiber optic,No,Yes,No,No,No,No,Month-to-month,Yes,Mailed check,76.4,76.4,Yes,1,89,2426,Attitude of support person,1,76.4,0-6 months,Yes,2
9681-OXGVC,1,United States,California,Laytonville,95454,"39.806141, -123.531098",39.806141,-123.531098,Female,No,No,No,5,Yes,Yes,Fiber optic,No,No,Yes,No,Yes,Yes,Month-to-month,Yes,Electronic check,100.5,514.0,Yes,1,85,5180,Competitor made better offer,1,102.8,0-6 months,Yes,5
7153-OANIO,1,United States,California,Mendocino,95460,"39.305545, -123.743697",39.305545,-123.743697,Male,No,No,No,1,Yes,No,Fiber optic,No,No,No,No,No,No,Month-to-month,No,Electronic check,69.95,69.95,Yes,1,79,5066,Moved,1,69.95,0-6 months,Yes,1
6521-YYTYI,1,United States,California,Navarro,95463,"39.182916, -123.552571",39.182916,-123.552571,Male,No,No,No,1,Yes,Yes,Fiber optic,No,No,No,No,Yes,Yes,Month-to-month,Yes,Electronic check,93.3,93.3,Yes,1,65,2578,Moved,1,93.3,0-6 months,Yes,4
1977-STDKI,1,United States,California,The Sea Ranch,95497,"38.696659, -123.436861",38.696659,-123.436861,Female,Yes,No,No,1,Yes,No,Fiber optic,No,Yes,No,No,No,No,Month-to-month,Yes,Electronic check,73.0,73.0,Yes,1,76,4116,Competitor offered more data,1,73.0,0-6 months,Yes,2
5813-UECBU,1,United States,California,Bridgeville,95526,"40.372532, -123.525626",40.372532,-123.525626,Male,Yes,No,No,33,Yes,Yes,Fiber optic,No,Yes,Yes,No,No,No,Month-to-month,Yes,Credit card (automatic),83.85,2716.3,Yes,1,79,2583,Competitor made better offer,1,82.31212121212121,25-48 months,No,4
0328-GRPMV,1,United States,California,Burnt Ranch,95527,"40.854512, -123.450097",40.854512,-123.450097,Female,No,No,No,1,Yes,No,Fiber optic,No,No,No,No,No,No,Month-to-month,Yes,Electronic check,70.1,70.1,Yes,1,84,3706,Competitor had better devices,1,70.1,0-6 months,Yes,1
4342-HENTK,1,United States,California,Garberville,95542,"40.057784, -123.679461",40.057784,-123.679461,Female,Yes,No,No,2,Yes,No,Fiber optic,No,No,No,No,No,No,Month-to-month,Yes,Electronic check,70.65,142.35,Yes,1,74,2189,Competitor had better devices,1,71.175,0-6 months,Yes,1
6956-SMUCM,1,United States,California,Miranda,95553,"40.210895, -123.86",40.210895,-123.86,Female,No,No,No,3,Yes,No,Fiber optic,Yes,No,Yes,No,Yes,Yes,Month-to-month,Yes,Credit card (automatic),99.0,287.4,Yes,1,77,5236,Competitor offered higher download speeds,1,95.8,0-6 months,Yes,5
3223-WZWJM,1,United States,California,Petrolia,95558,"40.274302, -124.210902",40.274302,-124.210902,Male,No,No,No,26,Yes,Yes,Fiber optic,No,No,No,No,No,Yes,Month-to-month,Yes,Electronic check,83.95,2254.2,Yes,1,85,5869,Competitor offered higher download speeds,1,86.69999999999999,25-48 months,No,3
9250-WYPLL,1,United States,California,Whitethorn,95589,"40.053159, -123.995867",40.053159,-123.995867,Female,No,No,No,5,Yes,Yes,Fiber optic,No,No,No,No,No,No,Month-to-month,No,Electronic check,75.55,413.65,Yes,1,79,4600,Competitor made better offer,1,82.72999999999999,0-6 months,Yes,2
2754-XBHTB,1,United States,California,Amador City,95601,"38.431407, -120.8421",38.431407,-120.8421,Female,No,No,No,9,Yes,No,Fiber optic,No,No,No,No,Yes,No,Month-to-month,Yes,Bank transfer (automatic),77.65,714.15,Yes,1,96,3847,Competitor made better offer,1,79.35,7-12 months,No,2
1597-LHYNC,1,United States,California,Auburn,95602,"38.99003, -121.114408",38.99003,-121.114408,Female,Yes,No,No,26,Yes,Yes,Fiber optic,Yes,Yes,No,No,No,Yes,Month-to-month,Yes,Electronic check,95.0,2497.2,Yes,1,90,4232,Price too high,1,96.04615384615384,25-48 months,No,5
0754-UKWQP,1,United States,California,Cool,95614,"38.880622, -120.973865",38.880622,-120.973865,Male,No,No,No,2,Yes,No,Fiber optic,No,No,Yes,No,Yes,Yes,Month-to-month,Yes,Electronic check,95.85,197.7,Yes,1,66,3790,Service dissatisfaction,1,98.85,0-6 months,Yes,4
7493-TPUWZ,1,United States,California,Diamond Springs,95619,"38.683605, -120.811852",38.683605,-120.811852,Male,No,No,No,1,Yes,Yes,Fiber optic,No,Yes,No,No,No,No,Month-to-month,Yes,Electronic check,79.15,79.15,Yes,1,85,4243,Lack of self-service on Website,1,79.15,0-6 months,Yes,3
8752-STIVR,1,United States,California,Elmira,95625,"38.349195, -121.902943",38.349195,-121.902943,Female,No,No,No,4,Yes,No,Fiber optic,No,No,No,No,Yes,No,Month-to-month,Yes,Electronic check,79.0,303.15,Yes,1,69,2085,Limited range of services,1,75.7875,0-6 months,Yes,2
4558-FANTW,1,United States,California,Fair Oaks,95628,"38.652065, -121.25441",38.652065,-121.25441,Female,No,Yes,No,17,Yes,No,Fiber optic,Yes,No,No,Yes,Yes,No,Month-to-month,No,Electronic check,91.85,1574.45,Yes,1,89,5643,Lack of affordable download/upload speed,1,92.61470588235295,13-24 months,No,4
9330-IJWIO,1,United States,California,Kirkwood,95646,"38.631489, -120.015167",38.631489,-120.015167,Female,No,No,No,13,Yes,Yes,Fiber optic,Yes,No,No,No,Yes,Yes,Month-to-month,Yes,Electronic check,100.35,1358.85,Yes,1,69,2008,Price too high,1,104.52692307692307,13-24 months,No,5
9286-DOJGF,1,United States,California,Lotus,95651,"38.815515, -120.916997",38.815515,-120.916997,Female,Yes,Yes,No,38,Yes,Yes,Fiber optic,No,No,No,No,No,No,Month-to-month,Yes,Bank transfer (automatic),74.95,2869.85,Yes,1,82,5165,Product dissatisfaction,1,75.52236842105263,25-48 months,No,2
1842-EZJMK,1,United States,California,Orangevale,95662,"38.689174, -121.218435",38.689174,-121.218435,Male,No,Yes,No,50,Yes,Yes,Fiber optic,No,Yes,No,Yes,Yes,Yes,Month-to-month,No,Electronic check,103.7,5071.05,Yes,1,82,5897,Lack of self-service on Website,1,101.421,49+ months,No,6
8884-ADFVN,1,United States,California,Roseville,95678,"38.759751, -121.288545",38.759751,-121.288545,Male,Yes,Yes,No,7,Yes,Yes,Fiber optic,No,No,Yes,No,Yes,Yes,Month-to-month,Yes,Electronic check,101.95,700.85,Yes,1,74,2016,Don't know,1,100.12142857142858,7-12 months,No,5
2720-WGKHP,1,United States,California,Sloughhouse,95683,"38.470423, -121.114897",38.470423,-121.114897,Male,Yes,No,No,2,Yes,Yes,Fiber optic,No,No,No,No,Yes,Yes,Month-to-month,Yes,Electronic check,94.0,181.7,Yes,1,93,5569,Don't know,1,90.85,0-6 months,Yes,4
2869-ADAWR,1,United States,California,Sutter Creek,95685,"38.432145, -120.77069",38.432145,-120.77069,Female,No,No,No,45,Yes,Yes,Fiber optic,No,Yes,No,No,Yes,No,Month-to-month,Yes,Credit card (automatic),89.3,4016.85,Yes,1,97,4880,Poor expertise of online support,1,89.26333333333334,25-48 months,No,4
9894-EZEWG,1,United States,California,Walnut Grove,95690,"38.240419, -121.587535",38.240419,-121.587535,Female,No,No,No,1,Yes,No,Fiber optic,No,Yes,No,No,No,No,Month-to-month,Yes,Credit card (automatic),74.3,74.3,Yes,1,69,5996,Poor expertise of phone support,1,74.3,0-6 months,Yes,2
0637-UBJRP,1,United States,California,Wilton,95693,"38.392559, -121.225093",38.392559,-121.225093,Male,No,Yes,No,13,Yes,No,Fiber optic,Yes,No,No,No,No,Yes,Month-to-month,No,Electronic check,84.05,1095.3,Yes,1,77,4745,Competitor offered higher download speeds,1,84.25384615384615,13-24 months,No,3
0940-OUQEC,1,United States,California,Winters,95694,"38.578604, -122.024579",38.578604,-122.024579,Male,No,No,No,10,Yes,Yes,Fiber optic,No,Yes,No,No,No,No,Month-to-month,Yes,Bank transfer (automatic),80.7,788.8,Yes,1,77,3492,Competitor offered more data,1,78.88,7-12 months,No,3
0702-PGIBZ,1,United States,California,Dutch Flat,95714,"39.197215, -120.83679",39.197215,-120.83679,Male,No,No,No,4,Yes,Yes,Fiber optic,No,Yes,No,No,Yes,Yes,Month-to-month,Yes,Electronic check,101.7,364.55,Yes,1,91,2777,Competitor made better offer,1,91.1375,0-6 months,Yes,5
7739-LAXOG,1,United States,California,Sacramento,95825,"38.590035, -121.412455",38.590035,-121.412455,Female,No,Yes,No,32,Yes,Yes,Fiber optic,No,No,Yes,No,No,Yes,Month-to-month,Yes,Bank transfer (automatic),91.05,2954.5,Yes,1,80,3590,Competitor offered more data,1,92.328125,25-48 months,No,4
9776-CLUJA,1,United States,California,Sacramento,95829,"38.486502, -121.334051",38.486502,-121.334051,Female,Yes,Yes,No,51,Yes,Yes,Fiber optic,Yes,No,No,No,No,No,Month-to-month,Yes,Electronic check,77.5,3807.35,Yes,1,96,5748,Competitor offered more data,1,74.65392156862745,49+ months,No,3
2079-FBMZK,1,United States,California,Antelope,95843,"38.715498, -121.363411",38.715498,-121.363411,Female,No,No,No,6,Yes,No,Fiber optic,No,No,No,No,No,No,Month-to-month,Yes,Mailed check,69.25,418.4,Yes,1,77,5816,Competitor made better offer,1,69.73333333333333,0-6 months,Yes,1
3551-HUAZH,1,United States,California,Brownsville,95919,"39.440687, -121.263583",39.440687,-121.263583,Male,Yes,No,No,1,Yes,Yes,Fiber optic,No,No,No,No,No,No,Month-to-month,Yes,Electronic check,74.4,74.4,Yes,1,89,3429,Price too high,1,74.4,0-6 months,Yes,2
8634-MPHTR,1,United States,California,Forbestown,95941,"39.531028, -121.24807",39.531028,-121.24807,Male,Yes,Yes,No,47,Yes,Yes,Fiber optic,No,No,Yes,No,Yes,Yes,Month-to-month,Yes,Electronic check,100.05,4871.05,Yes,1,91,5166,Lack of self-service on Website,1,103.63936170212766,25-48 months,No,5
8761-NSOBC,1,United States,California,Gridley,95948,"39.346898, -121.759537",39.346898,-121.759537,Male,No,No,No,44,Yes,No,Fiber optic,No,Yes,No,Yes,Yes,Yes,Month-to-month,No,Electronic check,100.55,4398.15,Yes,1,81,3486,Network reliability,1,99.95795454545454,25-48 months,No,5
8413-VONUO,1,United States,California,Grimes,95950,"39.033058, -121.895718",39.033058,-121.895718,Male,No,No,No,2,Yes,No,Fiber optic,No,Yes,No,No,Yes,Yes,Month-to-month,No,Electronic check,95.65,167.3,Yes,1,82,5332,Limited range of services,1,83.65,0-6 months,Yes,4
9223-UCPVT,1,United States,California,Orland,95963,"39.748037, -122.302169",39.748037,-122.302169,Female,No,No,No,1,Yes,No,Fiber optic,No,No,Yes,No,Yes,Yes,Month-to-month,No,Electronic check,94.4,94.4,Yes,1,77,5764,Lack of affordable download/upload speed,1,94.4,0-6 months,Yes,4
5419-JPRRN,1,United States,California,Rough And Ready,95975,"39.225634, -121.156163",39.225634,-121.156163,Male,No,No,No,1,Yes,Yes,Fiber optic,No,No,Yes,No,Yes,Yes,Month-to-month,Yes,Electronic check,101.45,101.45,Yes,1,77,4390,Extra data charges,1,101.45,0-6 months,Yes,5
0488-GSLFR,1,United States,California,Taylorsville,95983,"40.053684, -120.743116",40.053684,-120.743116,Female,No,No,No,1,Yes,No,Fiber optic,No,No,No,No,No,No,Month-to-month,Yes,Electronic check,69.5,69.5,Yes,1,91,3365,Product dissatisfaction,1,69.5,0-6 months,Yes,1
9728-FTTVZ,1,United States,California,Williams,95987,"39.117537, -122.284654",39.117537,-122.284654,Female,No,No,No,1,Yes,No,Fiber optic,No,No,No,No,No,No,Month-to-month,Yes,Electronic check,69.2,69.2,Yes,1,82,4073,Lack of self-service on Website,1,69.2,0-6 months,Yes,1
7254-IQWOZ,1,United States,California,Redding,96001,"40.587919, -122.464732",40.587919,-122.464732,Male,No,No,No,1,Yes,No,Fiber optic,No,No,No,No,No,No,Month-to-month,Yes,Electronic check,69.65,69.65,Yes,1,67,5258,Network reliability,1,69.65,0-6 months,Yes,1
2474-BRUCM,1,United States,California,Redding,96002,"40.527834, -122.318749",40.527834,-122.318749,Male,Yes,Yes,No,40,Yes,Yes,Fiber optic,Yes,No,No,No,Yes,Yes,Month-to-month,No,Electronic check,101.85,4086.3,Yes,1,84,2837,Don't know,1,102.1575,25-48 months,No,5
0742-NXBGR,1,United States,California,Adin,96006,"41.171578, -120.913161",41.171578,-120.913161,Female,No,No,No,1,Yes,No,Fiber optic,No,Yes,Yes,No,No,No,Month-to-month,Yes,Electronic check,82.3,82.3,Yes,1,71,4278,Competitor had better devices,1,82.3,0-6 months,Yes,3
6110-OHIHY,1,United States,California,Burney,96013,"40.946785, -121.719489",40.946785,-121.719489,Male,No,No,No,3,Yes,No,Fiber optic,No,No,No,No,Yes,No,Month-to-month,No,Electronic check,79.25,267.6,Yes,1,89,4183,Competitor offered higher download speeds,1,89.2,0-6 months,Yes,2
5889-LFOLL,1,United States,California,Canby,96015,"41.486953, -120.913975",41.486953,-120.913975,Female,No,No,No,13,Yes,Yes,Fiber optic,No,No,No,No,No,Yes,Month-to-month,Yes,Electronic check,84.6,1115.2,Yes,1,77,2659,Competitor offered more data,1,85.78461538461539,13-24 months,No,3
5708-EVONK,1,United States,California,Cassel,96016,"40.936285, -121.572692",40.936285,-121.572692,Female,No,Yes,No,58,Yes,Yes,Fiber optic,Yes,Yes,No,No,No,Yes,Month-to-month,Yes,Bank transfer (automatic),93.4,5435.6,Yes,1,73,5989,Don't know,1,93.71724137931035,49+ months,No,5
8708-XPXHZ,1,United States,California,Castella,96017,"41.121108, -122.336613",41.121108,-122.336613,Female,No,Yes,No,42,Yes,Yes,Fiber optic,No,No,No,No,Yes,Yes,Month-to-month,Yes,Electronic check,94.2,4186.3,Yes,1,95,5458,Competitor had better devices,1,99.67380952380952,25-48 months,No,4
0220-EBGCE,1,United States,California,Fort Jones,96032,"41.5837, -122.935922",41.5837,-122.935922,Male,No,No,No,2,Yes,No,Fiber optic,No,No,Yes,No,No,Yes,Month-to-month,Yes,Electronic check,85.85,167.3,Yes,1,67,3273,Competitor offered more data,1,83.65,0-6 months,Yes,3
2754-VDLTR,1,United States,California,Greenview,96037,"41.528541, -122.955018",41.528541,-122.955018,Male,No,No,No,10,Yes,Yes,Fiber optic,No,No,No,No,Yes,Yes,Month-to-month,No,Electronic check,95.2,930.4,Yes,1,69,4922,Competitor offered more data,1,93.03999999999999,7-12 months,No,4
7235-NXZCP,1,United States,California,Hornbrook,96044,"41.962127, -122.527696",41.962127,-122.527696,Male,Yes,No,No,2,Yes,Yes,Fiber optic,No,No,No,No,No,No,Month-to-month,Yes,Mailed check,74.85,156.4,Yes,1,84,5378,Competitor made better offer,1,78.2,0-6 months,Yes,2
5712-PTIWW,1,United States,California,Mcarthur,96056,"41.10831, -121.360362",41.10831,-121.360362,Male,No,No,No,2,Yes,No,Fiber optic,No,No,Yes,Yes,No,No,Month-to-month,Yes,Electronic check,79.85,152.45,Yes,1,91,3280,Service dissatisfaction,1,76.225,0-6 months,Yes,3
3315-TOTBP,1,United States,California,Mill Creek,96061,"40.331975, -121.460674",40.331975,-121.460674,Male,No,No,No,15,Yes,Yes,Fiber optic,No,No,No,No,No,No,Month-to-month,Yes,Mailed check,76.0,1130.85,Yes,1,74,4938,Lack of self-service on Website,1,75.39,13-24 months,No,2
6661-HBGWL,1,United States,California,Mineral,96063,"40.408796, -121.579609",40.408796,-121.579609,Female,Yes,No,No,42,Yes,Yes,Fiber optic,No,Yes,Yes,No,Yes,Yes,Month-to-month,Yes,Bank transfer (automatic),104.75,4323.45,Yes,1,79,2984,Network reliability,1,102.93928571428572,25-48 months,No,6
1309-BXVOQ,1,United States,California,Old Station,96071,"40.656287, -121.428965",40.656287,-121.428965,Male,No,Yes,No,21,Yes,Yes,Fiber optic,No,No,Yes,Yes,Yes,Yes,Month-to-month,Yes,Electronic check,106.1,2249.95,Yes,1,69,3584,Long distance charges,1,107.14047619047618,13-24 months,No,6
9317-WZPGV,1,United States,California,Paskenta,96074,"39.884395, -122.587513",39.884395,-122.587513,Female,Yes,No,No,2,Yes,No,Fiber optic,No,No,No,No,No,Yes,Month-to-month,Yes,Bank transfer (automatic),79.75,159.4,Yes,1,77,4038,Extra data charges,1,79.7,0-6 months,Yes,2
2856-HYAPG,1,United States,California,Platina,96076,"40.367964, -122.937379",40.367964,-122.937379,Female,No,No,No,1,Yes,No,Fiber optic,No,No,No,No,No,No,Month-to-month,No,Electronic check,68.65,68.65,Yes,1,99,3052,Price too high,1,68.65,0-6 months,Yes,1
3621-CEOVK,1,United States,California,Trinity Center,96091,"41.081847, -122.700545",41.081847,-122.700545,Female,Yes,Yes,No,14,Yes,Yes,Fiber optic,No,Yes,No,No,Yes,Yes,Month-to-month,Yes,Electronic check,100.2,1369.8,Yes,1,97,3369,Service dissatisfaction,1,97.84285714285714,13-24 months,No,5
6906-ANDWJ,1,United States,California,Vina,96092,"39.955164, -122.018567",39.955164,-122.018567,Male,No,Yes,No,15,Yes,Yes,Fiber optic,No,No,No,No,No,No,Month-to-month,Yes,Bank transfer (automatic),74.9,1107.25,Yes,1,97,2510,Lack of self-service on Website,1,73.81666666666666,13-24 months,No,2
1031-IIDEO,1,United States,California,Sierra City,96125,"39.600599, -120.636358",39.600599,-120.636358,Female,No,No,No,1,Yes,No,Fiber optic,No,No,No,No,No,No,Month-to-month,Yes,Electronic check,70.85,70.85,Yes,1,72,2874,Network reliability,1,70.85,0-6 months,Yes,1
5832-XKAES,1,United States,California,Sierraville,96126,"39.559709, -120.345639",39.559709,-120.345639,Male,No,No,No,2,Yes,No,Fiber optic,No,No,No,No,No,No,Month-to-month,Yes,Credit card (automatic),69.8,134.7,Yes,1,74,2320,Don't know,1,67.35,0-6 months,Yes,1
0023-XUOPT,1,United States,California,Carnelian Bay,96140,"39.227434, -120.091806",39.227434,-120.091806,Female,No,Yes,No,13,Yes,Yes,Fiber optic,No,Yes,Yes,No,Yes,No,Month-to-month,No,Electronic check,94.1,1215.6,Yes,1,75,2973,Don't know,1,93.5076923076923,13-24 months,No,5
6518-LGAOV,1,United States,California,South Lake Tahoe,96150,"38.911577, -120.106169",38.911577,-120.106169,Female,No,Yes,No,38,Yes,Yes,Fiber optic,No,No,Yes,Yes,Yes,Yes,Month-to-month,Yes,Electronic check,105.0,4026.4,Yes,1,92,2341,Attitude of service provider,1,105.9578947368421,25-48 months,No,6
1062-LHZOD,1,United States,California,Los Angeles,90005,"34.059281, -118.30742",34.059281,-118.30742,Male,No,Yes,No,1,Yes,No,Fiber optic,No,No,No,No,No,No,Month-to-month,Yes,Mailed check,69.9,69.9,Yes,1,84,2100,Moved,1,69.9,0-6 months,Yes,1
9600-NAXZN,1,United States,California,Los Angeles,90010,"34.062125, -118.315709",34.062125,-118.315709,Male,No,No,No,43,Yes,Yes,Fiber optic,No,Yes,No,No,Yes,Yes,Month-to-month,Yes,Electronic check,101.4,4528.0,Yes,1,79,3370,Moved,1,105.30232558139535,25-48 months,No,5
6457-USBER,1,United States,California,Los Angeles,90014,"34.043144, -118.251977",34.043144,-118.251977,Male,No,No,No,1,Yes,No,Fiber optic,No,No,No,No,No,Yes,Month-to-month,Yes,Electronic check,80.8,80.8,Yes,1,82,4424,Moved,1,80.8,0-6 months,Yes,2
9248-OJYKK,1,United States,California,Los Angeles,90017,"34.052842, -118.264495",34.052842,-118.264495,Male,Yes,No,No,1,Yes,Yes,Fiber optic,No,No,No,No,No,No,Month-to-month,Yes,Electronic check,76.45,76.45,Yes,1,95,3763,Competitor offered higher download speeds,1,76.45,0-6 months,Yes,2
3398-FSHON,1,United States,California,Los Angeles,90019,"34.049841, -118.33846",34.049841,-118.33846,Female,Yes,No,No,12,Yes,Yes,Fiber optic,No,Yes,No,No,Yes,No,Month-to-month,Yes,Electronic check,91.3,1094.5,Yes,1,94,4703,Competitor offered more data,1,91.20833333333333,7-12 months,No,4
3319-DWOEP,1,United States,California,Los Angeles,90020,"34.066367, -118.309868",34.066367,-118.309868,Male,Yes,Yes,No,6,Yes,No,Fiber optic,No,No,Yes,No,Yes,Yes,Month-to-month,Yes,Electronic check,95.75,573.75,Yes,1,89,5750,Competitor made better offer,1,95.625,0-6 months,Yes,4
4415-IJZTP,1,United States,California,Los Angeles,90027,"34.127194, -118.295647",34.127194,-118.295647,Female,No,No,No,1,Yes,Yes,Fiber optic,No,No,No,No,No,No,Month-to-month,Yes,Electronic check,74.5,74.5,Yes,1,69,2016,Competitor had better devices,1,74.5,0-6 months,Yes,2
1465-VINDH,1,United States,California,Los Angeles,90028,"34.099869, -118.326843",34.099869,-118.326843,Female,No,Yes,No,10,Yes,Yes,Fiber optic,No,Yes,Yes,No,Yes,Yes,Month-to-month,Yes,Credit card (automatic),102.1,1068.85,Yes,1,78,3596,Competitor offered higher download speeds,1,106.88499999999999,7-12 months,No,6
1925-TIBLE,1,United States,California,Los Angeles,90049,"34.091829, -118.491244",34.091829,-118.491244,Female,No,Yes,No,7,Yes,Yes,Fiber optic,No,No,No,No,Yes,No,Month-to-month,Yes,Electronic check,86.5,582.5,Yes,1,74,3887,Competitor offered higher download speeds,1,83.21428571428571,7-12 months,No,3
0818-OCPZO,1,United States,California,Los Angeles,90059,"33.927254, -118.249826",33.927254,-118.249826,Male,Yes,No,No,27,Yes,Yes,Fiber optic,No,Yes,No,No,No,No,Month-to-month,Yes,Electronic check,81.45,2122.05,Yes,1,83,2571,Competitor offered more data,1,78.59444444444445,25-48 months,No,3
1447-GIQMR,1,United States,California,Los Angeles,90062,"34.003553, -118.308933",34.003553,-118.308933,Male,No,Yes,No,1,Yes,No,Fiber optic,No,No,No,No,No,No,Month-to-month,Yes,Electronic check,69.15,69.15,Yes,1,87,4179,Competitor offered more data,1,69.15,0-6 months,Yes,1
0872-NXJYS,1,United States,California,West Hollywood,90069,"34.093781, -118.381061",34.093781,-118.381061,Female,No,No,No,9,Yes,No,Fiber optic,No,No,No,No,No,Yes,Month-to-month,Yes,Electronic check,79.55,723.4,Yes,1,81,3246,Competitor offered more data,1,80.37777777777778,7-12 months,No,2
1389-CXMLU,1,United States,California,Downey,90242,"33.921793, -118.140588",33.921793,-118.140588,Male,Yes,No,No,3,Yes,Yes,Fiber optic,No,No,Yes,No,Yes,No,Month-to-month,No,Electronic check,91.05,289.1,Yes,1,99,2194,Competitor made better offer,1,96.36666666666667,0-6 months,Yes,4
5561-NWEVX,1,United States,California,Hermosa Beach,90254,"33.86532, -118.396336",33.86532,-118.396336,Female,Yes,Yes,No,2,Yes,Yes,Fiber optic,No,No,Yes,No,No,No,Month-to-month,No,Electronic check,79.2,172.85,Yes,1,67,4225,Price too high,1,86.425,0-6 months,Yes,3
2272-QAGFO,1,United States,California,Inglewood,90304,"33.936827, -118.359824",33.936827,-118.359824,Female,Yes,No,No,14,Yes,Yes,Fiber optic,No,No,No,No,No,No,Month-to-month,Yes,Electronic check,74.3,1096.25,Yes,1,71,5342,Service dissatisfaction,1,78.30357142857143,13-24 months,No,2
9850-OWRHQ,1,United States,California,Torrance,90502,"33.833181, -118.292062",33.833181,-118.292062,Female,No,Yes,No,3,Yes,Yes,Fiber optic,No,No,No,No,No,No,Month-to-month,Yes,Credit card (automatic),74.1,228.0,Yes,1,69,5657,Lack of self-service on Website,1,76.0,0-6 months,Yes,2
3768-NLUBH,1,United States,California,Torrance,90503,"33.840399, -118.353714",33.840399,-118.353714,Male,Yes,Yes,No,57,Yes,Yes,Fiber optic,No,No,Yes,No,Yes,Yes,Month-to-month,No,Electronic check,100.6,5746.15,Yes,1,74,5247,Network reliability,1,100.80964912280702,49+ months,No,5
8676-TRMJS,1,United States,California,Torrance,90504,"33.867257, -118.330794",33.867257,-118.330794,Male,No,No,No,3,Yes,Yes,Fiber optic,No,No,No,No,No,No,Month-to-month,No,Mailed check,75.0,209.1,Yes,1,88,3190,Limited range of services,1,69.7,0-6 months,Yes,2
0685-MLYYM,1,United States,California,Buena Park,90620,"33.845706, -118.012204",33.845706,-118.012204,Female,Yes,No,No,2,Yes,No,Fiber optic,No,No,No,No,No,No,Month-to-month,No,Electronic check,70.75,154.85,Yes,1,96,4407,Long distance charges,1,77.425,0-6 months,Yes,1
7957-RYHQD,1,United States,California,Bellflower,90706,"33.887676, -118.127289",33.887676,-118.127289,Female,Yes,No,No,40,Yes,No,Fiber optic,Yes,Yes,No,No,No,No,Month-to-month,Yes,Credit card (automatic),79.2,3233.85,Yes,1,94,3207,Price too high,1,80.84625,25-48 months,No,3
2180-DXNEG,1,United States,California,Harbor City,90710,"33.798266, -118.300237",33.798266,-118.300237,Female,No,No,No,12,Yes,No,Fiber optic,No,No,Yes,No,Yes,Yes,Month-to-month,Yes,Electronic check,96.0,1062.1,Yes,1,89,5239,Product dissatisfaction,1,88.50833333333333,7-12 months,No,4
5515-AKOAJ,1,United States,California,Hawaiian Gardens,90716,"33.830431, -118.074071",33.830431,-118.074071,Female,No,No,No,54,Yes,Yes,Fiber optic,No,No,No,Yes,Yes,Yes,Month-to-month,Yes,Electronic check,100.1,5440.9,Yes,1,75,5763,Service dissatisfaction,1,100.7574074074074,49+ months,No,5
6230-BSUXY,1,United States,California,Paramount,90723,"33.897122, -118.164432",33.897122,-118.164432,Female,Yes,No,No,1,Yes,No,Fiber optic,No,No,Yes,No,No,Yes,Month-to-month,Yes,Electronic check,85.0,85.0,Yes,1,93,2650,Network reliability,1,85.0,0-6 months,Yes,3
7660-HDPJV,1,United States,California,Long Beach,90810,"33.819814, -118.222416",33.819814,-118.222416,Female,No,No,No,1,Yes,No,Fiber optic,No,No,No,No,No,No,Month-to-month,Yes,Electronic check,69.2,69.2,Yes,1,81,2637,Poor expertise of online support,1,69.2,0-6 months,Yes,1
3990-QYKBE,1,United States,California,La Canada Flintridge,91011,"34.234912, -118.153729",34.234912,-118.153729,Male,Yes,Yes,No,37,Yes,Yes,Fiber optic,No,No,No,No,Yes,Yes,Month-to-month,Yes,Electronic check,92.5,3473.4,Yes,1,95,4127,Competitor had better devices,1,93.87567567567568,25-48 months,No,4
4919-MOAVT,1,United States,California,Pasadena,91103,"34.167465, -118.165327",34.167465,-118.165327,Male,No,No,No,3,Yes,No,Fiber optic,No,No,No,No,No,No,Month-to-month,No,Electronic check,69.65,220.1,Yes,1,84,2421,Competitor offered higher download speeds,1,73.36666666666666,0-6 months,Yes,1
9274-CNFMO,1,United States,California,Pacoima,91331,"34.255442, -118.421314",34.255442,-118.421314,Male,Yes,Yes,No,4,Yes,Yes,Fiber optic,No,No,No,No,No,No,Month-to-month,No,Electronic check,74.95,308.7,Yes,1,69,3716,Competitor offered more data,1,77.175,0-6 months,Yes,2
2446-PLQVO,1,United States,California,Santa Clarita,91350,"34.502432, -118.41459",34.502432,-118.41459,Male,No,No,No,1,Yes,No,Fiber optic,No,No,No,No,No,No,Month-to-month,Yes,Electronic check,70.3,70.3,Yes,1,78,4512,Don't know,1,70.3,0-6 months,Yes,1
3005-NFMTA,1,United States,California,Valencia,91354,"34.457005, -118.573726",34.457005,-118.573726,Male,Yes,No,No,55,Yes,Yes,Fiber optic,Yes,No,No,No,Yes,Yes,Month-to-month,Yes,Electronic check,98.8,5617.75,Yes,1,69,5543,Price too high,1,102.14090909090909,49+ months,No,5
8784-CGILN,1,United States,California,Tarzana,91356,"34.157137, -118.548511",34.157137,-118.548511,Female,No,No,No,18,Yes,Yes,Fiber optic,No,No,No,Yes,Yes,Yes,Month-to-month,Yes,Bank transfer (automatic),99.85,1776.95,Yes,1,100,3068,Product dissatisfaction,1,98.71944444444445,13-24 months,No,5
5389-FFVKB,1,United States,California,Thousand Oaks,91360,"34.214054, -118.88109",34.214054,-118.88109,Male,Yes,Yes,No,32,Yes,No,Fiber optic,No,No,No,No,No,Yes,Month-to-month,Yes,Credit card (automatic),80.3,2483.05,Yes,1,94,5365,Service dissatisfaction,1,77.5953125,25-48 months,No,2
8444-WRIDW,1,United States,California,Thousand Oaks,91362,"34.191842, -118.822796",34.191842,-118.822796,Female,Yes,No,No,66,Yes,Yes,Fiber optic,No,Yes,No,No,No,No,Month-to-month,Yes,Credit card (automatic),80.45,5224.35,Yes,1,79,5011,Lack of self-service on Website,1,79.15681818181818,49+ months,No,3
9451-LPGOO,1,United States,California,Panorama City,91402,"34.223768, -118.445461",34.223768,-118.445461,Male,No,No,No,7,Yes,Yes,Fiber optic,No,No,No,No,No,Yes,Month-to-month,Yes,Electronic check,86.8,620.35,Yes,1,66,3780,Network reliability,1,88.62142857142858,7-12 months,No,3
5868-YWPDW,1,United States,California,Sherman Oaks,91423,"34.146957, -118.432138",34.146957,-118.432138,Male,Yes,Yes,No,6,Yes,No,Fiber optic,No,Yes,No,No,No,Yes,Month-to-month,Yes,Electronic check,84.2,519.15,Yes,1,72,5834,Limited range of services,1,86.52499999999999,0-6 months,Yes,3
2025-JKFWI,1,United States,California,Burbank,91501,"34.188339, -118.300942",34.188339,-118.300942,Male,No,No,No,13,Yes,Yes,Fiber optic,No,No,No,Yes,Yes,Yes,Month-to-month,Yes,Mailed check,99.0,1301.7,Yes,1,81,3493,Lack of affordable download/upload speed,1,100.13076923076923,13-24 months,No,5
4078-SAYYN,1,United States,California,Burbank,91502,"34.177267, -118.31003",34.177267,-118.31003,Female,No,No,No,11,Yes,Yes,Fiber optic,No,No,Yes,No,Yes,Yes,Month-to-month,Yes,Electronic check,100.75,1129.75,Yes,1,65,2229,Long distance charges,1,102.70454545454545,7-12 months,No,5
9940-HPQPG,1,United States,California,North Hollywood,91601,"34.1692, -118.372498",34.1692,-118.372498,Female,No,Yes,No,9,Yes,Yes,Fiber optic,Yes,Yes,Yes,No,No,No,Month-to-month,No,Bank transfer (automatic),91.75,865.8,Yes,1,91,4176,Extra data charges,1,96.19999999999999,7-12 months,No,5
6618-RYATB,1,United States,California,North Hollywood,91605,"34.207295, -118.400022",34.207295,-118.400022,Female,No,No,No,1,Yes,Yes,Fiber optic,No,No,Yes,No,No,No,Month-to-month,Yes,Mailed check,79.55,79.55,Yes,1,93,5571,Price too high,1,79.55,0-6 months,Yes,3
9079-YEXQJ,1,United States,California,Chino,91710,"33.990646, -117.663025",33.990646,-117.663025,Female,No,No,No,54,Yes,Yes,Fiber optic,No,Yes,Yes,Yes,Yes,Yes,Month-to-month,No,Electronic check,111.1,6014.85,Yes,1,93,5527,Product dissatisfaction,1,111.38611111111112,49+ months,No,7
2685-SREOM,1,United States,California,Rancho Cucamonga,91730,"34.10097, -117.57882",34.10097,-117.57882,Female,No,Yes,No,25,Yes,Yes,Fiber optic,No,No,Yes,No,No,Yes,Month-to-month,Yes,Electronic check,89.1,2368.4,Yes,1,96,4793,Service dissatisfaction,1,94.736,25-48 months,No,4
0402-CQAJN,1,United States,California,El Monte,91732,"34.074492, -118.01462",34.074492,-118.01462,Female,No,No,No,37,Yes,Yes,Fiber optic,No,Yes,Yes,No,Yes,Yes,Month-to-month,Yes,Bank transfer (automatic),101.9,3545.35,Yes,1,83,4437,Lack of self-service on Website,1,95.82027027027027,25-48 months,No,6
6692-UDPJC,1,United States,California,South El Monte,91733,"34.04622, -118.053753",34.04622,-118.053753,Female,No,Yes,Yes,14,Yes,Yes,Fiber optic,No,No,No,Yes,Yes,No,Month-to-month,Yes,Electronic check,91.65,1301.0,Yes,1,65,4304,Network reliability,1,92.92857142857143,13-24 months,No,4
1273-MTETI,1,United States,California,Rancho Cucamonga,91737,"34.245289, -117.642503",34.245289,-117.642503,Female,Yes,No,No,4,Yes,Yes,Fiber optic,No,No,Yes,No,No,Yes,Month-to-month,Yes,Electronic check,88.85,372.45,Yes,1,74,2754,Don't know,1,93.1125,0-6 months,Yes,4
0295-PPHDO,1,United States,California,La Puente,91744,"34.031441, -117.936436",34.031441,-117.936436,Male,No,No,No,1,Yes,Yes,Fiber optic,No,No,No,No,Yes,Yes,Month-to-month,Yes,Electronic check,95.45,95.45,Yes,1,71,5962,Attitude of support person,1,95.45,0-6 months,Yes,4
1195-OIYEJ,1,United States,California,La Puente,91746,"34.038983, -117.991372",34.038983,-117.991372,Male,No,No,No,13,Yes,No,Fiber optic,No,No,No,No,Yes,Yes,Month-to-month,Yes,Electronic check,91.1,1135.7,Yes,1,78,5347,Attitude of support person,1,87.36153846153846,13-24 months,No,3
4501-EQDRN,1,United States,California,Montclair,91763,"34.072121, -117.698319",34.072121,-117.698319,Female,No,No,No,1,Yes,No,Fiber optic,No,No,No,No,No,No,Month-to-month,No,Bank transfer (automatic),69.7,69.7,Yes,1,98,4620,Attitude of service provider,1,69.7,0-6 months,Yes,1
2990-HWIML,1,United States,California,Ontario,91764,"34.074087, -117.605618",34.074087,-117.605618,Female,No,No,No,6,Yes,No,Fiber optic,No,No,No,No,Yes,Yes,Month-to-month,Yes,Electronic check,89.5,573.3,Yes,1,82,2898,Attitude of service provider,1,95.55,0-6 months,Yes,3
7603-USHJS,1,United States,California,San Gabriel,91775,"34.114772, -118.089431",34.114772,-118.089431,Male,No,No,Yes,12,Yes,Yes,Fiber optic,No,No,No,No,No,No,Month-to-month,Yes,Credit card (automatic),73.75,871.4,Yes,1,78,2010,Attitude of support person,1,72.61666666666666,7-12 months,No,2
7234-FECYN,1,United States,California,San Gabriel,91776,"34.089927, -118.095645",34.089927,-118.095645,Female,Yes,No,No,8,Yes,Yes,Fiber optic,No,No,Yes,No,Yes,Yes,Month-to-month,No,Electronic check,101.35,780.5,Yes,1,68,5546,Attitude of support person,1,97.5625,7-12 months,No,5
1400-MMYXY,1,United States,California,Alhambra,91801,"34.090925, -118.128164",34.090925,-118.128164,Male,Yes,Yes,No,3,Yes,Yes,Fiber optic,No,Yes,Yes,No,Yes,Yes,Month-to-month,Yes,Electronic check,105.9,334.65,Yes,1,71,2715,Attitude of service provider,1,111.55,0-6 months,Yes,6
1041-RXHRA,1,United States,California,Guatay,91931,"32.857946, -116.561917",32.857946,-116.561917,Female,No,No,No,41,Yes,No,Fiber optic,No,No,No,No,No,No,Month-to-month,No,Bank transfer (automatic),70.25,2868.05,Yes,1,69,3407,Attitude of support person,1,69.95243902439024,25-48 months,No,1
7142-HVGBG,1,United States,California,Mount Laguna,91948,"32.830852, -116.444601",32.830852,-116.444601,Male,Yes,Yes,No,43,Yes,Yes,Fiber optic,No,Yes,Yes,No,Yes,Yes,Month-to-month,Yes,Electronic check,103.0,4414.3,Yes,1,99,2505,Attitude of service provider,1,102.65813953488373,25-48 months,No,6
6457-GIRWB,1,United States,California,Carlsbad,92008,"33.148116, -117.306043",33.148116,-117.306043,Male,No,No,No,1,Yes,No,Fiber optic,No,No,No,No,No,No,Month-to-month,Yes,Electronic check,69.35,69.35,Yes,1,88,2843,Attitude of service provider,1,69.35,0-6 months,Yes,1
1450-SKCVI,1,United States,California,Del Mar,92014,"32.948262, -117.256086",32.948262,-117.256086,Female,No,No,No,56,Yes,No,Fiber optic,No,Yes,No,No,No,No,Month-to-month,Yes,Electronic check,73.85,4092.85,Yes,1,72,5276,Attitude of support person,1,73.08660714285715,49+ months,No,2
5570-PTWEH,1,United States,California,Encinitas,92024,"33.054579, -117.25665",33.054579,-117.25665,Female,No,Yes,No,3,Yes,Yes,Fiber optic,No,No,No,No,No,No,Month-to-month,Yes,Credit card (automatic),75.15,216.75,Yes,1,78,2270,Attitude of support person,1,72.25,0-6 months,Yes,2
6502-MJQAE,1,United States,California,Escondido,92027,"33.141265, -116.967221",33.141265,-116.967221,Male,No,No,No,1,Yes,No,Fiber optic,No,No,No,No,No,No,Month-to-month,Yes,Electronic check,69.6,69.6,Yes,1,87,2072,Attitude of support person,1,69.6,0-6 months,Yes,1
7693-LCKZL,1,United States,California,Julian,92036,"32.980678, -116.262854",32.980678,-116.262854,Male,No,Yes,Yes,5,Yes,Yes,Fiber optic,No,Yes,No,No,No,No,Month-to-month,Yes,Electronic check,80.15,385.0,Yes,1,84,5124,Attitude of service provider,1,77.0,0-6 months,Yes,3
6394-MFYNG,1,United States,California,Solana Beach,92075,"33.001813, -117.263628",33.001813,-117.263628,Female,No,No,No,48,Yes,Yes,Fiber optic,No,Yes,Yes,No,Yes,Yes,Month-to-month,Yes,Bank transfer (automatic),107.4,5121.3,Yes,1,89,4956,Attitude of support person,1,106.69375000000001,25-48 months,No,6
1564-NTYXF,1,United States,California,San Marcos,92078,"33.119028, -117.166036",33.119028,-117.166036,Female,Yes,No,No,13,Yes,Yes,Fiber optic,No,No,No,No,No,Yes,Month-to-month,Yes,Electronic check,82.0,1127.2,Yes,1,99,3363,Attitude of support person,1,86.70769230769231,13-24 months,No,3
8155-IBNHG,1,United States,California,San Diego,92103,"32.747484, -117.166877",32.747484,-117.166877,Female,No,Yes,No,24,Yes,Yes,Fiber optic,No,No,No,No,No,No,Month-to-month,Yes,Credit card (automatic),75.4,1747.85,Yes,1,74,2325,Attitude of support person,1,72.82708333333333,13-24 months,No,2
0886-QGENL,1,United States,California,San Diego,92104,"32.741499, -117.127409",32.741499,-117.127409,Female,Yes,Yes,No,27,Yes,No,Fiber optic,Yes,No,Yes,No,Yes,Yes,Month-to-month,Yes,Electronic check,101.25,2754.45,Yes,1,77,4853,Attitude of service provider,1,102.01666666666667,25-48 months,No,5
8739-WWKDU,1,United States,California,San Diego,92109,"32.787836, -117.232376",32.787836,-117.232376,Male,Yes,No,No,25,Yes,Yes,Fiber optic,No,Yes,No,No,Yes,No,Month-to-month,Yes,Electronic check,89.5,2196.15,Yes,1,90,4849,Attitude of service provider,1,87.846,25-48 months,No,4
8685-WHQPW,1,United States,California,San Diego,92110,"32.76501, -117.19938",32.76501,-117.19938,Female,Yes,No,No,22,Yes,Yes,Fiber optic,No,No,No,No,No,No,Month-to-month,Yes,Bank transfer (automatic),74.4,1692.6,Yes,1,81,2407,Attitude of service provider,1,76.93636363636364,13-24 months,No,2
8083-YTZES,1,United States,California,San Diego,92113,"32.697098, -117.116587",32.697098,-117.116587,Male,No,No,No,4,Yes,Yes,Fiber optic,No,No,No,No,No,No,Month-to-month,Yes,Electronic check,74.35,265.35,Yes,1,73,3622,Attitude of support person,1,66.3375,0-6 months,Yes,2
7240-FQLHE,1,United States,California,San Diego,92114,"32.707892, -117.05512",32.707892,-117.05512,Female,Yes,Yes,No,18,Yes,Yes,Fiber optic,No,No,No,Yes,Yes,Yes,Month-to-month,No,Bank transfer (automatic),99.75,1836.25,Yes,1,68,5857,Attitude of support person,1,102.01388888888889,13-24 months,No,5
3976-BWUCK,1,United States,California,San Diego,92130,"32.957195, -117.202542",32.957195,-117.202542,Female,No,Yes,No,30,Yes,Yes,Fiber optic,No,Yes,No,Yes,Yes,No,Month-to-month,Yes,Credit card (automatic),94.1,2804.45,Yes,1,94,5255,Attitude of service provider,1,93.48166666666665,25-48 months,No,5
3585-ISXZP,1,United States,California,Indio,92201,"33.713891, -116.237257",33.713891,-116.237257,Female,No,No,No,8,Yes,Yes,Fiber optic,No,No,No,No,Yes,Yes,Month-to-month,No,Bank transfer (automatic),95.65,778.1,Yes,1,95,5335,Attitude of support person,1,97.2625,7-12 months,No,4
6583-QGCSI,1,United States,California,Indian Wells,92210,"33.537646, -116.291089",33.537646,-116.291089,Female,Yes,Yes,No,50,Yes,Yes,Fiber optic,No,Yes,No,No,Yes,No,Month-to-month,Yes,Electronic check,88.05,4367.35,Yes,1,87,5813,Competitor made better offer,1,87.34700000000001,49+ months,No,4
0093-XWZFY,1,United States,California,Desert Hot Springs,92241,"33.832799, -116.250973",33.832799,-116.250973,Male,No,No,No,40,Yes,Yes,Fiber optic,No,Yes,Yes,No,Yes,Yes,Month-to-month,Yes,Credit card (automatic),104.5,4036.85,Yes,1,93,2832,Competitor had better devices,1,100.92125,25-48 months,No,6
1980-KXVPM,1,United States,California,El Centro,92243,"32.770393, -115.60915",32.770393,-115.60915,Female,Yes,No,No,3,Yes,Yes,Fiber optic,No,No,No,No,No,No,Month-to-month,Yes,Credit card (automatic),75.05,256.25,Yes,1,83,3553,Competitor offered higher download speeds,1,85.41666666666667,0-6 months,Yes,2
7703-ZEKEF,1,United States,California,Heber,92249,"32.730583, -115.501083",32.730583,-115.501083,Male,No,No,No,23,Yes,Yes,Fiber optic,No,No,Yes,No,No,No,Month-to-month,Yes,Electronic check,81.0,1917.1,Yes,1,78,5701,Competitor offered more data,1,83.35217391304347,13-24 months,No,3
0723-DRCLG,1,United States,California,Holtville,92250,"32.811001, -115.152865",32.811001,-115.152865,Female,Yes,Yes,No,1,Yes,Yes,Fiber optic,No,No,No,No,No,No,Month-to-month,Yes,Electronic check,74.45,74.45,Yes,1,94,2394,Competitor made better offer,1,74.45,0-6 months,Yes,2
1122-JWTJW,1,United States,California,Ocotillo,92259,"32.698964, -115.886656",32.698964,-115.886656,Male,No,Yes,Yes,1,Yes,No,Fiber optic,No,No,No,No,No,No,Month-to-month,Yes,Mailed check,70.65,70.65,Yes,1,82,3463,Competitor had better devices,1,70.65,0-6 months,Yes,1
6894-LFHLY,1,United States,California,Vidal,92280,"34.264124, -114.717964",34.264124,-114.717964,Male,Yes,No,No,1,Yes,Yes,Fiber optic,No,No,No,No,No,No,Month-to-month,Yes,Electronic check,75.75,75.75,Yes,1,97,5571,Competitor offered higher download speeds,1,75.75,0-6 months,Yes,2
0639-TSIQW,1,United States,California,White Water,92282,"33.972293, -116.654195",33.972293,-116.654195,Female,No,No,No,67,Yes,Yes,Fiber optic,Yes,Yes,Yes,No,Yes,No,Month-to-month,Yes,Credit card (automatic),102.95,6886.25,Yes,1,70,5620,Competitor offered more data,1,102.77985074626865,49+ months,No,6
8361-LTMKD,1,United States,California,Apple Valley,92307,"34.55082, -117.122396",34.55082,-117.122396,Male,Yes,Yes,No,4,Yes,Yes,Fiber optic,No,No,No,No,No,No,Month-to-month,Yes,Mailed check,74.4,306.6,Yes,1,77,5839,Competitor offered more data,1,76.65,0-6 months,Yes,2
1452-KIOVK,1,United States,California,Los Angeles,90007,"34.027337, -118.28515",34.027337,-118.28515,Male,No,No,Yes,22,Yes,Yes,Fiber optic,No,Yes,No,No,Yes,No,Month-to-month,Yes,Credit card (automatic),89.1,1949.4,No,0,43,4459,nan,0,88.60909090909091,13-24 months,No,4
5129-JLPIS,1,United States,California,Los Angeles,90016,"34.028331, -118.354338",34.028331,-118.354338,Male,No,No,No,25,Yes,No,Fiber optic,Yes,No,Yes,Yes,Yes,Yes,Month-to-month,Yes,Electronic check,105.5,2686.05,No,0,75,5822,nan,0,107.44200000000001,25-48 months,No,6
4183-MYFRB,1,United States,California,Los Angeles,90021,"34.029043, -118.239504",34.029043,-118.239504,Female,No,No,No,21,Yes,No,Fiber optic,No,Yes,Yes,No,No,Yes,Month-to-month,Yes,Electronic check,90.05,1862.9,No,0,57,5982,nan,0,88.70952380952382,13-24 months,No,4
4929-XIHVW,1,United States,California,Los Angeles,90034,"34.030578, -118.399613",34.030578,-118.399613,Male,Yes,Yes,No,2,Yes,No,Fiber optic,No,No,Yes,No,Yes,Yes,Month-to-month,Yes,Credit card (automatic),95.5,181.65,No,0,69,4449,nan,0,90.825,0-6 months,Yes,4
6572-ADKRS,1,United States,California,Los Angeles,90040,"33.994524, -118.149953",33.994524,-118.149953,Female,No,No,No,46,Yes,No,Fiber optic,No,No,Yes,No,No,No,Month-to-month,Yes,Credit card (automatic),74.8,3548.3,No,0,41,3395,nan,0,77.13695652173914,25-48 months,No,2
3714-NTNFO,1,United States,California,Los Angeles,90048,"34.072945, -118.37267",34.072945,-118.37267,Female,No,No,No,49,Yes,Yes,Fiber optic,No,No,No,No,No,Yes,Month-to-month,Yes,Electronic check,84.5,3906.7,No,0,71,6434,nan,0,79.72857142857143,49+ months,No,3
8012-SOUDQ,1,United States,California,Los Angeles,90059,"33.927254, -118.249826",33.927254,-118.249826,Female,Yes,No,No,43,Yes,Yes,Fiber optic,No,Yes,No,No,Yes,No,Month-to-month,Yes,Electronic check,90.25,3838.75,No,0,52,2223,nan,0,89.27325581395348,25-48 months,No,4
0434-CSFON,1,United States,California,Los Angeles,90071,"34.052917, -118.255178",34.052917,-118.255178,Female,No,Yes,No,47,Yes,Yes,Fiber optic,No,No,Yes,No,Yes,Yes,Month-to-month,Yes,Electronic check,100.5,4707.1,No,0,70,4488,nan,0,100.15106382978725,25-48 months,No,5
1215-FIGMP,1,United States,California,Los Angeles,90077,"34.102084, -118.451629",34.102084,-118.451629,Male,No,No,No,60,Yes,Yes,Fiber optic,No,Yes,No,No,Yes,No,Month-to-month,Yes,Bank transfer (automatic),89.9,5450.7,No,0,35,6292,nan,0,90.845,49+ months,No,4
7410-OIEDU,1,United States,California,Culver City,90230,"33.993991, -118.39704",33.993991,-118.39704,Male,No,No,No,10,Yes,No,Fiber optic,Yes,No,Yes,No,No,No,Month-to-month,Yes,Mailed check,79.85,887.35,No,0,38,5983,nan,0,88.735,7-12 months,No,3
9919-YLNNG,1,United States,California,Malibu,90263,"34.037037, -118.705803",34.037037,-118.705803,Female,No,No,No,42,Yes,No,Fiber optic,No,Yes,Yes,Yes,Yes,Yes,Month-to-month,Yes,Bank transfer (automatic),103.8,4327.5,No,0,37,4005,nan,0,103.03571428571429,25-48 months,No,6
4445-ZJNMU,1,United States,California,Manhattan Beach,90266,"33.889632, -118.39737",33.889632,-118.39737,Male,No,No,No,9,Yes,Yes,Fiber optic,No,Yes,No,No,Yes,Yes,Month-to-month,Yes,Credit card (automatic),99.3,918.75,No,0,69,3540,nan,0,102.08333333333333,7-12 months,No,5
4767-HZZHQ,1,United States,California,Redondo Beach,90277,"33.830453, -118.384565",33.830453,-118.384565,Male,No,Yes,Yes,30,Yes,No,Fiber optic,No,Yes,Yes,No,No,No,Month-to-month,No,Bank transfer (automatic),82.05,2570.2,No,0,9,5036,nan,0,85.67333333333333,25-48 months,No,3
2424-WVHPL,1,United States,California,Redondo Beach,90278,"33.873395, -118.37019",33.873395,-118.37019,Male,Yes,No,No,1,Yes,No,Fiber optic,No,No,No,Yes,No,No,Month-to-month,No,Electronic check,74.7,74.7,No,0,60,4182,nan,0,74.7,0-6 months,Yes,2
6067-NGCEU,1,United States,California,Topanga,90290,"34.115192, -118.61017",34.115192,-118.61017,Female,No,No,No,65,Yes,Yes,Fiber optic,Yes,Yes,Yes,No,Yes,Yes,Month-to-month,Yes,Credit card (automatic),111.05,7107.0,No,0,38,5261,nan,0,109.33846153846154,49+ months,No,7
5712-AHQNN,1,United States,California,Whittier,90601,"34.007353, -118.033683",34.007353,-118.033683,Female,No,No,No,43,Yes,No,Fiber optic,No,Yes,Yes,No,Yes,No,Month-to-month,Yes,Electronic check,91.65,3954.1,No,0,65,3826,nan,0,91.95581395348837,25-48 months,No,4
3071-VBYPO,1,United States,California,Whittier,90604,"33.929704, -118.01208",33.929704,-118.01208,Male,No,Yes,Yes,3,Yes,No,Fiber optic,Yes,Yes,No,No,Yes,No,Month-to-month,No,Electronic check,89.85,248.4,No,0,22,4648,nan,0,82.8,0-6 months,Yes,4
9445-ZUEQE,1,United States,California,Buena Park,90621,"33.874224, -117.993368",33.874224,-117.993368,Male,No,Yes,Yes,27,Yes,Yes,Fiber optic,No,Yes,No,Yes,No,No,Month-to-month,Yes,Credit card (automatic),85.2,2151.6,No,0,28,3796,nan,0,79.68888888888888,25-48 months,No,4
2876-GZYZC,1,United States,California,Cerritos,90703,"33.8681, -118.067402",33.8681,-118.067402,Female,No,No,No,13,Yes,Yes,Fiber optic,No,No,No,No,No,Yes,Month-to-month,Yes,Electronic check,85.95,1215.65,No,0,58,5886,nan,0,93.51153846153846,13-24 months,No,3
7850-VWJUU,1,United States,California,Lakewood,90715,"33.841027, -118.078097",33.841027,-118.078097,Female,No,No,No,23,Yes,No,Fiber optic,Yes,No,No,No,No,No,Month-to-month,Yes,Bank transfer (automatic),75.0,1778.5,No,0,29,2221,nan,0,77.32608695652173,13-24 months,No,2
6551-GNYDG,1,United States,California,Long Beach,90808,"33.823943, -118.111335",33.823943,-118.111335,Female,No,Yes,Yes,14,Yes,No,Fiber optic,No,No,No,No,No,Yes,Month-to-month,Yes,Bank transfer (automatic),80.9,1152.8,No,0,46,2563,nan,0,82.34285714285714,13-24 months,No,2
9167-APMXZ,1,United States,California,Long Beach,90810,"33.819814, -118.222416",33.819814,-118.222416,Female,No,No,No,22,Yes,Yes,Fiber optic,No,No,No,No,Yes,No,Month-to-month,Yes,Bank transfer (automatic),84.15,1821.95,No,0,32,3549,nan,0,82.81590909090909,13-24 months,No,3
4482-EWFMI,1,United States,California,Arcadia,91006,"34.137319, -118.029837",34.137319,-118.029837,Female,No,No,No,2,Yes,No,Fiber optic,No,No,No,No,No,No,Month-to-month,Yes,Electronic check,69.7,135.2,No,0,43,3056,nan,0,67.6,0-6 months,Yes,1
5947-SGKCL,1,United States,California,San Marino,91108,"34.122671, -118.112911",34.122671,-118.112911,Female,No,Yes,Yes,15,Yes,Yes,Fiber optic,No,Yes,Yes,No,Yes,Yes,Month-to-month,Yes,Bank transfer (automatic),105.35,1559.25,No,0,66,2721,nan,0,103.95,13-24 months,No,6
2604-IJPDU,1,United States,California,Encino,91316,"34.150354, -118.518292",34.150354,-118.518292,Female,No,Yes,No,20,Yes,No,Fiber optic,Yes,Yes,No,Yes,Yes,No,Month-to-month,Yes,Electronic check,96.55,1901.65,No,0,36,4382,nan,0,95.08250000000001,13-24 months,No,5
6168-YBYNP,1,United States,California,Newhall,91321,"34.370378, -118.504118",34.370378,-118.504118,Male,No,No,No,59,Yes,Yes,Fiber optic,No,Yes,Yes,Yes,Yes,Yes,Month-to-month,Yes,Electronic check,111.35,6519.75,No,0,62,6047,nan,0,110.5042372881356,49+ months,No,7
8544-GOQSH,1,United States,California,Pacoima,91331,"34.255442, -118.421314",34.255442,-118.421314,Female,No,No,No,14,Yes,No,Fiber optic,No,Yes,No,Yes,No,No,Month-to-month,Yes,Credit card (automatic),80.05,1112.3,No,0,53,4400,nan,0,79.45,13-24 months,No,3
7018-WBJNK,1,United States,California,San Fernando,91340,"34.286131, -118.435969",34.286131,-118.435969,Male,No,No,Yes,13,Yes,No,Fiber optic,No,No,No,No,Yes,No,Month-to-month,Yes,Credit card (automatic),78.3,1033.95,No,0,26,5566,nan,0,79.53461538461539,13-24 months,No,2
9142-KZXOP,1,United States,California,Sylmar,91342,"34.321621, -118.399841",34.321621,-118.399841,Male,No,No,No,44,Yes,No,Fiber optic,No,No,No,No,No,No,Month-to-month,No,Credit card (automatic),68.85,2958.95,No,0,51,2053,nan,0,67.24886363636364,25-48 months,No,1
2504-DSHIH,1,United States,California,Thousand Oaks,91360,"34.214054, -118.88109",34.214054,-118.88109,Male,Yes,Yes,No,23,Yes,Yes,Fiber optic,No,No,No,No,No,Yes,Month-to-month,No,Electronic check,86.8,1975.85,No,0,38,5788,nan,0,85.90652173913043,13-24 months,No,3
6496-JDSSB,1,United States,California,Oak Park,91377,"34.19225, -118.776874",34.19225,-118.776874,Female,No,No,No,8,Yes,No,Fiber optic,No,No,No,No,Yes,No,Month-to-month,Yes,Bank transfer (automatic),80.0,624.6,No,0,22,2165,nan,0,78.075,7-12 months,No,2
4811-JBUVU,1,United States,California,Sherman Oaks,91423,"34.146957, -118.432138",34.146957,-118.432138,Male,No,No,No,30,Yes,Yes,Fiber optic,No,No,No,Yes,No,Yes,Month-to-month,Yes,Credit card (automatic),89.9,2723.15,No,0,33,3233,nan,0,90.77166666666668,25-48 months,No,4
3316-UWXUY,1,United States,California,Burbank,91502,"34.177267, -118.31003",34.177267,-118.31003,Male,No,No,No,50,Yes,No,Fiber optic,Yes,Yes,No,Yes,No,Yes,Month-to-month,Yes,Credit card (automatic),93.5,4747.5,No,0,70,6367,nan,0,94.95,49+ months,No,5
9903-LYSAB,1,United States,California,Studio City,91604,"34.139082, -118.39275",34.139082,-118.39275,Male,No,Yes,No,18,Yes,Yes,Fiber optic,No,No,No,No,No,No,Month-to-month,Yes,Electronic check,73.15,1305.95,No,0,73,4283,nan,0,72.55277777777778,13-24 months,No,2
9058-HRZSV,1,United States,California,Baldwin Park,91706,"34.098275, -117.967399",34.098275,-117.967399,Female,Yes,Yes,No,65,Yes,No,Fiber optic,Yes,Yes,Yes,No,No,Yes,Month-to-month,No,Electronic check,94.4,6126.15,No,0,7,5348,nan,0,94.24846153846153,49+ months,No,5
0221-WMXNQ,1,United States,California,Chino,91710,"33.990646, -117.663025",33.990646,-117.663025,Male,Yes,No,No,4,Yes,No,Fiber optic,Yes,No,No,No,No,No,Month-to-month,No,Electronic check,75.35,273.4,No,0,40,4033,nan,0,68.35,0-6 months,Yes,2
7529-ZDFXI,1,United States,California,La Verne,91750,"34.144703, -117.770299",34.144703,-117.770299,Male,Yes,Yes,No,57,Yes,Yes,Fiber optic,No,Yes,No,No,No,Yes,Month-to-month,Yes,Electronic check,89.85,4925.35,No,0,36,4429,nan,0,86.40964912280702,49+ months,No,4
3197-ARFOY,1,United States,California,Ontario,91761,"34.035602, -117.591528",34.035602,-117.591528,Female,Yes,No,No,19,Yes,No,Fiber optic,Yes,Yes,No,Yes,Yes,Yes,Month-to-month,Yes,Mailed check,105.0,2007.25,No,0,59,3524,nan,0,105.64473684210526,13-24 months,No,6
4716-HHKQH,1,United States,California,Pomona,91767,"34.083086, -117.737997",34.083086,-117.737997,Male,Yes,Yes,No,20,Yes,Yes,Fiber optic,No,Yes,No,Yes,Yes,Yes,Month-to-month,No,Electronic check,107.05,2172.05,No,0,65,5328,nan,0,108.6025,13-24 months,No,6
4847-TAJYI,1,United States,California,Chula Vista,91911,"32.607964, -117.059459",32.607964,-117.059459,Female,Yes,No,No,6,Yes,No,Fiber optic,No,No,No,No,Yes,Yes,Month-to-month,Yes,Electronic check,89.35,567.8,No,0,75,2578,nan,0,94.63333333333333,0-6 months,Yes,3
6851-WEFYX,1,United States,California,Descanso,91916,"32.912664, -116.635387",32.912664,-116.635387,Male,Yes,Yes,No,35,Yes,Yes,Fiber optic,No,No,Yes,No,Yes,Yes,Month-to-month,Yes,Electronic check,100.8,3437.5,No,0,38,3318,nan,0,98.21428571428571,25-48 months,No,5
8266-VBFQL,1,United States,California,Jamul,91935,"32.695681, -116.798386",32.695681,-116.798386,Male,No,No,No,4,Yes,No,Fiber optic,No,No,Yes,Yes,No,Yes,Month-to-month,Yes,Electronic check,90.4,356.65,No,0,35,3314,nan,0,89.1625,0-6 months,Yes,4
2240-HSJQD,1,United States,California,La Mesa,91942,"32.782501, -117.01611",32.782501,-117.01611,Male,No,No,Yes,38,Yes,Yes,Fiber optic,No,Yes,No,No,No,No,Month-to-month,Yes,Mailed check,81.85,3141.7,No,0,55,3571,nan,0,82.67631578947368,25-48 months,No,3
3167-SNQPL,1,United States,California,Pine Valley,91962,"32.800671, -116.483363",32.800671,-116.483363,Male,Yes,Yes,Yes,38,Yes,Yes,Fiber optic,No,Yes,No,No,Yes,Yes,Month-to-month,No,Electronic check,101.15,3741.85,No,0,78,4036,nan,0,98.46973684210526,25-48 months,No,5
7277-OZCGZ,1,United States,California,Spring Valley,91978,"32.730264, -116.950963",32.730264,-116.950963,Female,No,No,No,22,Yes,No,Fiber optic,Yes,No,No,Yes,No,Yes,Month-to-month,Yes,Electronic check,89.05,1886.25,No,0,75,5479,nan,0,85.73863636363636,13-24 months,No,4
2799-ARNLO,1,United States,California,Bonsall,92003,"33.290907, -117.202895",33.290907,-117.202895,Female,Yes,Yes,No,5,Yes,No,Fiber optic,No,No,No,No,No,No,Month-to-month,Yes,Electronic check,69.35,341.6,No,0,41,5437,nan,0,68.32000000000001,0-6 months,Yes,1
6745-JEFZB,1,United States,California,El Cajon,92019,"32.785165, -116.862648",32.785165,-116.862648,Male,No,Yes,No,35,Yes,Yes,Fiber optic,No,No,No,Yes,Yes,No,Month-to-month,Yes,Credit card (automatic),91.5,3236.35,No,0,78,3617,nan,0,92.46714285714286,25-48 months,No,4
4983-CLMLV,1,United States,California,Escondido,92027,"33.141265, -116.967221",33.141265,-116.967221,Female,No,Yes,No,52,Yes,Yes,Fiber optic,No,Yes,No,Yes,Yes,Yes,Month-to-month,Yes,Credit card (automatic),102.7,5138.1,No,0,63,4044,nan,0,98.8096153846154,49+ months,No,6
5701-YVSVF,1,United States,California,Fallbrook,92028,"33.362575, -117.299644",33.362575,-117.299644,Female,Yes,Yes,No,11,Yes,No,Fiber optic,No,No,No,Yes,Yes,No,Month-to-month,Yes,Electronic check,82.9,880.05,No,0,21,4413,nan,0,80.00454545454545,7-12 months,No,3
2739-CACDQ,1,United States,California,La Jolla,92037,"32.853743, -117.25034",32.853743,-117.25034,Female,Yes,No,No,17,Yes,Yes,Fiber optic,No,No,Yes,No,No,No,Month-to-month,Yes,Credit card (automatic),82.65,1470.05,No,0,26,3754,nan,0,86.4735294117647,13-24 months,No,3
7982-VCELR,1,United States,California,Ramona,92065,"33.044541, -116.833922",33.044541,-116.833922,Female,No,No,No,36,Yes,No,Fiber optic,No,Yes,No,No,Yes,Yes,Month-to-month,Yes,Credit card (automatic),94.8,3565.65,No,0,22,2807,nan,0,99.04583333333333,25-48 months,No,4
0021-IKXGC,1,United States,California,San Marcos,92078,"33.119028, -117.166036",33.119028,-117.166036,Female,Yes,No,No,1,Yes,Yes,Fiber optic,No,No,No,No,No,No,Month-to-month,Yes,Electronic check,72.1,72.1,No,0,50,4432,nan,0,72.1,0-6 months,Yes,2
4115-NZRKS,1,United States,California,San Diego,92102,"32.716007, -117.117462",32.716007,-117.117462,Female,Yes,No,No,7,Yes,No,Fiber optic,No,No,No,No,Yes,Yes,Month-to-month,Yes,Electronic check,89.15,574.35,No,0,25,2415,nan,0,82.05,7-12 months,No,3
3583-KRKMD,1,United States,California,San Diego,92115,"32.762506, -117.07245",32.762506,-117.07245,Male,No,No,No,18,Yes,No,Fiber optic,No,No,No,Yes,No,No,Month-to-month,Yes,Bank transfer (automatic),75.9,1373.05,No,0,62,4668,nan,0,76.28055555555555,13-24 months,No,2
6862-CQUMB,1,United States,California,San Diego,92126,"32.886925, -117.152162",32.886925,-117.152162,Male,No,No,No,37,Yes,No,Fiber optic,No,Yes,No,No,Yes,Yes,Month-to-month,Yes,Credit card (automatic),96.1,3646.8,No,0,75,2640,nan,0,98.56216216216217,25-48 months,No,4
8782-LKFPK,1,United States,California,Beaumont,92223,"33.946982, -116.977672",33.946982,-116.977672,Male,No,No,No,44,Yes,Yes,Fiber optic,No,No,Yes,No,No,Yes,Month-to-month,Yes,Mailed check,90.4,4063.0,No,0,63,4751,nan,0,92.3409090909091,25-48 months,No,4
3597-MVHJT,1,United States,California,Brawley,92227,"33.03933, -115.191857",33.03933,-115.191857,Female,No,No,No,27,Yes,Yes,Fiber optic,No,No,No,No,Yes,Yes,Month-to-month,Yes,Bank transfer (automatic),95.6,2595.25,No,0,21,2026,nan,0,96.12037037037037,25-48 months,No,4
3951-NJCVI,1,United States,California,Cathedral City,92234,"33.829583, -116.474131",33.829583,-116.474131,Female,Yes,Yes,No,42,Yes,Yes,Fiber optic,No,No,No,No,Yes,Yes,Month-to-month,Yes,Electronic check,95.05,3944.5,No,0,34,2677,nan,0,93.91666666666667,25-48 months,No,4
0177-PXBAT,1,United States,California,Desert Center,92239,"33.889605, -115.257009",33.889605,-115.257009,Male,Yes,Yes,No,33,Yes,Yes,Fiber optic,Yes,No,Yes,Yes,Yes,Yes,Month-to-month,Yes,Bank transfer (automatic),109.9,3694.7,No,0,59,5655,nan,0,111.96060606060605,25-48 months,No,7
0111-KLBQG,1,United States,California,Morongo Valley,92256,"34.097863, -116.594561",34.097863,-116.594561,Male,Yes,Yes,Yes,32,Yes,No,Fiber optic,No,Yes,No,No,Yes,Yes,Month-to-month,Yes,Mailed check,93.95,2861.45,No,0,62,2844,nan,0,89.4203125,25-48 months,No,4
5233-AOZUF,1,United States,California,Palm Springs,92262,"33.839989, -116.659215",33.839989,-116.659215,Female,No,Yes,No,29,Yes,Yes,Fiber optic,No,No,No,No,No,No,Month-to-month,Yes,Electronic check,74.95,2149.05,No,0,80,3483,nan,0,74.10517241379311,25-48 months,No,2
5973-EJGDP,1,United States,California,Palm Springs,92264,"33.745746, -116.514215",33.745746,-116.514215,Male,No,No,No,51,Yes,Yes,Fiber optic,No,Yes,Yes,Yes,No,No,Month-to-month,Yes,Electronic check,87.35,4473.0,No,0,28,4899,nan,0,87.70588235294117,49+ months,No,5
1996-DBMUS,1,United States,California,Palo Verde,92266,"33.3249, -114.758334",33.3249,-114.758334,Female,Yes,Yes,No,48,Yes,No,Fiber optic,No,No,No,No,No,No,Month-to-month,Yes,Bank transfer (automatic),70.65,3545.05,No,0,71,5523,nan,0,73.85520833333334,25-48 months,No,1
7916-VCCPB,1,United States,California,Parker Dam,92267,"34.273872, -114.192901",34.273872,-114.192901,Female,No,Yes,Yes,16,Yes,No,Fiber optic,No,Yes,No,No,No,No,Month-to-month,No,Bank transfer (automatic),73.25,1195.75,No,0,22,3624,nan,0,74.734375,13-24 months,No,2
5605-IYGFG,1,United States,California,Thousand Palms,92276,"33.849263, -116.382778",33.849263,-116.382778,Female,No,No,No,7,Yes,No,Fiber optic,No,No,No,No,No,No,Month-to-month,Yes,Bank transfer (automatic),69.85,515.45,No,0,51,5501,nan,0,73.63571428571429,7-12 months,No,1
8734-DKSTZ,1,United States,California,Winterhaven,92283,"32.852947, -114.850784",32.852947,-114.850784,Female,No,Yes,Yes,10,Yes,Yes,Fiber optic,No,No,No,No,No,Yes,Month-to-month,No,Electronic check,85.95,858.6,No,0,20,4922,nan,0,85.86,7-12 months,No,3
4360-PNRQB,1,United States,California,Yucca Valley,92284,"34.159534, -116.425984",34.159534,-116.425984,Male,No,No,No,18,Yes,Yes,Fiber optic,No,No,No,No,No,No,Month-to-month,Yes,Bank transfer (automatic),75.6,1395.05,No,0,78,4030,nan,0,77.50277777777778,13-24 months,No,2
5886-VLQVU,1,United States,California,Grand Terrace,92313,"34.029175, -117.307211",34.029175,-117.307211,Male,No,Yes,No,35,Yes,Yes,Fiber optic,No,No,No,Yes,No,Yes,Month-to-month,Yes,Bank transfer (automatic),89.85,3161.2,No,0,78,4945,nan,0,90.32,25-48 months,No,4
0771-WLCLA,1,United States,California,Big Bear Lake,92315,"34.242058, -116.89802",34.242058,-116.89802,Female,No,Yes,Yes,16,Yes,Yes,Fiber optic,Yes,No,Yes,Yes,Yes,Yes,Month-to-month,Yes,Electronic check,112.95,1882.55,No,0,70,2683,nan,0,117.659375,13-24 months,No,7
5628-RKIFK,1,United States,California,Bloomington,92316,"34.059722, -117.39104",34.059722,-117.39104,Female,Yes,No,No,49,Yes,Yes,Fiber optic,Yes,No,No,No,Yes,Yes,Month-to-month,No,Credit card (automatic),101.55,5070.4,No,0,22,5348,nan,0,103.47755102040816,49+ months,No,5
1910-FMXJM,1,United States,California,Colton,92324,"34.030915, -117.273201",34.030915,-117.273201,Female,No,Yes,No,36,Yes,No,Fiber optic,No,No,No,No,No,Yes,Month-to-month,No,Electronic check,80.4,2937.65,No,0,35,5544,nan,0,81.60138888888889,25-48 months,No,2
5168-MSWXT,1,United States,California,Essex,92332,"34.9436, -115.287901",34.9436,-115.287901,Male,No,Yes,Yes,8,Yes,No,Fiber optic,No,No,Yes,No,Yes,Yes,Month-to-month,Yes,Electronic check,94.75,759.55,No,0,44,5505,nan,0,94.94375,7-12 months,No,4
8313-NDOIA,1,United States,California,Green Valley Lake,92341,"34.244411, -117.072654",34.244411,-117.072654,Female,No,No,No,24,Yes,Yes,Fiber optic,No,Yes,Yes,No,Yes,Yes,Month-to-month,Yes,Electronic check,104.15,2494.65,No,0,61,5813,nan,0,103.94375000000001,13-24 months,No,6
1452-VOQCH,1,United States,California,Hinkley,92347,"34.983808, -117.239306",34.983808,-117.239306,Male,No,No,No,1,Yes,Yes,Fiber optic,No,No,No,No,No,No,Month-to-month,Yes,Electronic check,75.1,75.1,No,0,28,4120,nan,0,75.1,0-6 months,Yes,2
4612-SSVHJ,1,United States,California,Yermo,92398,"35.013299, -116.834092",35.013299,-116.834092,Female,Yes,No,No,20,Yes,No,Fiber optic,No,No,No,No,No,Yes,Month-to-month,Yes,Electronic check,81.45,1671.6,No,0,27,2416,nan,0,83.58,13-24 months,No,2
9094-AZPHK,1,United States,California,San Bernardino,92405,"34.142747, -117.300864",34.142747,-117.300864,Female,No,No,No,15,Yes,Yes,Fiber optic,No,Yes,No,No,Yes,Yes,Month-to-month,Yes,Electronic check,100.15,1415.0,No,0,65,2565,nan,0,94.33333333333333,13-24 months,No,5
7803-XOCCZ,1,United States,California,Anza,92539,"33.527605, -116.666551",33.527605,-116.666551,Female,No,Yes,Yes,52,Yes,No,Fiber optic,Yes,No,Yes,Yes,No,No,Month-to-month,Yes,Bank transfer (automatic),84.05,4326.8,No,0,48,6099,nan,0,83.20769230769231,49+ months,No,4
8981-FJGLA,1,United States,California,Hemet,92545,"33.734933, -117.044145",33.734933,-117.044145,Male,No,No,Yes,11,Yes,Yes,Fiber optic,No,No,Yes,No,No,No,Month-to-month,Yes,Mailed check,78.0,851.8,No,0,23,4886,nan,0,77.43636363636364,7-12 months,No,3
8535-SFUTN,1,United States,California,Moreno Valley,92555,"33.907361, -117.109972",33.907361,-117.109972,Male,No,No,No,61,Yes,Yes,Fiber optic,Yes,No,Yes,No,Yes,Yes,Month-to-month,Yes,Electronic check,106.45,6300.15,No,0,65,4842,nan,0,103.2811475409836,49+ months,No,6
8677-HDZEE,1,United States,California,Mountain Center,92561,"33.638645, -116.55783",33.638645,-116.55783,Female,No,No,No,56,Yes,Yes,Fiber optic,No,Yes,No,Yes,Yes,Yes,Month-to-month,Yes,Bank transfer (automatic),105.45,5916.95,No,0,55,4212,nan,0,105.65982142857142,49+ months,No,6
2475-MROZF,1,United States,California,Murrieta,92562,"33.548869, -117.334165",33.548869,-117.334165,Male,No,No,No,30,Yes,Yes,Fiber optic,Yes,Yes,Yes,Yes,No,No,Month-to-month,Yes,Credit card (automatic),95.0,2852.4,No,0,64,3597,nan,0,95.08,25-48 months,No,6
6705-LXORM,1,United States,California,Perris,92570,"33.787298, -117.320676",33.787298,-117.320676,Female,Yes,Yes,No,5,Yes,No,Fiber optic,No,No,No,No,No,No,Month-to-month,No,Electronic check,70.05,302.6,No,0,24,2064,nan,0,60.52,0-6 months,Yes,1
0913-XWSCN,1,United States,California,Sun City,92585,"33.739412, -117.173334",33.739412,-117.173334,Male,No,Yes,Yes,55,Yes,Yes,Fiber optic,No,No,No,No,No,Yes,Month-to-month,No,Bank transfer (automatic),85.5,4713.4,No,0,20,6411,nan,0,85.69818181818181,49+ months,No,3
4234-XTNEA,1,United States,California,Irvine,92606,"33.703976, -117.824172",33.703976,-117.824172,Male,No,No,No,2,Yes,No,Fiber optic,No,No,No,No,Yes,No,Month-to-month,Yes,Electronic check,79.95,174.45,No,0,44,5213,nan,0,87.225,0-6 months,Yes,2
5348-CAGXB,1,United States,California,Irvine,92614,"33.680302, -117.833296",33.680302,-117.833296,Male,No,No,No,12,Yes,Yes,Fiber optic,No,No,Yes,No,Yes,No,Month-to-month,Yes,Electronic check,89.55,1021.75,No,0,79,2325,nan,0,85.14583333333333,7-12 months,No,4
0621-HJWXJ,1,United States,California,Irvine,92618,"33.667145, -117.732135",33.667145,-117.732135,Female,No,Yes,No,63,Yes,Yes,Fiber optic,No,Yes,No,No,No,No,Month-to-month,Yes,Bank transfer (automatic),81.55,5029.05,No,0,41,4980,nan,0,79.82619047619048,49+ months,No,3
2501-XWWTZ,1,United States,California,San Clemente,92673,"33.4725, -117.584273",33.4725,-117.584273,Male,No,No,No,11,Yes,No,Fiber optic,No,No,No,No,No,No,Month-to-month,No,Electronic check,70.2,760.05,No,0,34,2535,nan,0,69.09545454545454,7-12 months,No,1
6030-REHUX,1,United States,California,Fountain Valley,92708,"33.712036, -117.950113",33.712036,-117.950113,Female,Yes,Yes,No,28,Yes,Yes,Fiber optic,No,Yes,Yes,Yes,Yes,Yes,Month-to-month,Yes,Electronic check,110.85,3204.4,No,0,58,3906,nan,0,114.44285714285715,25-48 months,No,7
8270-RKSAP,1,United States,California,Anaheim,92801,"33.844983, -117.952151",33.844983,-117.952151,Male,No,No,No,9,Yes,No,Fiber optic,No,No,No,No,No,No,Month-to-month,Yes,Electronic check,70.5,597.9,No,0,37,3198,nan,0,66.43333333333334,7-12 months,No,1
6522-YRBXD,1,United States,California,Anaheim,92802,"33.807864, -117.923782",33.807864,-117.923782,Male,Yes,Yes,No,35,Yes,Yes,Fiber optic,Yes,Yes,No,No,No,Yes,Month-to-month,Yes,Electronic check,94.55,3365.4,No,0,69,2631,nan,0,96.15428571428572,25-48 months,No,5
0215-BQKGS,1,United States,California,Garden Grove,92844,"33.766476, -117.969795",33.766476,-117.969795,Male,No,No,No,30,Yes,No,Fiber optic,Yes,Yes,Yes,No,No,No,Month-to-month,Yes,Credit card (automatic),84.3,2438.6,No,0,66,5393,nan,0,81.28666666666666,25-48 months,No,4
5839-SUYVZ,1,United States,California,Orange,92868,"33.787796, -117.875928",33.787796,-117.875928,Male,No,No,No,16,Yes,No,Fiber optic,No,No,No,Yes,No,No,Month-to-month,Yes,Credit card (automatic),74.55,1170.5,No,0,70,2893,nan,0,73.15625,13-24 months,No,2
5240-CAOYT,1,United States,California,Oak View,93022,"34.404544, -119.302118",34.404544,-119.302118,Female,No,No,No,57,Yes,Yes,Fiber optic,Yes,Yes,No,Yes,No,No,Month-to-month,Yes,Bank transfer (automatic),87.55,4884.85,No,0,43,4882,nan,0,85.69912280701755,49+ months,No,5
4059-IIEBK,1,United States,California,Ojai,93023,"34.581308, -118.931948",34.581308,-118.931948,Female,No,No,No,7,Yes,Yes,Fiber optic,No,Yes,No,No,No,No,Month-to-month,Yes,Bank transfer (automatic),78.55,522.95,No,0,61,4025,nan,0,74.70714285714287,7-12 months,No,3
3003-CMDUU,1,United States,California,Santa Paula,93060,"34.402343, -119.094824",34.402343,-119.094824,Female,No,Yes,No,25,Yes,No,Fiber optic,No,No,No,Yes,Yes,Yes,Month-to-month,Yes,Electronic check,95.15,2395.7,No,0,52,3273,nan,0,95.82799999999999,25-48 months,No,4
5016-IBERQ,1,United States,California,Simi Valley,93063,"34.296813, -118.685703",34.296813,-118.685703,Male,No,Yes,No,23,Yes,Yes,Fiber optic,No,Yes,Yes,No,No,No,Month-to-month,No,Electronic check,84.25,1968.1,No,0,33,2781,nan,0,85.5695652173913,13-24 months,No,4
3509-GWQGF,1,United States,California,Ducor,93218,"35.846067, -119.004073",35.846067,-119.004073,Male,Yes,No,No,24,Yes,No,Fiber optic,No,No,No,No,No,No,Month-to-month,No,Credit card (automatic),70.0,1732.6,No,0,77,5242,nan,0,72.19166666666666,13-24 months,No,1
5183-SNMJQ,1,United States,California,Frazier Park,93225,"34.827662, -118.999073",34.827662,-118.999073,Male,No,No,No,10,Yes,No,Fiber optic,No,No,No,Yes,Yes,Yes,Month-to-month,Yes,Credit card (automatic),95.1,865.1,No,0,33,5787,nan,0,86.51,7-12 months,No,4
2800-VEQXM,1,United States,California,Lebec,93243,"34.845861, -118.885163",34.845861,-118.885163,Female,No,No,No,3,Yes,No,Fiber optic,No,No,Yes,No,No,No,Month-to-month,Yes,Mailed check,74.75,238.1,No,0,21,3319,nan,0,79.36666666666666,0-6 months,Yes,2
5760-IFJOZ,1,United States,California,Richgrove,93261,"35.809921, -119.127437",35.809921,-119.127437,Male,No,No,No,3,Yes,Yes,Fiber optic,No,Yes,Yes,No,Yes,Yes,Month-to-month,No,Mailed check,107.95,313.6,No,0,77,3449,nan,0,104.53333333333335,0-6 months,Yes,6
2826-UWHIS,1,United States,California,Sequoia National Park,93262,"36.527243, -118.594938",36.527243,-118.594938,Male,No,Yes,No,45,Yes,Yes,Fiber optic,No,Yes,No,No,No,No,Month-to-month,No,Bank transfer (automatic),81.4,3775.85,No,0,55,5602,nan,0,83.90777777777778,25-48 months,No,3
8040-MNRTF,1,United States,California,Taft,93268,"35.184837, -119.402525",35.184837,-119.402525,Female,No,No,No,1,Yes,No,Fiber optic,No,No,No,No,No,No,Month-to-month,No,Mailed check,71.1,71.1,No,0,64,3029,nan,0,71.1,0-6 months,Yes,1
5076-YVXCM,1,United States,California,Tupman,93276,"35.316263, -119.402559",35.316263,-119.402559,Male,No,No,No,51,Yes,Yes,Fiber optic,No,No,No,No,No,Yes,Month-to-month,No,Bank transfer (automatic),83.4,4149.45,No,0,65,4191,nan,0,81.36176470588235,49+ months,No,3
9450-TRJUU,1,United States,California,Bakersfield,93306,"35.449881, -118.841442",35.449881,-118.841442,Male,No,No,No,35,Yes,Yes,Fiber optic,No,No,No,No,Yes,No,Month-to-month,No,Electronic check,83.15,2848.45,No,0,65,2332,nan,0,81.38428571428571,25-48 months,No,3
1766-GKNMI,1,United States,California,Bakersfield,93307,"35.280113, -118.962329",35.280113,-118.962329,Male,No,No,No,29,Yes,Yes,Fiber optic,No,No,No,No,No,Yes,Month-to-month,Yes,Electronic check,84.9,2516.2,No,0,69,4388,nan,0,86.7655172413793,25-48 months,No,3
3014-WJKSM,1,United States,California,San Luis Obispo,93401,"35.233745, -120.626442",35.233745,-120.626442,Male,No,Yes,No,29,Yes,No,Fiber optic,No,No,Yes,No,No,No,Month-to-month,Yes,Credit card (automatic),75.3,2263.4,No,0,40,4910,nan,0,78.04827586206896,25-48 months,No,2
7929-DMBCV,1,United States,California,Arroyo Grande,93420,"35.176236, -120.483243",35.176236,-120.483243,Female,No,Yes,No,20,Yes,No,Fiber optic,No,No,Yes,Yes,No,No,Month-to-month,Yes,Mailed check,81.0,1683.7,No,0,22,4741,nan,0,84.185,13-24 months,No,3
5433-KYGHE,1,United States,California,Avila Beach,93424,"35.186644, -120.728305",35.186644,-120.728305,Female,No,No,Yes,14,Yes,Yes,Fiber optic,Yes,No,No,Yes,No,No,Month-to-month,Yes,Mailed check,86.0,1164.05,No,0,33,5494,nan,0,83.14642857142857,13-24 months,No,4
5575-TPIZQ,1,United States,California,Buellton,93427,"34.631362, -120.238218",34.631362,-120.238218,Male,No,No,No,46,Yes,Yes,Fiber optic,Yes,No,No,No,Yes,No,Month-to-month,Yes,Credit card (automatic),89.15,4245.55,No,0,43,5593,nan,0,92.29456521739131,25-48 months,No,4
9944-AEXBM,1,United States,California,Casmalia,93429,"34.866032, -120.536546",34.866032,-120.536546,Male,No,No,No,32,Yes,Yes,Fiber optic,No,No,No,No,No,Yes,Month-to-month,Yes,Bank transfer (automatic),85.65,2664.3,No,0,26,2383,nan,0,83.259375,25-48 months,No,3
6952-OMNWB,1,United States,California,Creston,93432,"35.480896, -120.469476",35.480896,-120.469476,Male,Yes,Yes,No,68,Yes,Yes,Fiber optic,No,No,Yes,No,No,No,Month-to-month,Yes,Credit card (automatic),80.35,5589.3,No,0,28,5581,nan,0,82.19558823529412,49+ months,No,3
6786-OBWQR,1,United States,California,Nipomo,93444,"35.050345, -120.489599",35.050345,-120.489599,Female,No,Yes,Yes,5,Yes,No,Fiber optic,No,No,No,No,Yes,No,Month-to-month,Yes,Electronic check,80.85,356.1,No,0,69,5109,nan,0,71.22,0-6 months,Yes,2
1216-JWVUX,1,United States,California,San Miguel,93451,"35.886767, -120.608661",35.886767,-120.608661,Male,No,Yes,Yes,25,Yes,No,Fiber optic,No,Yes,No,No,No,No,Month-to-month,Yes,Electronic check,75.5,1901.05,No,0,33,5985,nan,0,76.042,25-48 months,No,2
1173-NOEYG,1,United States,California,Santa Margarita,93453,"35.303926, -120.256567",35.303926,-120.256567,Female,No,Yes,No,27,Yes,Yes,Fiber optic,No,No,Yes,No,No,Yes,Month-to-month,No,Bank transfer (automatic),90.15,2423.4,No,0,67,5750,nan,0,89.75555555555556,25-48 months,No,4
1307-TVUFB,1,United States,California,Santa Ynez,93460,"34.630356, -120.032564",34.630356,-120.032564,Male,Yes,No,No,42,Yes,Yes,Fiber optic,No,Yes,No,No,No,No,Month-to-month,Yes,Bank transfer (automatic),79.35,3344.1,No,0,79,2399,nan,0,79.62142857142857,25-48 months,No,3
6923-JHPMP,1,United States,California,Templeton,93465,"35.536115, -120.739231",35.536115,-120.739231,Female,No,No,No,2,Yes,No,Fiber optic,Yes,No,Yes,No,No,No,Month-to-month,Yes,Electronic check,80.45,137.1,No,0,67,5602,nan,0,68.55,0-6 months,Yes,3
3966-HRMZA,1,United States,California,Bishop,93514,"37.04584, -118.397236",37.04584,-118.397236,Female,Yes,No,No,3,Yes,No,Fiber optic,No,No,Yes,No,No,No,Month-to-month,No,Mailed check,75.05,202.9,No,0,56,3545,nan,0,67.63333333333334,0-6 months,Yes,2
0139-IVFJG,1,United States,California,Inyokern,93527,"36.041315, -118.188235",36.041315,-118.188235,Female,No,Yes,No,2,Yes,No,Fiber optic,Yes,Yes,No,No,Yes,No,Month-to-month,No,Electronic check,90.35,190.5,No,0,29,5361,nan,0,95.25,0-6 months,Yes,4
5175-WLYXL,1,United States,California,Lone Pine,93545,"36.590415, -118.073839",36.590415,-118.073839,Male,No,No,No,22,Yes,Yes,Fiber optic,No,Yes,No,No,No,No,Month-to-month,Yes,Mailed check,78.85,1600.25,No,0,75,2444,nan,0,72.73863636363636,13-24 months,No,3
8728-SKJLR,1,United States,California,Olancha,93549,"36.296851, -117.865469",36.296851,-117.865469,Male,No,No,No,41,Yes,No,Fiber optic,No,No,No,Yes,No,No,Month-to-month,Yes,Electronic check,74.25,3089.1,No,0,78,3277,nan,0,75.34390243902439,25-48 months,No,2
3196-NVXLZ,1,United States,California,Orange Cove,93646,"36.633498, -119.298895",36.633498,-119.298895,Female,No,No,No,25,Yes,Yes,Fiber optic,No,No,No,No,Yes,No,Month-to-month,Yes,Mailed check,84.6,2088.05,No,0,23,4874,nan,0,83.522,25-48 months,No,3
4220-TINQT,1,United States,California,Raisin City,93652,"36.594542, -119.905245",36.594542,-119.905245,Female,No,Yes,No,61,Yes,Yes,Fiber optic,No,No,Yes,Yes,Yes,Yes,Month-to-month,Yes,Electronic check,106.35,6751.35,No,0,35,5632,nan,0,110.67786885245903,49+ months,No,6
2672-TGEFF,1,United States,California,Traver,93673,"36.456091, -119.486225",36.456091,-119.486225,Female,No,Yes,Yes,37,Yes,Yes,Fiber optic,No,Yes,No,No,Yes,No,Month-to-month,Yes,Electronic check,88.8,3340.55,No,0,31,3746,nan,0,90.28513513513514,25-48 months,No,4
4250-WAROZ,1,United States,California,Fresno,93701,"36.749403, -119.787574",36.749403,-119.787574,Male,Yes,Yes,Yes,60,Yes,Yes,Fiber optic,Yes,Yes,No,No,No,Yes,Month-to-month,Yes,Electronic check,93.25,5774.55,No,0,70,4353,nan,0,96.2425,49+ months,No,5
2123-AGEEN,1,United States,California,Millbrae,94030,"37.601248, -122.403099",37.601248,-122.403099,Female,Yes,No,No,7,Yes,No,Fiber optic,No,No,Yes,No,Yes,No,Month-to-month,Yes,Electronic check,84.35,609.65,No,0,38,2107,nan,0,87.09285714285714,7-12 months,No,3
5898-IGSLP,1,United States,California,Mountain View,94041,"37.388349, -122.075299",37.388349,-122.075299,Male,No,Yes,Yes,31,Yes,Yes,Fiber optic,Yes,No,Yes,Yes,No,No,Month-to-month,No,Electronic check,89.3,2823.0,No,0,46,2132,nan,0,91.06451612903226,25-48 months,No,5
6259-WJQLC,1,United States,California,Pacifica,94044,"37.573633, -122.455167",37.573633,-122.455167,Male,Yes,No,No,32,Yes,Yes,Fiber optic,No,No,Yes,No,No,No,Month-to-month,Yes,Credit card (automatic),81.1,2619.25,No,0,50,2143,nan,0,81.8515625,25-48 months,No,3
0730-KOAVE,1,United States,California,Redwood City,94062,"37.410567, -122.297152",37.410567,-122.297152,Male,No,No,No,30,Yes,Yes,Fiber optic,Yes,Yes,No,No,No,Yes,Month-to-month,Yes,Credit card (automatic),94.3,2679.7,No,0,75,4219,nan,0,89.32333333333332,25-48 months,No,5
2267-FPIMA,1,United States,California,San Carlos,94070,"37.497915, -122.267361",37.497915,-122.267361,Male,No,Yes,No,50,Yes,Yes,Fiber optic,Yes,Yes,No,No,No,Yes,Month-to-month,Yes,Credit card (automatic),94.4,4914.9,No,0,21,5548,nan,0,98.29799999999999,49+ months,No,5
7508-SMHXL,1,United States,California,San Francisco,94109,"37.794487, -122.42227",37.794487,-122.42227,Female,Yes,No,No,15,Yes,Yes,Fiber optic,No,Yes,No,No,Yes,No,Month-to-month,No,Credit card (automatic),89.0,1288.3,No,0,77,4452,nan,0,85.88666666666667,13-24 months,No,4
3956-CJUST,1,United States,California,San Francisco,94115,"37.786031, -122.437301",37.786031,-122.437301,Female,Yes,No,No,23,Yes,No,Fiber optic,Yes,No,No,No,No,No,Month-to-month,Yes,Bank transfer (automatic),75.4,1643.55,No,0,49,2491,nan,0,71.45869565217392,13-24 months,No,2
6103-BOCOU,1,United States,California,San Francisco,94117,"37.770533, -122.445121",37.770533,-122.445121,Female,No,No,No,26,Yes,Yes,Fiber optic,No,No,Yes,No,No,No,Month-to-month,Yes,Electronic check,80.7,2193.0,No,0,28,4501,nan,0,84.34615384615384,25-48 months,No,3
4301-VVZKA,1,United States,California,San Francisco,94123,"37.800254, -122.436975",37.800254,-122.436975,Male,No,Yes,No,16,Yes,Yes,Fiber optic,No,No,No,No,No,No,Month-to-month,Yes,Electronic check,75.4,1189.4,No,0,51,5432,nan,0,74.3375,13-24 months,No,2
4824-GUCBY,1,United States,California,San Francisco,94127,"37.736535, -122.45732",37.736535,-122.45732,Female,Yes,No,No,22,Yes,No,Fiber optic,Yes,Yes,No,No,No,No,Month-to-month,No,Electronic check,81.7,1820.9,No,0,34,5602,nan,0,82.76818181818182,13-24 months,No,3
5146-CBVOE,1,United States,California,San Francisco,94134,"37.721052, -122.413573",37.721052,-122.413573,Female,No,No,No,16,Yes,No,Fiber optic,No,Yes,No,No,No,No,Month-to-month,No,Bank transfer (automatic),75.1,1212.85,No,0,59,5176,nan,0,75.803125,13-24 months,No,2
6630-UJZMY,1,United States,California,Palo Alto,94306,"37.416159, -122.131337",37.416159,-122.131337,Female,Yes,Yes,No,4,Yes,Yes,Fiber optic,No,No,No,No,Yes,No,Month-to-month,Yes,Electronic check,83.25,308.05,No,0,37,5251,nan,0,77.0125,0-6 months,Yes,3
7567-ECMCM,1,United States,California,Danville,94506,"37.791481, -121.903253",37.791481,-121.903253,Male,No,No,No,24,Yes,No,Fiber optic,No,No,No,No,No,Yes,Month-to-month,Yes,Credit card (automatic),79.85,2001.0,No,0,43,5128,nan,0,83.375,13-24 months,No,2
6353-BRMMA,1,United States,California,Angwin,94508,"38.542448, -122.419923",38.542448,-122.419923,Female,No,Yes,Yes,54,Yes,Yes,Fiber optic,Yes,Yes,No,No,Yes,Yes,Month-to-month,Yes,Bank transfer (automatic),104.1,5645.8,No,0,57,5795,nan,0,104.55185185185185,49+ months,No,6
9904-EHEVJ,1,United States,California,Bethel Island,94511,"38.050558, -121.646924",38.050558,-121.646924,Female,Yes,Yes,Yes,32,Yes,Yes,Fiber optic,No,No,Yes,No,Yes,No,Month-to-month,Yes,Mailed check,91.35,2896.55,No,0,35,2965,nan,0,90.5171875,25-48 months,No,4
8584-KMVXD,1,United States,California,Calistoga,94515,"38.629618, -122.593216",38.629618,-122.593216,Female,No,No,No,8,Yes,No,Fiber optic,No,Yes,No,No,No,No,Month-to-month,No,Electronic check,75.6,535.55,No,0,31,2934,nan,0,66.94375,7-12 months,No,2
5382-SOYZL,1,United States,California,Concord,94519,"37.990118, -122.012188",37.990118,-122.012188,Male,No,No,No,22,Yes,Yes,Fiber optic,No,No,No,No,Yes,Yes,Month-to-month,Yes,Electronic check,95.1,2162.6,No,0,61,3729,nan,0,98.3,13-24 months,No,4
5651-YLPRD,1,United States,California,Danville,94526,"37.815459, -121.977203",37.815459,-121.977203,Female,No,Yes,Yes,32,Yes,No,Fiber optic,No,Yes,No,No,Yes,No,Month-to-month,Yes,Electronic check,86.1,2723.75,No,0,48,4970,nan,0,85.1171875,25-48 months,No,3
5002-GCQFH,1,United States,California,Hercules,94547,"37.991259, -122.214945",37.991259,-122.214945,Male,No,Yes,No,49,Yes,Yes,Fiber optic,Yes,Yes,No,No,Yes,No,Month-to-month,Yes,Bank transfer (automatic),93.85,4733.1,No,0,62,5698,nan,0,96.59387755102041,49+ months,No,5
5879-SESNB,1,United States,California,Moraga,94556,"37.827946, -122.107185",37.827946,-122.107185,Female,No,No,No,11,Yes,Yes,Fiber optic,No,No,No,No,No,No,Month-to-month,No,Electronic check,75.25,888.65,No,0,75,5902,nan,0,80.78636363636363,7-12 months,No,2
8120-JDCAM,1,United States,California,Vallejo,94589,"38.161321, -122.271588",38.161321,-122.271588,Male,No,Yes,Yes,4,Yes,No,Fiber optic,No,No,No,No,No,No,Month-to-month,Yes,Mailed check,69.55,284.9,No,0,44,3708,nan,0,71.225,0-6 months,Yes,1
7426-RHZGU,1,United States,California,Oakland,94603,"37.739113, -122.175602",37.739113,-122.175602,Male,No,No,No,9,Yes,No,Fiber optic,No,No,No,Yes,Yes,Yes,Month-to-month,Yes,Bank transfer (automatic),95.9,827.45,No,0,66,5017,nan,0,91.9388888888889,7-12 months,No,4
8242-SOQUO,1,United States,California,Oakland,94619,"37.787186, -122.14633",37.787186,-122.14633,Female,Yes,No,No,5,Yes,No,Fiber optic,No,Yes,No,No,Yes,No,Month-to-month,Yes,Electronic check,84.7,392.5,No,0,54,2660,nan,0,78.5,0-6 months,Yes,3
7460-ITWWP,1,United States,California,Oakland,94621,"37.750553, -122.197175",37.750553,-122.197175,Female,Yes,Yes,No,45,Yes,No,Fiber optic,No,No,Yes,No,No,Yes,Month-to-month,Yes,Electronic check,86.1,3861.45,No,0,41,2701,nan,0,85.81,25-48 months,No,3
7147-AYBAA,1,United States,California,Berkeley,94702,"37.866009, -122.286228",37.866009,-122.286228,Male,No,No,No,37,Yes,No,Fiber optic,No,No,No,No,No,No,Month-to-month,Yes,Mailed check,70.35,2552.9,No,0,32,5402,nan,0,68.9972972972973,25-48 months,No,1
8329-GWVPJ,1,United States,California,Berkeley,94708,"37.897743, -122.263124",37.897743,-122.263124,Female,No,Yes,Yes,50,Yes,No,Fiber optic,No,No,No,No,No,No,Month-to-month,Yes,Bank transfer (automatic),69.75,3557.7,No,0,64,4539,nan,0,71.154,49+ months,No,1
7296-PIXQY,1,United States,California,Bodega,94922,"38.343282, -122.9755",38.343282,-122.9755,Female,No,Yes,Yes,14,Yes,No,Fiber optic,No,No,No,No,No,No,Month-to-month,No,Electronic check,70.2,1046.5,No,0,25,5819,nan,0,74.75,13-24 months,No,1
3524-WQDSG,1,United States,California,Corte Madera,94925,"37.924014, -122.511694",37.924014,-122.511694,Female,No,Yes,Yes,43,Yes,Yes,Fiber optic,No,No,Yes,No,Yes,Yes,Month-to-month,Yes,Bank transfer (automatic),99.3,4209.95,No,0,73,3280,nan,0,97.90581395348836,25-48 months,No,5
7030-NJVDP,1,United States,California,San Quentin,94964,"37.942551, -122.491642",37.942551,-122.491642,Male,No,Yes,No,24,Yes,No,Fiber optic,Yes,No,No,Yes,No,Yes,Month-to-month,Yes,Electronic check,89.25,2210.2,No,0,77,5436,nan,0,92.09166666666665,13-24 months,No,4
4194-WHFCB,1,United States,California,Aromas,95004,"36.878364, -121.629781",36.878364,-121.629781,Female,No,Yes,Yes,59,Yes,Yes,Fiber optic,No,Yes,No,Yes,No,Yes,Month-to-month,Yes,Bank transfer (automatic),96.65,5580.8,No,0,52,5266,nan,0,94.58983050847458,49+ months,No,5
0455-XFASS,1,United States,California,Campbell,95008,"37.279689, -121.954567",37.279689,-121.954567,Female,No,Yes,Yes,3,Yes,No,Fiber optic,No,No,No,No,No,No,Month-to-month,Yes,Electronic check,69.55,200.2,No,0,59,5998,nan,0,66.73333333333333,0-6 months,Yes,1
1751-NCDLI,1,United States,California,Castroville,95012,"36.784481, -121.759054",36.784481,-121.759054,Male,Yes,Yes,No,46,Yes,Yes,Fiber optic,No,No,Yes,No,Yes,Yes,Month-to-month,Yes,Electronic check,98.85,4564.9,No,0,41,2641,nan,0,99.23695652173912,25-48 months,No,5
7241-AJHFS,1,United States,California,Hollister,95023,"36.875409, -121.279679",36.875409,-121.279679,Male,No,No,No,32,Yes,Yes,Fiber optic,Yes,No,No,Yes,No,No,Month-to-month,No,Bank transfer (automatic),87.65,2766.4,No,0,66,2426,nan,0,86.45,25-48 months,No,4
4546-FOKWR,1,United States,California,Los Gatos,95032,"37.233034, -121.947427",37.233034,-121.947427,Female,No,No,No,16,Yes,Yes,Fiber optic,No,No,No,No,No,No,Month-to-month,Yes,Credit card (automatic),74.75,1129.35,No,0,27,3574,nan,0,70.584375,13-24 months,No,2
7439-DKZTW,1,United States,California,Paicines,95043,"36.525703, -120.952122",36.525703,-120.952122,Male,No,No,No,1,Yes,No,Fiber optic,No,No,No,No,Yes,No,Month-to-month,Yes,Electronic check,80.55,80.55,No,0,21,3154,nan,0,80.55,0-6 months,Yes,2
7363-QTBIW,1,United States,California,Scotts Valley,95066,"37.070177, -122.010077",37.070177,-122.010077,Female,No,Yes,No,9,Yes,No,Fiber optic,No,No,No,No,No,Yes,Month-to-month,Yes,Electronic check,79.75,769.1,No,0,62,4654,nan,0,85.45555555555556,7-12 months,No,2
3312-UUMZW,1,United States,California,San Jose,95117,"37.311088, -121.961786",37.311088,-121.961786,Male,No,Yes,No,32,Yes,Yes,Fiber optic,No,Yes,No,No,Yes,Yes,Month-to-month,Yes,Credit card (automatic),98.85,3145.9,No,0,61,3981,nan,0,98.309375,25-48 months,No,5
6891-JPYFF,1,United States,California,San Jose,95121,"37.304681, -121.809955",37.304681,-121.809955,Female,No,Yes,Yes,48,Yes,Yes,Fiber optic,Yes,Yes,No,No,Yes,Yes,Month-to-month,Yes,Credit card (automatic),105.25,4997.5,No,0,79,4275,nan,0,104.11458333333333,25-48 months,No,6
1047-NNCBF,1,United States,California,San Jose,95123,"37.238758, -121.828375",37.238758,-121.828375,Male,No,No,No,20,Yes,No,Fiber optic,No,No,No,No,No,No,Month-to-month,No,Credit card (automatic),70.55,1493.55,No,0,59,5790,nan,0,74.6775,13-24 months,No,1
3452-ABWRL,1,United States,California,San Jose,95132,"37.424655, -121.74841",37.424655,-121.74841,Male,Yes,No,No,47,Yes,Yes,Fiber optic,No,No,No,No,Yes,No,Month-to-month,Yes,Credit card (automatic),86.05,3865.6,No,0,69,5527,nan,0,82.2468085106383,25-48 months,No,3
2208-NQBCT,1,United States,California,San Jose,95138,"37.246064, -121.749494",37.246064,-121.749494,Female,No,Yes,Yes,26,Yes,No,Fiber optic,Yes,Yes,No,No,No,No,Month-to-month,No,Electronic check,81.95,2070.05,No,0,72,2817,nan,0,79.6173076923077,25-48 months,No,3
2460-NGXBJ,1,United States,California,Stockton,95206,"37.902422, -121.440029",37.902422,-121.440029,Male,Yes,Yes,Yes,11,Yes,Yes,Fiber optic,No,No,No,No,No,No,Month-to-month,Yes,Credit card (automatic),75.2,775.3,No,0,28,5193,nan,0,70.48181818181818,7-12 months,No,2
3522-CDKHF,1,United States,California,Stockton,95210,"38.033219, -121.297433",38.033219,-121.297433,Female,No,Yes,No,32,Yes,No,Fiber optic,Yes,No,No,No,No,No,Month-to-month,Yes,Bank transfer (automatic),75.5,2324.7,No,0,76,3131,nan,0,72.646875,25-48 months,No,2
5334-JLAXU,1,United States,California,French Camp,95231,"37.873283, -121.292034",37.873283,-121.292034,Female,No,Yes,No,60,Yes,Yes,Fiber optic,Yes,Yes,No,No,No,Yes,Month-to-month,Yes,Credit card (automatic),94.1,5475.9,No,0,62,5267,nan,0,91.265,49+ months,No,5
6242-MBHPK,1,United States,California,Hathaway Pines,95233,"38.184914, -120.364085",38.184914,-120.364085,Female,Yes,Yes,No,23,Yes,No,Fiber optic,Yes,No,No,No,Yes,Yes,Month-to-month,Yes,Electronic check,95.1,2326.05,No,0,66,4025,nan,0,101.13260869565218,13-24 months,No,4
1641-RQDAY,1,United States,California,Wallace,95254,"38.192608, -120.957842",38.192608,-120.957842,Female,Yes,Yes,Yes,32,Yes,Yes,Fiber optic,No,Yes,No,No,Yes,Yes,Month-to-month,Yes,Electronic check,100.4,3217.65,No,0,59,4848,nan,0,100.5515625,25-48 months,No,5
1346-UFHAX,1,United States,California,Woodbridge,95258,"38.169605, -121.310964",38.169605,-121.310964,Female,No,No,No,13,Yes,Yes,Fiber optic,Yes,No,No,No,No,No,Month-to-month,Yes,Credit card (automatic),80.0,1029.35,No,0,78,5577,nan,0,79.18076923076923,13-24 months,No,3
5461-QKNTN,1,United States,California,Catheys Valley,95306,"37.394411, -120.127262",37.394411,-120.127262,Male,Yes,Yes,No,43,Yes,Yes,Fiber optic,No,Yes,No,Yes,Yes,No,Month-to-month,Yes,Electronic check,94.3,3953.15,No,0,63,2040,nan,0,91.93372093023255,25-48 months,No,5
4660-IRIBM,1,United States,California,Crows Landing,95313,"37.435664, -121.049056",37.435664,-121.049056,Male,No,Yes,Yes,18,Yes,No,Fiber optic,Yes,No,Yes,No,Yes,No,Month-to-month,Yes,Mailed check,87.9,1500.5,No,0,33,5192,nan,0,83.36111111111111,13-24 months,No,4
3916-NRPAP,1,United States,California,Escalon,95320,"37.818543, -121.006907",37.818543,-121.006907,Male,No,No,No,3,Yes,No,Fiber optic,No,No,Yes,No,No,Yes,Month-to-month,No,Credit card (automatic),85.7,256.75,No,0,33,5806,nan,0,85.58333333333333,0-6 months,Yes,3
7126-RBHSD,1,United States,California,Lathrop,95330,"37.80821, -121.308401",37.80821,-121.308401,Female,No,Yes,No,17,Yes,Yes,Fiber optic,Yes,No,No,No,No,No,Month-to-month,No,Electronic check,78.9,1348.95,No,0,38,2362,nan,0,79.35000000000001,13-24 months,No,3
6077-BDPXA,1,United States,California,Merced,95340,"37.255637, -120.493537",37.255637,-120.493537,Female,No,No,No,3,Yes,No,Fiber optic,No,No,No,No,No,No,Month-to-month,Yes,Electronic check,70.15,194.2,No,0,26,2228,nan,0,64.73333333333333,0-6 months,Yes,1
4291-SHSBH,1,United States,California,Modesto,95354,"37.639029, -120.964772",37.639029,-120.964772,Male,No,No,No,7,Yes,No,Fiber optic,No,No,No,No,No,No,Month-to-month,Yes,Electronic check,69.55,521.35,No,0,71,4704,nan,0,74.47857142857143,7-12 months,No,1
2040-VZIKE,1,United States,California,Stevinson,95374,"37.316807, -120.855753",37.316807,-120.855753,Female,No,Yes,No,49,Yes,Yes,Fiber optic,Yes,No,No,No,Yes,Yes,Month-to-month,Yes,Mailed check,100.85,4847.35,No,0,53,5417,nan,0,98.92551020408165,49+ months,No,5
0178-SZBHO,1,United States,California,Tuolumne,95379,"37.939768, -120.188002",37.939768,-120.188002,Male,No,Yes,Yes,47,Yes,Yes,Fiber optic,No,Yes,No,No,Yes,No,Month-to-month,No,Electronic check,87.2,4017.45,No,0,76,3760,nan,0,85.47765957446808,25-48 months,No,4
6507-ZJSUR,1,United States,California,Albion,95410,"39.225694, -123.717354",39.225694,-123.717354,Male,Yes,Yes,No,23,Yes,No,Fiber optic,No,No,No,No,Yes,Yes,Month-to-month,Yes,Electronic check,90.45,2117.25,No,0,24,5272,nan,0,92.05434782608695,13-24 months,No,3
9408-HRXRK,1,United States,California,Annapolis,95412,"38.731055, -123.316553",38.731055,-123.316553,Female,No,Yes,Yes,45,Yes,Yes,Fiber optic,Yes,Yes,No,No,Yes,Yes,Month-to-month,Yes,Electronic check,105.15,4730.9,No,0,22,5915,nan,0,105.1311111111111,25-48 months,No,6
4741-WWJQZ,1,United States,California,Forestville,95436,"38.499302, -122.92444",38.499302,-122.92444,Female,No,Yes,No,2,Yes,No,Fiber optic,Yes,No,No,Yes,No,No,Month-to-month,Yes,Electronic check,80.15,194.55,No,0,26,5251,nan,0,97.275,0-6 months,Yes,3
1251-STYSZ,1,United States,California,Glenhaven,95443,"39.045246, -122.743181",39.045246,-122.743181,Female,Yes,No,No,4,Yes,Yes,Fiber optic,Yes,No,No,No,No,No,Month-to-month,Yes,Electronic check,80.25,303.7,No,0,20,3828,nan,0,75.925,0-6 months,Yes,3
9681-KYGYB,1,United States,California,Kelseyville,95451,"38.93496, -122.792243",38.93496,-122.792243,Male,Yes,Yes,No,49,Yes,Yes,Fiber optic,Yes,Yes,Yes,No,No,No,Month-to-month,Yes,Electronic check,88.2,4159.45,No,0,24,5987,nan,0,84.88673469387754,49+ months,No,5
8800-ZKRFW,1,United States,California,Philo,95466,"39.094102, -123.500853",39.094102,-123.500853,Female,No,Yes,Yes,30,Yes,Yes,Fiber optic,No,Yes,Yes,Yes,Yes,Yes,Month-to-month,Yes,Electronic check,107.5,3242.5,No,0,51,3094,nan,0,108.08333333333333,25-48 months,No,7
6729-GDNGC,1,United States,California,Westport,95488,"39.724433, -123.767578",39.724433,-123.767578,Female,Yes,No,No,20,Yes,No,Fiber optic,No,No,No,No,Yes,No,Month-to-month,No,Bank transfer (automatic),80.7,1614.2,No,0,73,3111,nan,0,80.71000000000001,13-24 months,No,2
6198-ZFIOJ,1,United States,California,Willits,95490,"39.492046, -123.375818",39.492046,-123.375818,Female,No,No,No,5,Yes,Yes,Fiber optic,No,No,No,No,No,No,Month-to-month,No,Electronic check,75.6,402.5,No,0,27,3469,nan,0,80.5,0-6 months,Yes,2
3733-LSYCE,1,United States,California,Samoa,95564,"40.809636, -124.189977",40.809636,-124.189977,Female,No,Yes,No,15,Yes,No,Fiber optic,No,Yes,No,No,No,No,Month-to-month,No,Bank transfer (automatic),75.35,1114.55,No,0,67,4891,nan,0,74.30333333333333,13-24 months,No,2
0196-JTUQI,1,United States,California,Clarksburg,95612,"38.384648, -121.578701",38.384648,-121.578701,Female,No,No,No,9,Yes,Yes,Fiber optic,No,No,No,No,No,No,Month-to-month,Yes,Credit card (automatic),75.2,633.85,No,0,68,5841,nan,0,70.42777777777778,7-12 months,No,2
7130-YXBRO,1,United States,California,Cool,95614,"38.880622, -120.973865",38.880622,-120.973865,Male,No,Yes,No,48,Yes,Yes,Fiber optic,Yes,Yes,Yes,No,Yes,Yes,Month-to-month,Yes,Bank transfer (automatic),111.45,5315.1,No,0,74,2319,nan,0,110.73125,25-48 months,No,7
9272-LSVYH,1,United States,California,Courtland,95615,"38.311609, -121.554034",38.311609,-121.554034,Male,No,No,No,10,Yes,No,Fiber optic,No,No,No,No,No,No,Month-to-month,No,Mailed check,70.15,735.5,No,0,78,3963,nan,0,73.55,7-12 months,No,1
4238-HFHSN,1,United States,California,Elverta,95626,"38.734997, -121.463719",38.734997,-121.463719,Male,Yes,Yes,No,61,Yes,Yes,Fiber optic,No,Yes,No,No,No,No,Month-to-month,Yes,Electronic check,82.15,4904.85,No,0,33,4250,nan,0,80.40737704918034,49+ months,No,3
9793-WECQC,1,United States,California,Foresthill,95631,"39.031876, -120.811141",39.031876,-120.811141,Male,No,No,No,23,Yes,No,Fiber optic,No,Yes,No,No,Yes,Yes,Month-to-month,No,Mailed check,95.3,2192.9,No,0,68,5029,nan,0,95.34347826086957,13-24 months,No,4
3717-OEAUQ,1,United States,California,Ione,95640,"38.33788, -120.954202",38.33788,-120.954202,Male,No,No,No,2,Yes,No,Fiber optic,No,No,No,No,No,No,Month-to-month,No,Mailed check,70.7,129.2,No,0,38,2388,nan,0,64.6,0-6 months,Yes,1
9885-AIBVB,1,United States,California,Newcastle,95658,"38.883224, -121.15918",38.883224,-121.15918,Male,No,Yes,No,29,Yes,Yes,Fiber optic,No,Yes,Yes,No,No,No,Month-to-month,Yes,Electronic check,85.8,2440.25,No,0,70,2568,nan,0,84.14655172413794,25-48 months,No,4
8714-CTZJW,1,United States,California,Pilot Hill,95664,"38.803731, -121.043799",38.803731,-121.043799,Female,No,No,No,4,Yes,No,Fiber optic,No,No,Yes,No,No,Yes,Month-to-month,Yes,Credit card (automatic),82.85,319.6,No,0,80,3154,nan,0,79.9,0-6 months,Yes,3
3569-EDBPQ,1,United States,California,Pine Grove,95665,"38.400264, -120.641274",38.400264,-120.641274,Female,No,No,No,24,Yes,Yes,Fiber optic,Yes,No,No,Yes,No,No,Month-to-month,Yes,Electronic check,84.35,1938.05,No,0,31,2198,nan,0,80.75208333333333,13-24 months,No,4
5977-CKHON,1,United States,California,Roseville,95678,"38.759751, -121.288545",38.759751,-121.288545,Female,No,Yes,Yes,43,Yes,Yes,Fiber optic,No,No,Yes,No,No,Yes,Month-to-month,Yes,Bank transfer (automatic),92.55,4039.0,No,0,37,3853,nan,0,93.93023255813954,25-48 months,No,4
2692-BUCFV,1,United States,California,Shingle Springs,95682,"38.598936, -120.963092",38.598936,-120.963092,Male,Yes,No,No,29,Yes,No,Fiber optic,No,Yes,Yes,No,Yes,Yes,Month-to-month,Yes,Bank transfer (automatic),101.45,2948.6,No,0,76,5285,nan,0,101.67586206896551,25-48 months,No,5
5302-BDJNT,1,United States,California,Sutter Creek,95685,"38.432145, -120.77069",38.432145,-120.77069,Male,No,No,No,35,Yes,Yes,Fiber optic,No,No,Yes,Yes,Yes,No,Month-to-month,No,Electronic check,95.5,3418.2,No,0,27,3715,nan,0,97.66285714285713,25-48 months,No,5
9350-VLHMB,1,United States,California,Volcano,95689,"38.481902, -120.603668",38.481902,-120.603668,Male,No,Yes,Yes,67,Yes,Yes,Fiber optic,No,Yes,No,No,No,Yes,Month-to-month,Yes,Bank transfer (automatic),89.55,6373.1,No,0,45,6111,nan,0,95.12089552238807,49+ months,No,4
8785-CJSHH,1,United States,California,West Sacramento,95691,"38.627951, -121.593287",38.627951,-121.593287,Female,No,Yes,No,60,Yes,Yes,Fiber optic,No,Yes,No,No,Yes,Yes,Month-to-month,Yes,Electronic check,99.8,5985.75,No,0,38,6213,nan,0,99.7625,49+ months,No,5
6896-SRVYQ,1,United States,California,Camino,95709,"38.748316, -120.675512",38.748316,-120.675512,Male,Yes,No,No,44,Yes,No,Fiber optic,No,No,Yes,No,No,No,Month-to-month,No,Electronic check,73.85,3122.4,No,0,48,4374,nan,0,70.96363636363637,25-48 months,No,2
9052-VKDUW,1,United States,California,Pollock Pines,95726,"38.733908, -120.453416",38.733908,-120.453416,Female,Yes,Yes,No,65,Yes,Yes,Fiber optic,Yes,Yes,Yes,No,Yes,Yes,Month-to-month,Yes,Credit card (automatic),109.4,7227.45,No,0,39,4452,nan,0,111.19153846153846,49+ months,No,7
3211-AAPKX,1,United States,California,Woodland,95776,"38.694081, -121.694431",38.694081,-121.694431,Male,No,No,No,20,Yes,Yes,Fiber optic,No,No,No,Yes,Yes,Yes,Month-to-month,Yes,Mailed check,98.55,2031.95,No,0,42,3300,nan,0,101.5975,13-24 months,No,5
5899-OUVKV,1,United States,California,Sacramento,95821,"38.625096, -121.383658",38.625096,-121.383658,Male,No,No,No,31,Yes,No,Fiber optic,No,Yes,No,No,Yes,Yes,Month-to-month,Yes,Electronic check,94.5,2979.2,No,0,42,3949,nan,0,96.1032258064516,25-48 months,No,4
6234-PFPXL,1,United States,California,Sacramento,95829,"38.486502, -121.334051",38.486502,-121.334051,Male,No,Yes,No,22,Yes,Yes,Fiber optic,Yes,No,No,Yes,Yes,No,Month-to-month,No,Credit card (automatic),95.9,2234.95,No,0,56,3207,nan,0,101.58863636363635,13-24 months,No,5
1866-OBPNR,1,United States,California,Sacramento,95833,"38.619049, -121.517552",38.619049,-121.517552,Male,No,Yes,Yes,1,Yes,No,Fiber optic,No,Yes,No,No,No,No,Month-to-month,No,Credit card (automatic),74.6,74.6,No,0,22,5494,nan,0,74.6,0-6 months,Yes,2
9777-WJJPR,1,United States,California,Sacramento,95842,"38.687367, -121.34848",38.687367,-121.34848,Male,No,Yes,No,31,Yes,Yes,Fiber optic,No,No,Yes,No,Yes,No,Month-to-month,No,Credit card (automatic),88.65,2683.2,No,0,48,4821,nan,0,86.55483870967741,25-48 months,No,4
9495-SKLKD,1,United States,California,Marysville,95901,"39.19514, -121.503883",39.19514,-121.503883,Male,No,Yes,Yes,45,Yes,Yes,Fiber optic,No,Yes,Yes,No,No,Yes,Month-to-month,Yes,Bank transfer (automatic),95.95,4456.65,No,0,63,5322,nan,0,99.03666666666666,25-48 months,No,5
9290-SHCMB,1,United States,California,Brownsville,95919,"39.440687, -121.263583",39.440687,-121.263583,Female,Yes,No,No,13,Yes,No,Fiber optic,No,No,Yes,No,Yes,Yes,Month-to-month,Yes,Electronic check,96.85,1235.55,No,0,28,3098,nan,0,95.04230769230769,13-24 months,No,4
6416-YJTTB,1,United States,California,Downieville,95936,"39.578792, -120.780786",39.578792,-120.780786,Male,No,No,No,11,Yes,No,Fiber optic,Yes,No,Yes,No,No,No,Month-to-month,Yes,Bank transfer (automatic),79.5,795.65,No,0,57,2278,nan,0,72.33181818181818,7-12 months,No,3
4472-VESGY,1,United States,California,Durham,95938,"39.607831, -121.777959",39.607831,-121.777959,Female,No,Yes,Yes,52,Yes,Yes,Fiber optic,Yes,Yes,Yes,No,No,Yes,Month-to-month,No,Bank transfer (automatic),98.15,4993.4,No,0,48,5123,nan,0,96.02692307692307,49+ months,No,6
3128-YOVTD,1,United States,California,Forbestown,95941,"39.531028, -121.24807",39.531028,-121.24807,Female,No,Yes,Yes,51,Yes,No,Fiber optic,Yes,Yes,No,No,No,No,Month-to-month,Yes,Bank transfer (automatic),79.15,4018.55,No,0,64,6321,nan,0,78.79509803921569,49+ months,No,3
1728-CXQBE,1,United States,California,Glenn,95943,"39.597975, -122.032248",39.597975,-122.032248,Male,Yes,Yes,No,64,Yes,Yes,Fiber optic,No,Yes,Yes,No,No,Yes,Month-to-month,Yes,Electronic check,94.25,6081.4,No,0,63,6020,nan,0,95.021875,49+ months,No,5
1769-GRUIK,1,United States,California,Gridley,95948,"39.346898, -121.759537",39.346898,-121.759537,Female,No,No,No,18,Yes,No,Fiber optic,No,No,No,No,No,No,Month-to-month,Yes,Electronic check,71.1,1247.75,No,0,28,4911,nan,0,69.31944444444444,13-24 months,No,1
2811-POVEX,1,United States,California,Live Oak,95953,"39.258746, -121.77697",39.258746,-121.77697,Female,Yes,Yes,Yes,23,Yes,No,Fiber optic,No,Yes,Yes,No,No,Yes,Month-to-month,Yes,Bank transfer (automatic),88.45,2130.55,No,0,70,3937,nan,0,92.63260869565218,13-24 months,No,4
9314-IJWSQ,1,United States,California,Meridian,95957,"39.068071, -121.832638",39.068071,-121.832638,Female,No,Yes,Yes,14,Yes,Yes,Fiber optic,No,No,No,No,Yes,No,Month-to-month,Yes,Electronic check,84.8,1203.9,No,0,80,2452,nan,0,85.99285714285715,13-24 months,No,3
6198-RTPMF,1,United States,California,Oregon House,95962,"39.342587, -121.249833",39.342587,-121.249833,Female,No,Yes,No,17,Yes,Yes,Fiber optic,No,No,No,No,Yes,Yes,Month-to-month,No,Electronic check,92.6,1579.7,No,0,32,4756,nan,0,92.9235294117647,13-24 months,No,4
1656-DRSMG,1,United States,California,Chico,95973,"39.903272, -121.843567",39.903272,-121.843567,Female,No,No,No,63,Yes,Yes,Fiber optic,No,Yes,Yes,Yes,Yes,Yes,Month-to-month,Yes,Credit card (automatic),109.85,7002.95,No,0,66,5775,nan,0,111.15793650793651,49+ months,No,7
2984-AFWNC,1,United States,California,Rough And Ready,95975,"39.225634, -121.156163",39.225634,-121.156163,Female,No,No,No,3,Yes,No,Fiber optic,No,Yes,No,No,Yes,Yes,Month-to-month,No,Electronic check,95.4,293.15,No,0,70,2813,nan,0,97.71666666666665,0-6 months,Yes,4
2796-UUZZO,1,United States,California,Redding,96002,"40.527834, -122.318749",40.527834,-122.318749,Male,No,Yes,Yes,63,Yes,No,Fiber optic,No,Yes,Yes,No,No,No,Month-to-month,Yes,Credit card (automatic),80.3,4896.35,No,0,66,5157,nan,0,77.71984126984128,49+ months,No,3
5522-NYKPB,1,United States,California,Burney,96013,"40.946785, -121.719489",40.946785,-121.719489,Male,No,Yes,Yes,25,Yes,No,Fiber optic,No,No,No,Yes,Yes,No,Month-to-month,No,Electronic check,85.9,2199.05,No,0,79,3153,nan,0,87.962,25-48 months,No,3
9957-YODKZ,1,United States,California,Canby,96015,"41.486953, -120.913975",41.486953,-120.913975,Male,Yes,Yes,No,6,Yes,Yes,Fiber optic,No,No,Yes,No,No,No,Month-to-month,Yes,Electronic check,80.8,457.1,No,0,68,5611,nan,0,76.18333333333334,0-6 months,Yes,3
7776-QGYJC,1,United States,California,Shasta Lake,96019,"40.692523, -122.369876",40.692523,-122.369876,Female,No,Yes,Yes,39,Yes,No,Fiber optic,No,No,Yes,Yes,No,No,Month-to-month,Yes,Bank transfer (automatic),81.5,3107.3,No,0,25,2042,nan,0,79.67435897435898,25-48 months,No,3
3223-DWFIO,1,United States,California,Forks Of Salmon,96031,"41.232128, -123.194748",41.232128,-123.194748,Male,Yes,No,No,4,Yes,No,Fiber optic,No,No,No,No,No,No,Month-to-month,No,Electronic check,69.35,261.65,No,0,26,4140,nan,0,65.4125,0-6 months,Yes,1
6968-GMKPR,1,United States,California,French Gulch,96033,"40.740138, -122.587476",40.740138,-122.587476,Female,No,No,No,55,Yes,No,Fiber optic,No,Yes,Yes,No,No,No,Month-to-month,Yes,Electronic check,81.55,4509.5,No,0,80,5167,nan,0,81.99090909090908,49+ months,No,3
3292-PBZEJ,1,United States,California,Greenview,96037,"41.528541, -122.955018",41.528541,-122.955018,Male,Yes,No,No,11,Yes,Yes,Fiber optic,No,Yes,Yes,Yes,Yes,Yes,Month-to-month,Yes,Electronic check,111.4,1183.05,No,0,28,3175,nan,0,107.55,7-12 months,No,7
7321-VGNKU,1,United States,California,Paskenta,96074,"39.884395, -122.587513",39.884395,-122.587513,Female,No,Yes,No,2,Yes,No,Fiber optic,No,No,No,No,No,No,Month-to-month,Yes,Electronic check,70.35,120.25,No,0,39,4917,nan,0,60.125,0-6 months,Yes,1
5035-BVCXS,1,United States,California,Loyalton,96118,"39.637471, -120.226338",39.637471,-120.226338,Male,No,No,No,11,Yes,No,Fiber optic,No,Yes,No,No,No,No,Month-to-month,Yes,Mailed check,75.9,866.4,No,0,70,4278,nan,0,78.76363636363637,7-12 months,No,2
6267-DCFFZ,1,United States,California,Madeline,96119,"41.042003, -120.506086",41.042003,-120.506086,Female,Yes,Yes,No,30,Yes,Yes,Fiber optic,No,Yes,No,No,Yes,No,Month-to-month,Yes,Electronic check,90.05,2627.2,No,0,39,3792,nan,0,87.57333333333332,25-48 months,No,4
2439-LYPMQ,1,United States,California,Milford,96121,"40.181279, -120.392967",40.181279,-120.392967,Male,Yes,Yes,No,38,Yes,Yes,Fiber optic,No,Yes,Yes,No,Yes,Yes,Month-to-month,Yes,Electronic check,102.6,4009.2,No,0,40,5469,nan,0,105.50526315789473,25-48 months,No,6
9469-WEJBT,1,United States,California,Carnelian Bay,96140,"39.227434, -120.091806",39.227434,-120.091806,Male,No,Yes,No,37,Yes,No,Fiber optic,No,No,Yes,Yes,No,Yes,Month-to-month,Yes,Electronic check,90.35,3419.3,No,0,76,3347,nan,0,92.41351351351352,25-48 months,No,4
7426-WEIJX,1,United States,California,Olympic Valley,96146,"39.191797, -120.212401",39.191797,-120.212401,Male,Yes,Yes,Yes,60,Yes,Yes,Fiber optic,Yes,No,No,No,No,No,Month-to-month,Yes,Electronic check,80.95,4859.1,No,0,71,6214,nan,0,80.985,49+ months,No,3
8189-HBVRW,1,United States,California,Los Angeles,90005,"34.059281, -118.30742",34.059281,-118.30742,Female,No,No,No,53,Yes,Yes,Fiber optic,Yes,Yes,Yes,No,No,No,Month-to-month,No,Electronic check,90.8,4921.2,No,0,20,5249,nan,0,92.85283018867923,49+ months,No,5
3761-FLYZI,1,United States,California,Los Angeles,90011,"34.00709, -118.258681",34.00709,-118.258681,Female,Yes,Yes,No,65,Yes,Yes,Fiber optic,No,Yes,Yes,No,Yes,Yes,Month-to-month,Yes,Bank transfer (automatic),108.8,7082.45,No,0,64,5225,nan,0,108.96076923076923,49+ months,No,6
1219-NNDDO,1,United States,California,Los Angeles,90015,"34.039224, -118.266293",34.039224,-118.266293,Female,No,No,No,9,Yes,Yes,Fiber optic,No,No,No,No,No,No,Month-to-month,Yes,Electronic check,76.85,663.55,No,0,38,4834,nan,0,73.72777777777777,7-12 months,No,2
9659-QEQSY,1,United States,California,Los Angeles,90018,"34.028735, -118.317236",34.028735,-118.317236,Female,No,No,No,45,Yes,Yes,Fiber optic,Yes,Yes,Yes,Yes,Yes,Yes,Month-to-month,Yes,Electronic check,115.65,5125.5,No,0,75,3974,nan,0,113.9,25-48 months,No,8
5405-ZMYXQ,1,United States,California,Los Angeles,90019,"34.049841, -118.33846",34.049841,-118.33846,Female,No,No,No,8,Yes,Yes,Fiber optic,No,No,No,No,No,No,Month-to-month,Yes,Credit card (automatic),74.6,548.9,No,0,57,2142,nan,0,68.6125,7-12 months,No,2
0793-TWELN,1,United States,California,Los Angeles,90026,"34.078991, -118.263804",34.078991,-118.263804,Female,No,No,No,4,Yes,Yes,Fiber optic,Yes,No,No,No,No,No,Month-to-month,Yes,Electronic check,80.15,319.85,No,0,62,2841,nan,0,79.9625,0-6 months,Yes,3
9365-SRSZE,1,United States,California,Los Angeles,90036,"34.070291, -118.349191",34.070291,-118.349191,Male,Yes,Yes,No,27,Yes,No,Fiber optic,No,No,No,No,No,No,Month-to-month,Yes,Electronic check,70.55,1943.9,No,0,65,2534,nan,0,71.9962962962963,25-48 months,No,1
5740-YHGTW,1,United States,California,Los Angeles,90041,"34.137412, -118.207607",34.137412,-118.207607,Male,No,Yes,Yes,70,Yes,Yes,Fiber optic,Yes,Yes,No,No,Yes,No,Month-to-month,Yes,Credit card (automatic),97.55,6669.05,No,0,49,4551,nan,0,95.27214285714285,49+ months,No,5
4918-FYJNT,1,United States,California,Los Angeles,90063,"34.044271, -118.185237",34.044271,-118.185237,Female,Yes,Yes,No,55,Yes,Yes,Fiber optic,No,Yes,Yes,Yes,No,No,Month-to-month,No,Electronic check,90.45,5044.8,No,0,42,5140,nan,0,91.72363636363637,49+ months,No,5
4854-CIDCF,1,United States,California,Los Angeles,90065,"34.108833, -118.229715",34.108833,-118.229715,Female,Yes,No,No,3,Yes,No,Fiber optic,No,No,Yes,No,No,No,Month-to-month,No,Electronic check,73.85,196.4,No,0,74,2868,nan,0,65.46666666666667,0-6 months,Yes,2
6435-SRWBJ,1,United States,California,Los Angeles,90068,"34.137411, -118.328915",34.137411,-118.328915,Female,No,No,No,5,Yes,Yes,Fiber optic,No,No,Yes,Yes,No,No,Month-to-month,Yes,Electronic check,82.75,417.75,No,0,36,5269,nan,0,83.55,0-6 months,Yes,4
2081-VEYEH,1,United States,California,Compton,90221,"33.885811, -118.206459",33.885811,-118.206459,Male,No,No,No,3,Yes,No,Fiber optic,No,Yes,Yes,Yes,Yes,Yes,Month-to-month,Yes,Electronic check,107.95,318.6,No,0,70,5653,nan,0,106.2,0-6 months,Yes,6
6407-UTSLV,1,United States,California,Compton,90222,"33.912246, -118.236773",33.912246,-118.236773,Female,Yes,No,No,2,Yes,No,Fiber optic,No,Yes,No,No,Yes,No,Month-to-month,Yes,Bank transfer (automatic),83.8,163.7,No,0,53,2885,nan,0,81.85,0-6 months,Yes,3
7398-SKNQZ,1,United States,California,Downey,90241,"33.940884, -118.128628",33.940884,-118.128628,Female,No,Yes,No,3,Yes,Yes,Fiber optic,No,No,No,No,Yes,Yes,Month-to-month,No,Electronic check,94.9,273.2,No,0,58,2330,nan,0,91.06666666666666,0-6 months,Yes,4
5935-FCCNB,1,United States,California,Downey,90242,"33.921793, -118.140588",33.921793,-118.140588,Female,Yes,No,No,17,Yes,Yes,Fiber optic,No,No,No,No,Yes,Yes,Month-to-month,Yes,Electronic check,94.2,1608.15,No,0,54,4425,nan,0,94.59705882352942,13-24 months,No,4
1320-REHCS,1,United States,California,Inglewood,90301,"33.956445, -118.358634",33.956445,-118.358634,Male,Yes,No,No,52,Yes,Yes,Fiber optic,No,Yes,Yes,Yes,Yes,Yes,Month-to-month,Yes,Electronic check,110.75,5832.0,No,0,46,4993,nan,0,112.15384615384616,49+ months,No,7
9470-XCCEM,1,United States,California,Torrance,90504,"33.867257, -118.330794",33.867257,-118.330794,Male,No,Yes,Yes,35,Yes,Yes,Fiber optic,No,Yes,No,No,Yes,No,Month-to-month,Yes,Bank transfer (automatic),89.65,3161.6,No,0,34,2622,nan,0,90.33142857142857,25-48 months,No,4
3144-KMTWZ,1,United States,California,Whittier,90606,"33.976678, -118.065875",33.976678,-118.065875,Male,No,Yes,No,71,Yes,Yes,Fiber optic,No,Yes,Yes,No,No,Yes,Month-to-month,Yes,Bank transfer (automatic),93.25,6669.45,No,0,63,6035,nan,0,93.93591549295775,49+ months,No,5
5091-HFAZW,1,United States,California,Santa Fe Springs,90670,"33.933565, -118.062611",33.933565,-118.062611,Female,No,No,No,2,Yes,No,Fiber optic,Yes,Yes,No,No,Yes,No,Month-to-month,Yes,Electronic check,91.15,168.5,No,0,52,2686,nan,0,84.25,0-6 months,Yes,4
2178-PMGCJ,1,United States,California,Long Beach,90802,"33.752524, -118.210737",33.752524,-118.210737,Male,No,No,No,22,Yes,No,Fiber optic,No,No,No,No,No,No,Month-to-month,Yes,Mailed check,69.7,1490.4,No,0,32,4838,nan,0,67.74545454545455,13-24 months,No,1
2070-XYMFH,1,United States,California,Long Beach,90815,"33.797638, -118.11662",33.797638,-118.11662,Female,Yes,No,No,23,Yes,Yes,Fiber optic,No,No,Yes,No,No,No,Month-to-month,Yes,Mailed check,79.35,1835.3,No,0,50,3558,nan,0,79.79565217391304,13-24 months,No,3
4450-MDZFX,1,United States,California,Monrovia,91016,"34.1528, -118.000482",34.1528,-118.000482,Male,No,Yes,Yes,60,Yes,Yes,Fiber optic,No,No,No,No,No,No,Month-to-month,No,Bank transfer (automatic),74.35,4453.3,No,0,26,5100,nan,0,74.22166666666666,49+ months,No,2
6908-VVYHM,1,United States,California,Pasadena,91104,"34.165383, -118.123752",34.165383,-118.123752,Male,No,Yes,No,65,Yes,Yes,Fiber optic,No,Yes,No,No,No,Yes,Month-to-month,Yes,Electronic check,90.65,5931.0,No,0,70,6358,nan,0,91.24615384615385,49+ months,No,4
3030-YDNRM,1,United States,California,Pasadena,91107,"34.159007, -118.087353",34.159007,-118.087353,Male,No,No,No,8,Yes,Yes,Fiber optic,No,No,No,No,No,No,Month-to-month,Yes,Electronic check,74.85,572.45,No,0,40,5514,nan,0,71.55625,7-12 months,No,2
8058-DMYRU,1,United States,California,Glendale,91208,"34.195386, -118.238508",34.195386,-118.238508,Male,Yes,No,No,54,Yes,Yes,Fiber optic,No,Yes,No,No,No,Yes,Month-to-month,Yes,Electronic check,90.05,4931.8,No,0,23,5232,nan,0,91.32962962962964,49+ months,No,4
3062-ICYZQ,1,United States,California,Oak Park,91377,"34.19225, -118.776874",34.19225,-118.776874,Female,No,Yes,Yes,51,Yes,Yes,Fiber optic,Yes,Yes,No,No,No,Yes,Month-to-month,Yes,Electronic check,93.8,4539.35,No,0,20,5457,nan,0,89.00686274509805,49+ months,No,5
8563-OYMQY,1,United States,California,Covina,91722,"34.097345, -117.906736",34.097345,-117.906736,Male,No,No,No,17,Yes,No,Fiber optic,No,Yes,Yes,No,No,Yes,Month-to-month,Yes,Credit card (automatic),90.95,1612.2,No,0,23,5687,nan,0,94.83529411764707,13-24 months,No,4
3318-NMQXL,1,United States,California,El Monte,91731,"34.079934, -118.046695",34.079934,-118.046695,Male,No,No,No,3,Yes,No,Fiber optic,No,No,No,No,Yes,Yes,Month-to-month,Yes,Electronic check,92.0,266.8,No,0,42,4345,nan,0,88.93333333333334,0-6 months,Yes,3
1845-CSBRZ,1,United States,California,Pomona,91766,"34.042286, -117.756106",34.042286,-117.756106,Female,Yes,Yes,Yes,22,Yes,Yes,Fiber optic,No,No,No,No,Yes,No,Month-to-month,No,Bank transfer (automatic),85.35,1961.6,No,0,49,2656,nan,0,89.16363636363636,13-24 months,No,3
2018-QKYGT,1,United States,California,San Gabriel,91775,"34.114772, -118.089431",34.114772,-118.089431,Male,No,Yes,Yes,1,Yes,No,Fiber optic,No,No,No,No,No,Yes,Month-to-month,Yes,Electronic check,81.05,81.05,No,0,27,4396,nan,0,81.05,0-6 months,Yes,2
7449-HVPIV,1,United States,California,Chula Vista,91913,"32.64164, -116.985026",32.64164,-116.985026,Male,No,Yes,Yes,55,Yes,Yes,Fiber optic,No,No,Yes,No,Yes,No,Month-to-month,Yes,Credit card (automatic),90.4,5099.15,No,0,44,4603,nan,0,92.71181818181817,49+ months,No,4
0564-MUUQK,1,United States,California,Imperial Beach,91932,"32.579134, -117.119009",32.579134,-117.119009,Female,No,Yes,Yes,20,Yes,Yes,Fiber optic,No,No,Yes,Yes,No,Yes,Month-to-month,Yes,Bank transfer (automatic),95.5,1916.2,No,0,73,3186,nan,0,95.81,13-24 months,No,5
0701-RFGFI,1,United States,California,La Mesa,91941,"32.759327, -116.99726",32.759327,-116.99726,Female,No,Yes,Yes,49,Yes,Yes,Fiber optic,No,No,No,No,Yes,Yes,Month-to-month,Yes,Bank transfer (automatic),95.4,4613.95,No,0,41,6136,nan,0,94.16224489795918,49+ months,No,4
3737-XBQDD,1,United States,California,Mount Laguna,91948,"32.830852, -116.444601",32.830852,-116.444601,Male,No,No,No,24,Yes,Yes,Fiber optic,No,Yes,Yes,No,No,No,Month-to-month,Yes,Bank transfer (automatic),84.85,2048.8,No,0,23,2941,nan,0,85.36666666666667,13-24 months,No,4
5846-QFDFI,1,United States,California,Pine Valley,91962,"32.800671, -116.483363",32.800671,-116.483363,Female,No,Yes,Yes,33,Yes,Yes,Fiber optic,No,Yes,Yes,Yes,No,No,Month-to-month,No,Credit card (automatic),88.6,2888.7,No,0,78,3648,nan,0,87.53636363636363,25-48 months,No,5
7967-HYCDE,1,United States,California,Spring Valley,91978,"32.730264, -116.950963",32.730264,-116.950963,Male,No,No,No,8,Yes,No,Fiber optic,No,No,No,No,No,No,Month-to-month,No,Bank transfer (automatic),70.7,553.4,No,0,27,4946,nan,0,69.175,7-12 months,No,1
7892-QVYKW,1,United States,California,El Cajon,92020,"32.79697, -116.969082",32.79697,-116.969082,Female,No,Yes,Yes,23,Yes,Yes,Fiber optic,No,No,No,No,No,Yes,Month-to-month,No,Electronic check,85.6,1868.4,No,0,25,3513,nan,0,81.23478260869565,13-24 months,No,3
5692-ICXLW,1,United States,California,Escondido,92027,"33.141265, -116.967221",33.141265,-116.967221,Male,Yes,No,No,31,Yes,Yes,Fiber optic,No,Yes,No,No,Yes,No,Month-to-month,Yes,Electronic check,90.7,2845.15,No,0,60,3493,nan,0,91.77903225806452,25-48 months,No,4
1960-UYCNN,1,United States,California,Julian,92036,"32.980678, -116.262854",32.980678,-116.262854,Male,No,No,No,10,Yes,Yes,Fiber optic,No,Yes,Yes,No,No,Yes,Month-to-month,Yes,Electronic check,95.25,1021.55,No,0,23,4810,nan,0,102.155,7-12 months,No,5
3365-SAIGS,1,United States,California,Rancho Santa Fe,92067,"33.012751, -117.200617",33.012751,-117.200617,Female,No,No,No,17,Yes,No,Fiber optic,No,Yes,No,No,Yes,No,Month-to-month,Yes,Electronic check,83.55,1329.15,No,0,59,5564,nan,0,78.18529411764706,13-24 months,No,3
7020-OZKXZ,1,United States,California,Vista,92084,"33.22784, -117.200024",33.22784,-117.200024,Female,Yes,No,No,9,Yes,No,Fiber optic,No,No,Yes,No,No,No,Month-to-month,No,Credit card (automatic),75.5,637.4,No,0,30,3021,nan,0,70.82222222222222,7-12 months,No,2
5989-PGKJB,1,United States,California,San Diego,92121,"32.898613, -117.202937",32.898613,-117.202937,Female,No,No,No,16,Yes,No,Fiber optic,No,Yes,No,No,No,Yes,Month-to-month,Yes,Electronic check,86.25,1340.1,No,0,65,3511,nan,0,83.75625,13-24 months,No,3
8775-ERLNB,1,United States,California,Indio,92203,"33.752938, -116.230055",33.752938,-116.230055,Male,Yes,Yes,No,1,Yes,Yes,Fiber optic,No,No,No,No,No,No,Month-to-month,No,Electronic check,74.3,74.3,No,0,47,2968,nan,0,74.3,0-6 months,Yes,2
8309-IEYJD,1,United States,California,Indian Wells,92210,"33.537646, -116.291089",33.537646,-116.291089,Female,Yes,No,No,1,Yes,No,Fiber optic,No,No,No,No,No,No,Month-to-month,Yes,Mailed check,70.6,70.6,No,0,25,2576,nan,0,70.6,0-6 months,Yes,1
6557-BZXLQ,1,United States,California,Cabazon,92230,"33.929812, -116.76058",33.929812,-116.76058,Male,Yes,No,No,16,Yes,No,Fiber optic,No,No,No,No,No,No,Month-to-month,No,Electronic check,69.65,1043.3,No,0,63,5610,nan,0,65.20625,13-24 months,No,1
1170-SASML,1,United States,California,Desert Hot Springs,92240,"33.948558, -116.516976",33.948558,-116.516976,Female,No,Yes,No,69,Yes,Yes,Fiber optic,No,Yes,Yes,No,No,No,Month-to-month,Yes,Bank transfer (automatic),85.4,5869.4,No,0,62,5976,nan,0,85.06376811594203,49+ months,No,4
2038-LLMLM,1,United States,California,El Centro,92243,"32.770393, -115.60915",32.770393,-115.60915,Female,No,No,No,48,Yes,Yes,Fiber optic,No,No,Yes,Yes,Yes,Yes,Month-to-month,Yes,Electronic check,103.85,4946.05,No,0,78,4304,nan,0,103.04270833333334,25-48 months,No,6
1216-BGTSP,1,United States,California,Imperial,92251,"32.858595, -115.662709",32.858595,-115.662709,Male,No,No,No,45,Yes,Yes,Fiber optic,Yes,No,Yes,Yes,Yes,Yes,Month-to-month,Yes,Credit card (automatic),108.45,4964.7,No,0,33,5093,nan,0,110.32666666666667,25-48 months,No,7
4138-NAXED,1,United States,California,Joshua Tree,92252,"34.167236, -116.281511",34.167236,-116.281511,Male,No,No,No,51,Yes,Yes,Fiber optic,No,Yes,No,No,No,No,Month-to-month,No,Bank transfer (automatic),81.0,4085.75,No,0,34,4121,nan,0,80.11274509803921,49+ months,No,3
7483-IQWIB,1,United States,California,Morongo Valley,92256,"34.097863, -116.594561",34.097863,-116.594561,Male,No,Yes,Yes,37,Yes,Yes,Fiber optic,No,Yes,Yes,No,Yes,No,Month-to-month,Yes,Electronic check,92.95,3415.25,No,0,42,3462,nan,0,92.30405405405405,25-48 months,No,5
5153-RTHKF,1,United States,California,Palm Springs,92264,"33.745746, -116.514215",33.745746,-116.514215,Female,No,No,No,34,Yes,Yes,Fiber optic,No,No,No,No,Yes,No,Month-to-month,No,Electronic check,85.35,2896.6,No,0,78,3818,nan,0,85.19411764705882,25-48 months,No,3
9079-LWTFD,1,United States,California,Pioneertown,92268,"34.201108, -116.593456",34.201108,-116.593456,Male,No,No,No,47,Yes,Yes,Fiber optic,Yes,Yes,No,Yes,Yes,No,Month-to-month,No,Mailed check,100.75,4669.2,No,0,27,2508,nan,0,99.34468085106383,25-48 months,No,6
7901-TBKJX,1,United States,California,Twentynine Palms,92278,"34.457829, -116.139589",34.457829,-116.139589,Male,Yes,No,No,56,Yes,Yes,Fiber optic,No,No,Yes,No,Yes,Yes,Month-to-month,Yes,Electronic check,101.05,5594.0,No,0,65,5514,nan,0,99.89285714285714,49+ months,No,5
5804-HYIEZ,1,United States,California,Winterhaven,92283,"32.852947, -114.850784",32.852947,-114.850784,Male,No,Yes,Yes,70,Yes,Yes,Fiber optic,Yes,Yes,No,No,Yes,Yes,Month-to-month,Yes,Electronic check,106.05,7554.05,No,0,30,4583,nan,0,107.915,49+ months,No,6
5934-TSSAU,1,United States,California,Landers,92285,"34.341737, -116.539416",34.341737,-116.539416,Female,No,Yes,Yes,23,Yes,No,Fiber optic,No,No,Yes,No,No,No,Month-to-month,Yes,Credit card (automatic),75.3,1702.9,No,0,49,5903,nan,0,74.0391304347826,13-24 months,No,2
8087-LGYHQ,1,United States,California,Crestline,92325,"34.248061, -117.29028",34.248061,-117.29028,Male,No,No,No,9,Yes,No,Fiber optic,No,No,Yes,No,Yes,Yes,Month-to-month,Yes,Electronic check,94.05,811.65,No,0,42,3475,nan,0,90.18333333333334,7-12 months,No,4
4137-BTIKL,1,United States,California,Daggett,92327,"34.875144, -116.821698",34.875144,-116.821698,Male,No,No,No,2,Yes,Yes,Fiber optic,Yes,No,No,No,No,Yes,Month-to-month,No,Mailed check,90.75,174.75,No,0,60,4766,nan,0,87.375,0-6 months,Yes,4
2190-BCXEC,1,United States,California,Death Valley,92328,"36.27688, -117.033326",36.27688,-117.033326,Female,No,Yes,No,40,Yes,Yes,Fiber optic,No,No,No,Yes,No,No,Month-to-month,Yes,Credit card (automatic),78.85,3126.85,No,0,45,5257,nan,0,78.17125,25-48 months,No,3
2911-WDXMV,1,United States,California,Fontana,92335,"34.087558, -117.464096",34.087558,-117.464096,Male,No,No,Yes,18,Yes,Yes,Fiber optic,No,No,Yes,No,No,No,Month-to-month,Yes,Credit card (automatic),80.55,1406.65,No,0,37,5334,nan,0,78.14722222222223,13-24 months,No,3
7206-PQBBZ,1,United States,California,Fontana,92336,"34.136367, -117.460803",34.136367,-117.460803,Male,Yes,Yes,No,11,Yes,No,Fiber optic,No,No,No,No,No,No,Month-to-month,Yes,Electronic check,70.2,834.7,No,0,29,2848,nan,0,75.88181818181819,7-12 months,No,1
7422-WNBTY,1,United States,California,Green Valley Lake,92341,"34.244411, -117.072654",34.244411,-117.072654,Male,No,Yes,No,33,Yes,Yes,Fiber optic,No,Yes,Yes,No,No,Yes,Month-to-month,Yes,Electronic check,93.35,3092.0,No,0,40,3348,nan,0,93.6969696969697,25-48 months,No,5
9779-DPNEJ,1,United States,California,Nipton,92364,"35.478736, -115.516984",35.478736,-115.516984,Female,No,Yes,Yes,22,Yes,No,Fiber optic,No,No,No,No,No,Yes,Month-to-month,Yes,Electronic check,80.15,1790.65,No,0,42,4732,nan,0,81.39318181818182,13-24 months,No,2
8819-IMISP,1,United States,California,Redlands,92373,"34.003243, -117.138286",34.003243,-117.138286,Male,No,No,No,31,Yes,Yes,Fiber optic,No,Yes,No,No,No,No,Month-to-month,Yes,Electronic check,80.45,2429.1,No,0,49,4684,nan,0,78.35806451612903,25-48 months,No,3
4010-YLMVT,1,United States,California,Yucaipa,92399,"34.04597, -117.011825",34.04597,-117.011825,Female,No,No,No,56,Yes,Yes,Fiber optic,Yes,Yes,No,No,Yes,Yes,Month-to-month,Yes,Credit card (automatic),106.6,5893.95,No,0,80,5056,nan,0,105.24910714285714,49+ months,No,6
1379-FRVEB,1,United States,California,San Bernardino,92401,"34.105935, -117.2914",34.105935,-117.2914,Male,No,No,Yes,15,Yes,Yes,Fiber optic,No,Yes,No,No,Yes,No,Month-to-month,Yes,Electronic check,91.0,1430.05,No,0,48,4602,nan,0,95.33666666666666,13-24 months,No,4
1391-UBDAR,1,United States,California,Riverside,92504,"33.9108, -117.398153",33.9108,-117.398153,Male,No,No,No,11,Yes,No,Fiber optic,No,No,Yes,No,No,No,Month-to-month,No,Electronic check,72.9,818.45,No,0,71,3042,nan,0,74.40454545454546,7-12 months,No,2
5628-FCGYG,1,United States,California,Riverside,92509,"34.004379, -117.447864",34.004379,-117.447864,Male,No,No,No,21,Yes,Yes,Fiber optic,No,No,No,No,No,Yes,Month-to-month,Yes,Electronic check,84.1,1737.45,No,0,69,4649,nan,0,82.7357142857143,13-24 months,No,3
7978-DKUQH,1,United States,California,Lake Elsinore,92532,"33.705836, -117.318204",33.705836,-117.318204,Female,No,Yes,No,25,Yes,No,Fiber optic,No,No,Yes,No,No,No,Month-to-month,Yes,Electronic check,74.6,1797.75,No,0,35,4591,nan,0,71.91,25-48 months,No,2
6635-CPNUN,1,United States,California,Moreno Valley,92553,"33.923149, -117.244933",33.923149,-117.244933,Male,No,Yes,No,28,Yes,Yes,Fiber optic,No,Yes,Yes,No,Yes,No,Month-to-month,No,Credit card (automatic),96.6,2684.35,No,0,43,5530,nan,0,95.86964285714285,25-48 months,No,5
2038-OEQZH,1,United States,California,Menifee,92584,"33.653338, -117.178271",33.653338,-117.178271,Male,No,No,No,4,Yes,No,Fiber optic,No,No,Yes,No,No,Yes,Month-to-month,No,Electronic check,86.05,308.1,No,0,55,3653,nan,0,77.025,0-6 months,Yes,3
8495-LJDFO,1,United States,California,Rancho Santa Margarita,92688,"33.624654, -117.611733",33.624654,-117.611733,Female,Yes,No,No,64,Yes,Yes,Fiber optic,Yes,No,Yes,Yes,Yes,Yes,Month-to-month,Yes,Bank transfer (automatic),108.95,7111.3,No,0,26,5780,nan,0,111.1140625,49+ months,No,7
1302-UHBDD,1,United States,California,Ladera Ranch,92694,"33.569186, -117.640055",33.569186,-117.640055,Male,Yes,No,No,20,Yes,No,Fiber optic,No,No,No,No,Yes,Yes,Month-to-month,No,Electronic check,89.95,1648.45,No,0,33,4812,nan,0,82.4225,13-24 months,No,3
8378-LKJAF,1,United States,California,Santa Ana,92704,"33.719869, -117.907063",33.719869,-117.907063,Male,No,Yes,Yes,38,Yes,Yes,Fiber optic,No,No,Yes,No,Yes,Yes,Month-to-month,Yes,Credit card (automatic),101.15,3956.7,No,0,34,3738,nan,0,104.1236842105263,25-48 months,No,5
3496-LFSZU,1,United States,California,Anaheim,92801,"33.844983, -117.952151",33.844983,-117.952151,Male,No,Yes,No,4,Yes,No,Fiber optic,No,No,No,No,No,No,Month-to-month,No,Electronic check,70.5,294.2,No,0,68,2896,nan,0,73.55,0-6 months,Yes,1
3420-ZDBMA,1,United States,California,Brea,92821,"33.930199, -117.862898",33.930199,-117.862898,Male,Yes,No,No,5,Yes,No,Fiber optic,No,No,No,No,No,No,Month-to-month,Yes,Mailed check,71.45,371.6,No,0,36,5171,nan,0,74.32000000000001,0-6 months,Yes,1
1393-IMKZG,1,United States,California,Fullerton,92831,"33.879983, -117.895482",33.879983,-117.895482,Female,No,No,No,1,Yes,No,Fiber optic,No,No,No,Yes,Yes,Yes,Month-to-month,Yes,Electronic check,95.85,95.85,No,0,23,3270,nan,0,95.85,0-6 months,Yes,4
1013-QCWAM,1,United States,California,Garden Grove,92841,"33.786738, -117.982564",33.786738,-117.982564,Female,Yes,Yes,No,66,Yes,Yes,Fiber optic,No,Yes,No,No,Yes,Yes,Month-to-month,Yes,Electronic check,100.8,6690.75,No,0,32,5469,nan,0,101.375,49+ months,No,5
0093-EXYQL,1,United States,California,Ojai,93023,"34.581308, -118.931948",34.581308,-118.931948,Female,Yes,No,No,40,Yes,No,Fiber optic,No,No,No,No,Yes,Yes,Month-to-month,Yes,Electronic check,91.55,3673.6,No,0,59,5742,nan,0,91.84,25-48 months,No,3
9168-INPSZ,1,United States,California,Port Hueneme,93041,"34.110124, -119.100972",34.110124,-119.100972,Female,Yes,Yes,No,44,Yes,Yes,Fiber optic,No,No,Yes,Yes,Yes,Yes,Month-to-month,No,Electronic check,104.15,4495.65,No,0,32,2944,nan,0,102.17386363636363,25-48 months,No,6
2754-SDJRD,1,United States,California,Somis,93066,"34.297628, -119.014627",34.297628,-119.014627,Female,Yes,No,No,8,Yes,Yes,Fiber optic,No,No,No,Yes,Yes,Yes,Month-to-month,Yes,Credit card (automatic),100.15,908.55,No,0,42,5157,nan,0,113.56875,7-12 months,No,5
2135-DQWAQ,1,United States,California,Santa Barbara,93111,"34.460197, -119.802602",34.460197,-119.802602,Female,No,No,No,5,Yes,No,Fiber optic,No,Yes,No,No,Yes,No,Month-to-month,Yes,Mailed check,85.3,420.45,No,0,67,2689,nan,0,84.09,0-6 months,Yes,3
4813-HQMGZ,1,United States,California,Ducor,93218,"35.846067, -119.004073",35.846067,-119.004073,Female,No,Yes,No,8,Yes,Yes,Fiber optic,No,No,No,Yes,No,Yes,Month-to-month,Yes,Electronic check,90.25,743.75,No,0,76,4969,nan,0,92.96875,7-12 months,No,4
4947-DSMXK,1,United States,California,Farmersville,93223,"36.29878, -119.201028",36.29878,-119.201028,Male,No,Yes,Yes,34,Yes,Yes,Fiber optic,No,Yes,No,No,Yes,Yes,Month-to-month,Yes,Bank transfer (automatic),97.7,3410.0,No,0,39,5789,nan,0,100.29411764705883,25-48 months,No,5
7245-NIIWQ,1,United States,California,Fellows,93224,"35.215731, -119.57013",35.215731,-119.57013,Female,No,No,No,3,Yes,No,Fiber optic,No,No,No,No,No,No,Month-to-month,Yes,Electronic check,69.85,199.85,No,0,40,4764,nan,0,66.61666666666666,0-6 months,Yes,1
8552-OBVRU,1,United States,California,Ivanhoe,93235,"36.385818, -119.224243",36.385818,-119.224243,Female,Yes,Yes,Yes,48,Yes,No,Fiber optic,Yes,No,Yes,Yes,Yes,Yes,Month-to-month,Yes,Electronic check,104.5,5068.05,No,0,71,3847,nan,0,105.58437500000001,25-48 months,No,6
7928-VJYAB,1,United States,California,Lemoore,93245,"36.303666, -119.825657",36.303666,-119.825657,Male,No,Yes,Yes,11,Yes,No,Fiber optic,No,No,No,No,Yes,Yes,Month-to-month,No,Electronic check,90.6,1020.2,No,0,65,2004,nan,0,92.74545454545455,7-12 months,No,3
9776-OJUZI,1,United States,California,Lost Hills,93249,"35.637715, -119.893068",35.637715,-119.893068,Female,Yes,No,No,65,Yes,Yes,Fiber optic,No,Yes,Yes,No,Yes,No,Month-to-month,Yes,Bank transfer (automatic),95.45,6223.3,No,0,62,4168,nan,0,95.74307692307693,49+ months,No,5
0869-PAPRP,1,United States,California,Pixley,93256,"35.957019, -119.330928",35.957019,-119.330928,Female,Yes,Yes,No,26,Yes,No,Fiber optic,No,No,Yes,No,Yes,No,Month-to-month,Yes,Credit card (automatic),85.7,2067.0,No,0,23,3935,nan,0,79.5,25-48 months,No,3
4238-JSSWH,1,United States,California,Porterville,93257,"36.008958, -118.891593",36.008958,-118.891593,Female,Yes,Yes,No,35,Yes,Yes,Fiber optic,No,No,Yes,No,Yes,Yes,Month-to-month,No,Bank transfer (automatic),102.05,3452.55,No,0,35,3199,nan,0,98.64428571428572,25-48 months,No,5
9121-PHQSR,1,United States,California,Stratford,93266,"36.175255, -119.813805",36.175255,-119.813805,Male,Yes,Yes,No,16,Yes,Yes,Fiber optic,No,No,No,No,Yes,No,Month-to-month,Yes,Credit card (automatic),85.05,1391.15,No,0,80,3739,nan,0,86.946875,13-24 months,No,3
1552-AAGRX,1,United States,California,Visalia,93277,"36.303793, -119.375646",36.303793,-119.375646,Female,No,No,No,30,Yes,Yes,Fiber optic,Yes,No,No,Yes,Yes,Yes,Month-to-month,No,Bank transfer (automatic),106.4,3211.9,No,0,35,5503,nan,0,107.06333333333333,25-48 months,No,6
8739-XNIKG,1,United States,California,Bakersfield,93301,"35.383937, -119.020428",35.383937,-119.020428,Female,No,No,No,5,Yes,Yes,Fiber optic,No,No,No,No,Yes,No,Month-to-month,Yes,Electronic check,84.0,424.75,No,0,54,4456,nan,0,84.95,0-6 months,Yes,3
2789-HQBOU,1,United States,California,Bakersfield,93306,"35.449881, -118.841442",35.449881,-118.841442,Male,No,No,No,3,Yes,No,Fiber optic,No,No,No,No,No,Yes,Month-to-month,Yes,Electronic check,80.35,253.8,No,0,51,4203,nan,0,84.60000000000001,0-6 months,Yes,2
4559-UWIHT,1,United States,California,Atascadero,93422,"35.453912, -120.69461",35.453912,-120.69461,Male,No,Yes,No,14,Yes,Yes,Fiber optic,No,Yes,Yes,No,No,No,Month-to-month,Yes,Electronic check,82.65,1185.0,No,0,79,4965,nan,0,84.64285714285714,13-24 months,No,4
7268-IGMFD,1,United States,California,Avila Beach,93424,"35.186644, -120.728305",35.186644,-120.728305,Male,Yes,No,No,18,Yes,Yes,Fiber optic,No,No,Yes,Yes,Yes,No,Month-to-month,No,Bank transfer (automatic),93.9,1743.9,No,0,47,3728,nan,0,96.88333333333334,13-24 months,No,5
3413-DHLPB,1,United States,California,Oceano,93445,"35.059695, -120.604741",35.059695,-120.604741,Male,No,Yes,Yes,60,Yes,Yes,Fiber optic,No,Yes,No,Yes,Yes,Yes,Month-to-month,Yes,Bank transfer (automatic),103.75,5969.95,No,0,53,6237,nan,0,99.49916666666667,49+ months,No,6
2573-GYRUU,1,United States,California,San Miguel,93451,"35.886767, -120.608661",35.886767,-120.608661,Male,Yes,Yes,No,48,Yes,Yes,Fiber optic,No,No,Yes,No,No,Yes,Month-to-month,Yes,Credit card (automatic),91.05,4370.75,No,0,60,3594,nan,0,91.05729166666667,25-48 months,No,4
6734-GMPVK,1,United States,California,Santa Maria,93454,"34.943523, -120.256729",34.943523,-120.256729,Male,No,No,No,5,Yes,Yes,Fiber optic,No,Yes,Yes,No,Yes,Yes,Month-to-month,No,Electronic check,105.3,550.6,No,0,66,4024,nan,0,110.12,0-6 months,Yes,6
3771-PZOBW,1,United States,California,Solvang,93463,"34.624399, -120.137875",34.624399,-120.137875,Male,No,No,No,20,Yes,Yes,Fiber optic,No,No,Yes,No,Yes,No,Month-to-month,Yes,Credit card (automatic),90.7,1781.35,No,0,77,2927,nan,0,89.0675,13-24 months,No,4
5141-ZUVBH,1,United States,California,Boron,93516,"34.95703, -117.73045",34.95703,-117.73045,Female,No,No,Yes,9,Yes,No,Fiber optic,Yes,No,Yes,Yes,No,Yes,Month-to-month,No,Bank transfer (automatic),93.0,870.25,No,0,40,2267,nan,0,96.69444444444444,7-12 months,No,5
3503-TYDAY,1,United States,California,Keene,93531,"35.214982, -118.59049",35.214982,-118.59049,Female,No,Yes,No,43,Yes,Yes,Fiber optic,No,Yes,No,No,No,No,Month-to-month,No,Electronic check,80.45,3398.9,No,0,35,5357,nan,0,79.04418604651163,25-48 months,No,3
0141-YEAYS,1,United States,California,Lone Pine,93545,"36.590415, -118.073839",36.590415,-118.073839,Female,Yes,No,No,27,Yes,Yes,Fiber optic,No,Yes,Yes,No,No,No,Month-to-month,Yes,Bank transfer (automatic),86.45,2401.05,No,0,77,5990,nan,0,88.92777777777779,25-48 months,No,4
9603-OAIHC,1,United States,California,Palmdale,93551,"34.613476, -118.256358",34.613476,-118.256358,Male,Yes,No,No,1,Yes,No,Fiber optic,No,No,No,No,No,No,Month-to-month,Yes,Electronic check,70.05,70.05,No,0,51,2469,nan,0,70.05,0-6 months,Yes,1
6360-SVNWV,1,United States,California,Big Creek,93605,"37.17277, -119.2997",37.17277,-119.2997,Female,Yes,No,No,31,Yes,No,Fiber optic,Yes,No,No,No,No,No,Month-to-month,Yes,Credit card (automatic),73.55,2094.65,No,0,39,2057,nan,0,67.56935483870969,25-48 months,No,2
9050-IKDZA,1,United States,California,Clovis,93611,"36.917652, -119.593757",36.917652,-119.593757,Female,Yes,No,No,2,Yes,No,Fiber optic,No,No,No,No,Yes,No,Month-to-month,No,Mailed check,81.5,162.55,No,0,59,4267,nan,0,81.275,0-6 months,Yes,2
0187-WZNAB,1,United States,California,Del Rey,93616,"36.657462, -119.595293",36.657462,-119.595293,Female,No,Yes,Yes,27,Yes,No,Fiber optic,Yes,No,No,No,No,No,Month-to-month,No,Mailed check,74.4,1972.35,No,0,57,4331,nan,0,73.05,25-48 months,No,2
1475-VWVDO,1,United States,California,Dos Palos,93620,"37.045728, -120.630682",37.045728,-120.630682,Male,No,No,No,7,Yes,No,Fiber optic,No,No,Yes,No,No,No,Month-to-month,Yes,Electronic check,74.9,490.55,No,0,52,5335,nan,0,70.07857142857144,7-12 months,No,2
1197-BVMVG,1,United States,California,Friant,93626,"37.027663, -119.69056",37.027663,-119.69056,Female,Yes,No,No,4,Yes,Yes,Fiber optic,No,No,No,No,No,No,Month-to-month,Yes,Electronic check,74.45,294.45,No,0,50,4093,nan,0,73.6125,0-6 months,Yes,2
7994-UYIVZ,1,United States,California,Miramonte,93641,"36.696759, -119.024051",36.696759,-119.024051,Male,No,Yes,No,8,Yes,Yes,Fiber optic,No,No,No,No,No,Yes,Month-to-month,Yes,Bank transfer (automatic),85.65,659.45,No,0,72,2512,nan,0,82.43125,7-12 months,No,3
5630-IXDXV,1,United States,California,Reedley,93654,"36.636638, -119.421842",36.636638,-119.421842,Female,No,No,No,47,Yes,Yes,Fiber optic,No,Yes,Yes,No,Yes,Yes,Month-to-month,Yes,Electronic check,106.35,4849.1,No,0,74,3723,nan,0,103.17234042553193,25-48 months,No,6
1212-GLHMD,1,United States,California,San Joaquin,93660,"36.600193, -120.153393",36.600193,-120.153393,Male,No,No,No,3,Yes,No,Fiber optic,Yes,No,No,No,No,Yes,Month-to-month,Yes,Mailed check,86.05,244.85,No,0,37,2500,nan,0,81.61666666666666,0-6 months,Yes,3
8622-ZLFKO,1,United States,California,Fresno,93710,"36.822715, -119.761826",36.822715,-119.761826,Female,No,Yes,No,6,Yes,Yes,Fiber optic,No,Yes,No,No,No,Yes,Month-to-month,Yes,Electronic check,90.75,512.25,No,0,54,4297,nan,0,85.375,0-6 months,Yes,4
0447-RXSGD,1,United States,California,Monterey,93940,"36.362741, -121.869685",36.362741,-121.869685,Male,No,No,No,24,Yes,Yes,Fiber optic,No,Yes,No,No,Yes,Yes,Month-to-month,Yes,Bank transfer (automatic),99.65,2404.85,No,0,47,5207,nan,0,100.20208333333333,13-24 months,No,5
4927-WWOOZ,1,United States,California,Pacific Grove,93950,"36.618337, -121.926417",36.618337,-121.926417,Male,No,Yes,No,2,Yes,Yes,Fiber optic,No,No,Yes,No,Yes,No,Month-to-month,Yes,Electronic check,91.45,171.45,No,0,32,4889,nan,0,85.725,0-6 months,Yes,4
0722-SVSFK,1,United States,California,Half Moon Bay,94019,"37.45567, -122.407992",37.45567,-122.407992,Female,No,No,No,7,Yes,No,Fiber optic,No,No,Yes,Yes,Yes,Yes,Month-to-month,Yes,Electronic check,100.4,715.0,No,0,56,5041,nan,0,102.14285714285714,7-12 months,No,5
9796-BPKIW,1,United States,California,Redwood City,94063,"37.499411, -122.196318",37.499411,-122.196318,Male,Yes,No,No,8,Yes,No,Fiber optic,No,No,No,No,No,No,Month-to-month,Yes,Credit card (automatic),69.95,562.7,No,0,47,2939,nan,0,70.3375,7-12 months,No,1
8868-GAGIO,1,United States,California,Sunnyvale,94089,"37.421633, -122.009613",37.421633,-122.009613,Male,No,Yes,No,45,Yes,Yes,Fiber optic,Yes,No,Yes,No,No,No,Month-to-month,Yes,Mailed check,84.55,3713.95,No,0,44,3289,nan,0,82.53222222222222,25-48 months,No,4
1074-AMIOH,1,United States,California,San Francisco,94127,"37.736535, -122.45732",37.736535,-122.45732,Female,No,Yes,Yes,53,Yes,No,Fiber optic,No,Yes,Yes,Yes,Yes,Yes,Month-to-month,Yes,Bank transfer (automatic),108.25,5935.1,No,0,73,5989,nan,0,111.98301886792453,49+ months,No,6
7748-UMTRK,1,United States,California,San Francisco,94132,"37.722302, -122.491129",37.722302,-122.491129,Female,Yes,No,Yes,30,Yes,Yes,Fiber optic,No,No,No,Yes,Yes,Yes,Month-to-month,Yes,Electronic check,101.3,2974.5,No,0,34,2440,nan,0,99.15,25-48 months,No,5
7145-FEJWU,1,United States,California,San Francisco,94134,"37.721052, -122.413573",37.721052,-122.413573,Female,No,No,Yes,12,Yes,Yes,Fiber optic,No,Yes,Yes,No,Yes,Yes,Month-to-month,Yes,Electronic check,105.3,1275.65,No,0,72,5913,nan,0,106.30416666666667,7-12 months,No,6
4526-ZJJTM,1,United States,California,San Mateo,94403,"37.538309, -122.305109",37.538309,-122.305109,Female,Yes,Yes,No,25,Yes,No,Fiber optic,No,Yes,Yes,No,No,Yes,Month-to-month,No,Bank transfer (automatic),88.4,2191.15,No,0,51,4849,nan,0,87.646,25-48 months,No,4
8384-FZBJK,1,United States,California,San Mateo,94404,"37.556094, -122.272437",37.556094,-122.272437,Female,No,Yes,Yes,57,Yes,Yes,Fiber optic,No,Yes,No,No,Yes,Yes,Month-to-month,Yes,Electronic check,100.6,5611.7,No,0,48,6351,nan,0,98.45087719298245,49+ months,No,5
8325-QRPZR,1,United States,California,Benicia,94510,"38.113533, -122.11926",38.113533,-122.11926,Female,No,No,No,7,Yes,No,Fiber optic,No,No,Yes,No,No,No,Month-to-month,Yes,Electronic check,75.15,525.0,No,0,50,4216,nan,0,75.0,7-12 months,No,2
2262-SLNVK,1,United States,California,Birds Landing,94512,"38.140719, -121.838298",38.140719,-121.838298,Female,No,No,No,1,Yes,No,Fiber optic,No,No,No,No,No,No,Month-to-month,No,Electronic check,70.1,70.1,No,0,74,2475,nan,0,70.1,0-6 months,Yes,1
6481-ESCNL,1,United States,California,Clayton,94517,"37.881842, -121.848111",37.881842,-121.848111,Female,No,No,No,29,Yes,Yes,Fiber optic,No,No,Yes,No,Yes,Yes,Month-to-month,No,Bank transfer (automatic),100.55,2878.75,No,0,53,4847,nan,0,99.26724137931035,25-48 months,No,5
1550-EENBN,1,United States,California,Concord,94519,"37.990118, -122.012188",37.990118,-122.012188,Female,No,No,No,31,Yes,Yes,Fiber optic,Yes,Yes,No,No,Yes,Yes,Month-to-month,No,Electronic check,104.35,3205.6,No,0,78,5320,nan,0,103.40645161290323,25-48 months,No,6
3130-ICDUP,1,United States,California,Hercules,94547,"37.991259, -122.214945",37.991259,-122.214945,Female,No,No,Yes,2,Yes,Yes,Fiber optic,Yes,No,No,No,No,No,Month-to-month,No,Credit card (automatic),80.55,188.1,No,0,40,5346,nan,0,94.05,0-6 months,Yes,3
0880-FVFWF,1,United States,California,Livermore,94550,"37.571748, -121.659562",37.571748,-121.659562,Male,No,No,No,56,Yes,Yes,Fiber optic,Yes,Yes,No,No,No,No,Month-to-month,Yes,Electronic check,86.4,4922.4,No,0,64,4449,nan,0,87.89999999999999,49+ months,No,4
2792-LSHWX,1,United States,California,Fremont,94555,"37.555473, -122.080312",37.555473,-122.080312,Female,No,No,No,1,Yes,No,Fiber optic,Yes,Yes,No,Yes,No,No,Month-to-month,Yes,Mailed check,83.4,83.4,No,0,26,5960,nan,0,83.4,0-6 months,Yes,4
4391-LNRXK,1,United States,California,Port Costa,94569,"38.035707, -122.196821",38.035707,-122.196821,Male,No,No,No,22,Yes,No,Fiber optic,No,Yes,Yes,Yes,No,Yes,Month-to-month,Yes,Bank transfer (automatic),94.95,2142.8,No,0,28,4242,nan,0,97.4,13-24 months,No,5
5609-IMCGG,1,United States,California,Suisun City,94585,"38.197907, -122.017258",38.197907,-122.017258,Female,No,No,No,15,Yes,Yes,Fiber optic,Yes,No,Yes,No,No,No,Month-to-month,Yes,Credit card (automatic),84.35,1302.65,No,0,35,3314,nan,0,86.84333333333333,13-24 months,No,4
4191-XOVOM,1,United States,California,Oakland,94611,"37.828416, -122.216005",37.828416,-122.216005,Male,No,No,No,63,Yes,Yes,Fiber optic,No,Yes,No,Yes,Yes,Yes,Month-to-month,No,Electronic check,105.4,6713.2,No,0,66,4551,nan,0,106.55873015873016,49+ months,No,6
5213-TWWJU,1,United States,California,Richmond,94804,"37.921034, -122.341798",37.921034,-122.341798,Male,No,No,No,28,Yes,No,Fiber optic,No,No,Yes,Yes,No,Yes,Month-to-month,No,Electronic check,91.0,2626.15,No,0,66,2448,nan,0,93.79107142857143,25-48 months,No,4
9508-ILZDG,1,United States,California,Dillon Beach,94929,"38.24458, -122.956268",38.24458,-122.956268,Female,Yes,No,No,34,Yes,Yes,Fiber optic,No,Yes,No,Yes,Yes,No,Month-to-month,Yes,Electronic check,96.35,3190.25,No,0,32,5425,nan,0,93.83088235294117,25-48 months,No,5
1110-KYLGQ,1,United States,California,Campbell,95008,"37.279689, -121.954567",37.279689,-121.954567,Female,No,No,No,63,Yes,Yes,Fiber optic,Yes,Yes,Yes,No,Yes,Yes,Month-to-month,No,Credit card (automatic),108.25,6780.1,No,0,39,5331,nan,0,107.62063492063493,49+ months,No,7
7693-QPEFS,1,United States,California,Davenport,95017,"37.114335, -122.237162",37.114335,-122.237162,Male,Yes,No,No,52,Yes,Yes,Fiber optic,No,No,No,No,No,No,Month-to-month,Yes,Bank transfer (automatic),72.95,3829.75,No,0,72,4368,nan,0,73.64903846153847,49+ months,No,2
0924-BJCRC,1,United States,California,Felton,95018,"37.089111, -122.062213",37.089111,-122.062213,Female,Yes,Yes,No,60,Yes,Yes,Fiber optic,No,Yes,No,No,No,Yes,Month-to-month,No,Electronic check,89.45,5294.6,No,0,44,4340,nan,0,88.24333333333334,49+ months,No,4
2250-IVBWA,1,United States,California,San Jose,95112,"37.343827, -121.883119",37.343827,-121.883119,Male,No,Yes,Yes,64,Yes,No,Fiber optic,Yes,Yes,No,No,No,No,Month-to-month,No,Electronic check,81.05,5135.35,No,0,48,5168,nan,0,80.23984375,49+ months,No,3
9506-UXUSK,1,United States,California,San Jose,95116,"37.350284, -121.852855",37.350284,-121.852855,Male,No,No,No,13,Yes,No,Fiber optic,No,No,No,No,No,No,Month-to-month,Yes,Electronic check,70.15,931.75,No,0,30,4599,nan,0,71.67307692307692,13-24 months,No,1
3572-UOLYZ,1,United States,California,San Jose,95118,"37.255479, -121.889838",37.255479,-121.889838,Female,No,No,Yes,46,Yes,Yes,Fiber optic,No,No,Yes,Yes,No,No,Month-to-month,Yes,Bank transfer (automatic),84.8,3958.85,No,0,39,5756,nan,0,86.06195652173913,25-48 months,No,4
4760-THGOT,1,United States,California,San Jose,95134,"37.42765, -121.945416",37.42765,-121.945416,Female,No,Yes,No,43,Yes,Yes,Fiber optic,Yes,Yes,No,No,No,Yes,Month-to-month,Yes,Electronic check,94.1,4107.3,No,0,71,4392,nan,0,95.51860465116279,25-48 months,No,5
0581-MDMPW,1,United States,California,San Jose,95148,"37.339533, -121.777179",37.339533,-121.777179,Female,No,No,No,24,Yes,Yes,Fiber optic,No,No,Yes,No,Yes,No,Month-to-month,Yes,Credit card (automatic),88.95,2072.75,No,0,37,5557,nan,0,86.36458333333333,13-24 months,No,4
3904-UKFRE,1,United States,California,Stockton,95205,"37.965695, -121.260051",37.965695,-121.260051,Male,No,No,No,4,Yes,Yes,Fiber optic,Yes,No,No,No,No,No,Month-to-month,Yes,Electronic check,80.1,336.15,No,0,67,2333,nan,0,84.0375,0-6 months,Yes,3
0058-EVZWM,1,United States,California,Stockton,95209,"38.044523, -121.348048",38.044523,-121.348048,Female,No,Yes,No,55,Yes,Yes,Fiber optic,Yes,No,No,No,Yes,No,Month-to-month,Yes,Bank transfer (automatic),89.8,4959.6,No,0,42,5875,nan,0,90.17454545454547,49+ months,No,4
6645-MXQJT,1,United States,California,Copperopolis,95228,"37.943954, -120.67108",37.943954,-120.67108,Male,No,Yes,Yes,2,Yes,No,Fiber optic,Yes,No,No,No,Yes,Yes,Month-to-month,No,Electronic check,97.1,184.15,No,0,43,5745,nan,0,92.075,0-6 months,Yes,4
6988-CJEYV,1,United States,California,Crows Landing,95313,"37.435664, -121.049056",37.435664,-121.049056,Male,No,No,No,49,Yes,Yes,Fiber optic,No,Yes,No,No,Yes,Yes,Month-to-month,No,Electronic check,98.7,4920.55,No,0,79,6148,nan,0,100.41938775510205,49+ months,No,5
7299-GNVPL,1,United States,California,El Portal,95318,"37.654551, -119.822984",37.654551,-119.822984,Female,No,Yes,Yes,23,Yes,No,Fiber optic,Yes,Yes,No,Yes,No,No,Month-to-month,No,Mailed check,84.4,1936.85,No,0,54,2177,nan,0,84.2108695652174,13-24 months,No,4
9093-FPDLG,1,United States,California,Hilmar,95324,"37.394536, -120.890747",37.394536,-120.890747,Female,No,No,No,11,Yes,No,Fiber optic,No,Yes,Yes,Yes,No,Yes,Month-to-month,Yes,Electronic check,94.2,999.9,No,0,52,2405,nan,0,90.89999999999999,7-12 months,No,5
6985-HAYWX,1,United States,California,Hughson,95326,"37.5923, -120.853288",37.5923,-120.853288,Female,No,Yes,No,26,Yes,Yes,Fiber optic,No,Yes,No,No,No,No,Month-to-month,No,Bank transfer (automatic),79.3,2015.8,No,0,54,5168,nan,0,77.53076923076922,25-48 months,No,3
2277-DJJDL,1,United States,California,La Grange,95329,"37.666587, -120.411517",37.666587,-120.411517,Male,Yes,Yes,No,60,Yes,Yes,Fiber optic,No,No,No,Yes,Yes,Yes,Month-to-month,Yes,Electronic check,99.0,6017.9,No,0,40,4763,nan,0,100.29833333333333,49+ months,No,5
2452-KDRRH,1,United States,California,Mi Wuk Village,95346,"38.121601, -120.133915",38.121601,-120.133915,Male,Yes,No,No,67,Yes,Yes,Fiber optic,No,No,Yes,No,Yes,Yes,Month-to-month,Yes,Credit card (automatic),101.4,6841.05,No,0,28,5269,nan,0,102.10522388059702,49+ months,No,5
7517-LDMPS,1,United States,California,Modesto,95356,"37.716186, -121.025836",37.716186,-121.025836,Female,No,No,No,12,Yes,No,Fiber optic,No,Yes,No,No,No,Yes,Month-to-month,Yes,Electronic check,84.6,1017.35,No,0,75,4807,nan,0,84.77916666666667,7-12 months,No,3
5226-NOZFC,1,United States,California,Modesto,95358,"37.612612, -121.108568",37.612612,-121.108568,Male,No,No,No,26,Yes,No,Fiber optic,No,Yes,No,No,Yes,No,Month-to-month,Yes,Electronic check,85.75,2146.5,No,0,64,3178,nan,0,82.5576923076923,25-48 months,No,3
0428-IKYCP,1,United States,California,Sonora,95370,"37.982716, -120.343732",37.982716,-120.343732,Male,No,Yes,No,22,Yes,No,Fiber optic,No,No,Yes,No,Yes,No,Month-to-month,Yes,Bank transfer (automatic),87.0,1850.65,No,0,49,5233,nan,0,84.12045454545455,13-24 months,No,3
2187-PKZAY,1,United States,California,Stevinson,95374,"37.316807, -120.855753",37.316807,-120.855753,Male,No,No,No,12,Yes,No,Fiber optic,No,No,No,No,No,Yes,Month-to-month,Yes,Bank transfer (automatic),79.95,1043.4,No,0,71,2968,nan,0,86.95,7-12 months,No,2
3170-GWYKC,1,United States,California,Vernalis,95385,"37.609095, -121.263381",37.609095,-121.263381,Female,No,No,No,60,Yes,No,Fiber optic,Yes,No,Yes,Yes,Yes,Yes,Month-to-month,Yes,Bank transfer (automatic),104.95,6236.75,No,0,62,5926,nan,0,103.94583333333334,49+ months,No,6
1658-TJVOA,1,United States,California,Cazadero,95421,"38.578807, -123.19338",38.578807,-123.19338,Female,Yes,No,No,6,Yes,No,Fiber optic,Yes,No,No,No,No,No,Month-to-month,Yes,Electronic check,74.1,450.9,No,0,79,4716,nan,0,75.14999999999999,0-6 months,Yes,2
0674-DGMAQ,1,United States,California,Elk,95432,"39.108252, -123.645121",39.108252,-123.645121,Male,Yes,Yes,No,32,Yes,Yes,Fiber optic,No,Yes,Yes,No,No,Yes,Month-to-month,Yes,Electronic check,93.5,2970.8,No,0,77,5804,nan,0,92.8375,25-48 months,No,5
4402-FTBXC,1,United States,California,Hopland,95449,"38.93706, -123.118111",38.93706,-123.118111,Male,No,No,No,54,Yes,No,Fiber optic,Yes,No,Yes,No,Yes,No,Month-to-month,No,Mailed check,89.8,4667.0,No,0,67,4980,nan,0,86.42592592592592,49+ months,No,4
5542-TBBWB,1,United States,California,Lakeport,95453,"39.080469, -122.955176",39.080469,-122.955176,Male,No,No,No,1,Yes,No,Fiber optic,No,No,No,No,No,No,Month-to-month,Yes,Electronic check,69.9,69.9,No,0,26,3358,nan,0,69.9,0-6 months,Yes,1
8059-UDZFY,1,United States,California,Lucerne,95458,"39.141934, -122.770679",39.141934,-122.770679,Female,Yes,No,Yes,33,Yes,Yes,Fiber optic,No,Yes,Yes,No,Yes,Yes,Month-to-month,Yes,Bank transfer (automatic),105.35,3465.05,No,0,58,4738,nan,0,105.00151515151515,25-48 months,No,6
3352-ALMCK,1,United States,California,Navarro,95463,"39.182916, -123.552571",39.182916,-123.552571,Male,No,No,No,40,Yes,Yes,Fiber optic,No,Yes,Yes,No,Yes,Yes,Month-to-month,Yes,Mailed check,102.65,4108.15,No,0,52,3655,nan,0,102.70374999999999,25-48 months,No,6
3987-KQDDU,1,United States,California,Sonoma,95476,"38.25485, -122.461799",38.25485,-122.461799,Male,No,No,No,9,Yes,No,Fiber optic,Yes,No,No,No,No,No,Month-to-month,No,Electronic check,75.6,661.55,No,0,30,4990,nan,0,73.50555555555555,7-12 months,No,2
3404-JNXAX,1,United States,California,Ukiah,95482,"39.134075, -123.23422",39.134075,-123.23422,Female,No,Yes,Yes,51,Yes,Yes,Fiber optic,No,No,No,Yes,No,No,Month-to-month,Yes,Electronic check,80.75,4116.9,No,0,36,6032,nan,0,80.7235294117647,49+ months,No,3
5131-PONJI,1,United States,California,Upper Lake,95485,"39.220368, -122.907693",39.220368,-122.907693,Male,No,Yes,Yes,49,Yes,No,Fiber optic,No,Yes,Yes,No,Yes,No,Month-to-month,Yes,Credit card (automatic),90.4,4494.65,No,0,72,5804,nan,0,91.72755102040816,49+ months,No,4
5649-RXQTV,1,United States,California,Alderpoint,95511,"40.166028, -123.584144",40.166028,-123.584144,Male,No,No,No,51,Yes,No,Fiber optic,No,Yes,Yes,No,Yes,Yes,Month-to-month,Yes,Electronic check,99.0,5038.15,No,0,78,5787,nan,0,98.78725490196078,49+ months,No,5
2674-MIAHT,1,United States,California,Blocksburg,95514,"40.309088, -123.668201",40.309088,-123.668201,Female,No,No,No,4,Yes,Yes,Fiber optic,No,Yes,No,No,No,No,Month-to-month,Yes,Mailed check,80.3,324.2,No,0,70,3132,nan,0,81.05,0-6 months,Yes,3
7587-AOVVU,1,United States,California,Arcata,95521,"40.839958, -124.003757",40.839958,-124.003757,Male,No,Yes,Yes,27,Yes,Yes,Fiber optic,Yes,Yes,No,Yes,Yes,No,Month-to-month,No,Electronic check,100.75,2793.55,No,0,31,3160,nan,0,103.46481481481482,25-48 months,No,6
0258-NOKBL,1,United States,California,Fortuna,95540,"40.584991, -124.121504",40.584991,-124.121504,Male,No,No,No,3,Yes,No,Fiber optic,No,Yes,Yes,No,No,Yes,Month-to-month,No,Electronic check,90.4,268.45,No,0,61,5625,nan,0,89.48333333333333,0-6 months,Yes,4
2960-NKRSO,1,United States,California,Mad River,95552,"40.390301, -123.412327",40.390301,-123.412327,Male,No,No,No,24,Yes,No,Fiber optic,No,Yes,Yes,Yes,No,No,Month-to-month,Yes,Electronic check,85.95,2107.15,No,0,52,5421,nan,0,87.79791666666667,13-24 months,No,4
2207-QPJED,1,United States,California,Somes Bar,95568,"41.444606, -123.471895",41.444606,-123.471895,Female,Yes,Yes,No,37,Yes,No,Fiber optic,No,No,Yes,Yes,Yes,No,Month-to-month,No,Electronic check,90.0,3371.75,No,0,62,4048,nan,0,91.12837837837837,25-48 months,No,4
4770-UEZOX,1,United States,California,Whitethorn,95589,"40.053159, -123.995867",40.053159,-123.995867,Male,No,No,No,2,Yes,No,Fiber optic,No,Yes,No,No,No,No,Month-to-month,Yes,Electronic check,74.75,144.8,No,0,34,4545,nan,0,72.4,0-6 months,Yes,2
3865-QBWSJ,1,United States,California,Courtland,95615,"38.311609, -121.554034",38.311609,-121.554034,Male,Yes,No,Yes,38,Yes,Yes,Fiber optic,Yes,No,No,No,No,No,Month-to-month,Yes,Mailed check,80.45,3162.65,No,0,41,2926,nan,0,83.22763157894737,25-48 months,No,3
5857-TYBCJ,1,United States,California,Dixon,95620,"38.392821, -121.799917",38.392821,-121.799917,Male,Yes,Yes,No,44,Yes,Yes,Fiber optic,No,No,Yes,No,Yes,No,Month-to-month,Yes,Electronic check,89.2,4040.2,No,0,36,2925,nan,0,91.82272727272726,25-48 months,No,4
7924-GJZFI,1,United States,California,Jackson,95642,"38.336216, -120.76901",38.336216,-120.76901,Female,Yes,Yes,No,25,Yes,No,Fiber optic,No,No,No,No,No,No,Month-to-month,Yes,Electronic check,69.3,1813.1,No,0,50,4442,nan,0,72.524,25-48 months,No,1
1666-JXLKU,1,United States,California,Shingle Springs,95682,"38.598936, -120.963092",38.598936,-120.963092,Female,No,No,No,37,Yes,Yes,Fiber optic,No,No,Yes,No,Yes,Yes,Month-to-month,Yes,Electronic check,100.05,3810.55,No,0,52,2904,nan,0,102.98783783783784,25-48 months,No,5
7855-DIWPO,1,United States,California,Sloughhouse,95683,"38.470423, -121.114897",38.470423,-121.114897,Female,No,No,No,21,Yes,No,Fiber optic,No,No,No,No,No,No,Month-to-month,Yes,Electronic check,68.65,1493.2,No,0,21,2006,nan,0,71.1047619047619,13-24 months,No,1
5652-MSDEY,1,United States,California,Sutter Creek,95685,"38.432145, -120.77069",38.432145,-120.77069,Female,No,No,No,10,Yes,Yes,Fiber optic,No,No,No,No,No,No,Month-to-month,Yes,Mailed check,75.75,777.3,No,0,52,4525,nan,0,77.72999999999999,7-12 months,No,2
3853-LYGAM,1,United States,California,Meadow Vista,95722,"39.003358, -121.022539",39.003358,-121.022539,Male,No,No,No,17,Yes,Yes,Fiber optic,No,No,Yes,Yes,No,Yes,Month-to-month,Yes,Bank transfer (automatic),95.65,1640.0,No,0,49,3139,nan,0,96.47058823529412,13-24 months,No,5
0315-LVCRK,1,United States,California,El Dorado Hills,95762,"38.684437, -121.055634",38.684437,-121.055634,Male,No,No,No,11,Yes,No,Fiber optic,No,No,Yes,No,No,Yes,Month-to-month,No,Electronic check,84.8,888.75,No,0,60,4924,nan,0,80.79545454545455,7-12 months,No,3
7271-AJDTL,1,United States,California,Sacramento,95816,"38.574856, -121.46504",38.574856,-121.46504,Female,No,Yes,No,55,Yes,Yes,Fiber optic,No,Yes,Yes,No,Yes,No,Month-to-month,Yes,Credit card (automatic),94.45,5073.1,No,0,55,5577,nan,0,92.23818181818183,49+ months,No,5
1867-TJHTS,1,United States,California,Sacramento,95817,"38.550722, -121.457314",38.550722,-121.457314,Female,No,No,No,58,Yes,Yes,Fiber optic,Yes,No,No,No,No,No,Month-to-month,Yes,Bank transfer (automatic),79.8,4526.85,No,0,78,5709,nan,0,78.0491379310345,49+ months,No,3
6860-YRJZP,1,United States,California,Sacramento,95820,"38.53508, -121.444144",38.53508,-121.444144,Male,Yes,No,No,9,Yes,Yes,Fiber optic,No,No,No,No,No,No,Month-to-month,Yes,Electronic check,74.05,678.45,No,0,51,2003,nan,0,75.38333333333334,7-12 months,No,2
0396-YCHWO,1,United States,California,Sacramento,95829,"38.486502, -121.334051",38.486502,-121.334051,Male,No,Yes,No,36,Yes,Yes,Fiber optic,No,No,No,No,Yes,Yes,Month-to-month,Yes,Electronic check,95.4,3474.2,No,0,44,5111,nan,0,96.50555555555555,25-48 months,No,4
6692-YQHXC,1,United States,California,Sacramento,95842,"38.687367, -121.34848",38.687367,-121.34848,Male,No,No,No,16,Yes,No,Fiber optic,No,No,No,No,No,No,Month-to-month,Yes,Credit card (automatic),69.95,1205.5,No,0,54,5596,nan,0,75.34375,13-24 months,No,1
2468-SJFLM,1,United States,California,Biggs,95917,"39.457388, -121.818201",39.457388,-121.818201,Male,No,No,No,1,Yes,No,Fiber optic,No,No,No,Yes,No,No,Month-to-month,Yes,Mailed check,74.3,74.3,No,0,64,3063,nan,0,74.3,0-6 months,Yes,2
7901-HXJVA,1,United States,California,Chico,95928,"39.681488, -121.83721",39.681488,-121.83721,Male,No,No,No,14,Yes,No,Fiber optic,No,No,Yes,No,No,No,Month-to-month,No,Electronic check,76.45,1117.55,No,0,52,2292,nan,0,79.825,13-24 months,No,2
8903-WMRNW,1,United States,California,Durham,95938,"39.607831, -121.777959",39.607831,-121.777959,Female,No,Yes,No,15,Yes,No,Fiber optic,Yes,No,Yes,No,Yes,Yes,Month-to-month,No,Electronic check,101.75,1669.4,No,0,50,2919,nan,0,111.29333333333334,13-24 months,No,5
2452-SNHFZ,1,United States,California,Elk Creek,95939,"39.53222, -122.594879",39.53222,-122.594879,Female,No,No,No,47,Yes,No,Fiber optic,Yes,No,No,No,No,No,Month-to-month,No,Credit card (automatic),75.45,3545.1,No,0,66,4995,nan,0,75.42765957446808,25-48 months,No,2
7993-NQLJE,1,United States,California,Glenn,95943,"39.597975, -122.032248",39.597975,-122.032248,Male,No,Yes,Yes,15,Yes,No,Fiber optic,Yes,No,No,No,No,No,Month-to-month,No,Mailed check,75.1,1151.55,No,0,60,4634,nan,0,76.77,13-24 months,No,2
0581-BXBUB,1,United States,California,Penn Valley,95946,"39.203817, -121.19584",39.203817,-121.19584,Female,Yes,No,No,4,Yes,No,Fiber optic,No,Yes,No,No,No,No,Month-to-month,No,Electronic check,72.75,317.75,No,0,50,4503,nan,0,79.4375,0-6 months,Yes,2
5150-ITWWB,1,United States,California,Hamilton City,95951,"39.732767, -122.042298",39.732767,-122.042298,Male,Yes,No,No,3,Yes,Yes,Fiber optic,No,No,No,No,Yes,Yes,Month-to-month,Yes,Electronic check,94.85,335.75,No,0,40,4496,nan,0,111.91666666666667,0-6 months,Yes,4
9281-OFDMF,1,United States,California,Meadow Valley,95956,"39.937017, -121.058043",39.937017,-121.058043,Male,Yes,No,No,39,Yes,Yes,Fiber optic,No,Yes,No,No,No,Yes,Month-to-month,No,Electronic check,90.7,3413.25,No,0,39,5028,nan,0,87.51923076923077,25-48 months,No,4
2603-HVKCG,1,United States,California,Meridian,95957,"39.068071, -121.832638",39.068071,-121.832638,Male,No,No,No,31,Yes,No,Fiber optic,No,Yes,Yes,No,Yes,Yes,Month-to-month,Yes,Electronic check,101.4,3143.65,No,0,72,2025,nan,0,101.40806451612903,25-48 months,No,5
7682-AZNDK,1,United States,California,Williams,95987,"39.117537, -122.284654",39.117537,-122.284654,Male,No,Yes,Yes,34,Yes,No,Fiber optic,No,Yes,Yes,No,Yes,No,Month-to-month,Yes,Electronic check,89.85,3091.75,No,0,45,3096,nan,0,90.93382352941177,25-48 months,No,4
0570-BFQHT,1,United States,California,Anderson,96007,"40.448632, -122.306657",40.448632,-122.306657,Female,No,No,No,9,Yes,No,Fiber optic,No,Yes,Yes,No,No,No,Month-to-month,No,Electronic check,80.55,653.9,No,0,26,3581,nan,0,72.65555555555555,7-12 months,No,3
0585-EGDDA,1,United States,California,Etna,96027,"41.405193, -123.008567",41.405193,-123.008567,Male,No,Yes,No,40,Yes,No,Fiber optic,No,Yes,Yes,No,No,No,Month-to-month,Yes,Electronic check,80.0,3168.75,No,0,31,2478,nan,0,79.21875,25-48 months,No,3
3481-JHUZH,1,United States,California,Forks Of Salmon,96031,"41.232128, -123.194748",41.232128,-123.194748,Male,No,Yes,No,41,Yes,Yes,Fiber optic,No,Yes,No,No,No,No,Month-to-month,Yes,Electronic check,80.25,3439.0,No,0,49,5757,nan,0,83.8780487804878,25-48 months,No,3
8123-QBNAZ,1,United States,California,Scott Bar,96085,"41.737962, -123.07557",41.737962,-123.07557,Female,No,Yes,Yes,36,Yes,Yes,Fiber optic,Yes,No,Yes,No,Yes,Yes,Month-to-month,Yes,Credit card (automatic),104.5,3684.95,No,0,49,4102,nan,0,102.35972222222222,25-48 months,No,6
3629-ZNKXA,1,United States,California,Seiad Valley,96086,"41.924174, -123.260788",41.924174,-123.260788,Male,Yes,No,No,17,Yes,No,Fiber optic,No,Yes,Yes,No,Yes,Yes,Month-to-month,Yes,Electronic check,101.8,1752.45,No,0,53,3296,nan,0,103.08529411764707,13-24 months,No,5
5482-VXSXJ,1,United States,California,Tehama,96090,"40.021787, -122.127576",40.021787,-122.127576,Male,No,No,No,22,Yes,No,Fiber optic,No,Yes,No,No,Yes,Yes,Month-to-month,Yes,Mailed check,93.2,2157.3,No,0,26,4093,nan,0,98.05909090909091,13-24 months,No,4
9620-ENEJV,1,United States,California,Vina,96092,"39.955164, -122.018567",39.955164,-122.018567,Female,No,No,No,6,Yes,No,Fiber optic,No,No,No,No,No,No,Month-to-month,No,Credit card (automatic),70.55,433.95,No,0,52,4059,nan,0,72.325,0-6 months,Yes,1
0689-DSXGL,1,United States,California,Yreka,96097,"41.764869, -122.671316",41.764869,-122.671316,Female,No,Yes,Yes,52,Yes,No,Fiber optic,No,Yes,Yes,Yes,No,No,Month-to-month,No,Bank transfer (automatic),85.8,4433.3,No,0,22,5494,nan,0,85.25576923076923,49+ months,No,4
6818-DJXAA,1,United States,California,Alturas,96101,"41.468877, -120.54229",41.468877,-120.54229,Female,No,No,Yes,10,Yes,No,Fiber optic,No,No,Yes,Yes,Yes,No,Month-to-month,Yes,Electronic check,91.1,964.35,No,0,50,3857,nan,0,96.435,7-12 months,No,4
4132-KALRO,1,United States,California,Davis Creek,96108,"41.750354, -120.403885",41.750354,-120.403885,Female,No,No,No,4,Yes,Yes,Fiber optic,No,No,No,Yes,Yes,Yes,Month-to-month,Yes,Mailed check,100.85,399.25,No,0,21,5354,nan,0,99.8125,0-6 months,Yes,5
2874-YXVVA,1,United States,California,Herlong,96113,"40.198234, -120.18089",40.198234,-120.18089,Female,No,No,No,34,Yes,No,Fiber optic,No,Yes,Yes,Yes,Yes,Yes,Month-to-month,Yes,Electronic check,105.1,3634.8,No,0,68,3941,nan,0,106.90588235294118,25-48 months,No,6
7586-ZATGZ,1,United States,California,Ravendale,96123,"40.845738, -120.322219",40.845738,-120.322219,Male,No,No,No,40,Yes,Yes,Fiber optic,No,No,No,No,Yes,No,Month-to-month,Yes,Electronic check,84.9,3369.05,No,0,37,2904,nan,0,84.22625000000001,25-48 months,No,3
9626-VFRGG,1,United States,California,Susanville,96130,"40.559177, -120.612113",40.559177,-120.612113,Female,No,No,Yes,41,Yes,Yes,Fiber optic,No,Yes,No,No,Yes,No,Month-to-month,Yes,Bank transfer (automatic),88.5,3645.05,No,0,27,5984,nan,0,88.90365853658537,25-48 months,No,4
5144-TVGLP,1,United States,California,Los Angeles,90002,"33.949255, -118.246978",33.949255,-118.246978,Male,Yes,No,No,38,Yes,Yes,Fiber optic,No,No,No,No,Yes,Yes,Month-to-month,No,Electronic check,94.75,3653.0,No,0,71,3654,nan,0,96.13157894736842,25-48 months,No,4
9643-AVVWI,1,United States,California,Los Angeles,90003,"33.964131, -118.272783",33.964131,-118.272783,Female,No,Yes,Yes,3,Yes,No,Fiber optic,No,Yes,No,Yes,No,No,Month-to-month,Yes,Electronic check,80.0,241.3,No,0,76,4264,nan,0,80.43333333333334,0-6 months,Yes,3
5043-TRZWM,1,United States,California,Los Angeles,90022,"34.02381, -118.156582",34.02381,-118.156582,Female,No,No,No,1,Yes,No,Fiber optic,No,No,Yes,No,No,No,Month-to-month,No,Electronic check,75.55,75.55,No,0,34,3503,nan,0,75.55,0-6 months,Yes,2
1640-PLFMP,1,United States,California,Los Angeles,90026,"34.078991, -118.263804",34.078991,-118.263804,Female,No,No,No,1,Yes,No,Fiber optic,No,No,No,No,No,No,Month-to-month,Yes,Electronic check,70.25,70.25,No,0,58,4063,nan,0,70.25,0-6 months,Yes,1
0840-DFEZH,1,United States,California,Los Angeles,90036,"34.070291, -118.349191",34.070291,-118.349191,Female,No,No,No,7,Yes,Yes,Fiber optic,No,No,No,No,No,No,Month-to-month,Yes,Electronic check,75.35,564.65,No,0,37,4989,nan,0,80.66428571428571,7-12 months,No,2
2545-EBUPK,1,United States,California,Los Angeles,90045,"33.954017, -118.402447",33.954017,-118.402447,Female,Yes,No,No,2,Yes,Yes,Fiber optic,No,No,No,No,No,Yes,Month-to-month,Yes,Electronic check,84.05,186.05,No,0,72,5039,nan,0,93.025,0-6 months,Yes,3
4536-PLEQY,1,United States,California,Los Angeles,90058,"34.001617, -118.222274",34.001617,-118.222274,Male,No,Yes,No,12,Yes,No,Fiber optic,No,Yes,No,No,No,Yes,Month-to-month,Yes,Credit card (automatic),85.05,999.8,No,0,80,2540,nan,0,83.31666666666666,7-12 months,No,3
2883-ILGWO,1,United States,California,Compton,90222,"33.912246, -118.236773",33.912246,-118.236773,Male,Yes,No,No,57,Yes,Yes,Fiber optic,No,Yes,No,Yes,Yes,Yes,Month-to-month,Yes,Bank transfer (automatic),104.9,5913.95,No,0,75,5838,nan,0,103.75350877192982,49+ months,No,6
9617-INGJY,1,United States,California,Manhattan Beach,90266,"33.889632, -118.39737",33.889632,-118.39737,Male,No,No,No,1,Yes,No,Fiber optic,No,No,No,No,No,No,Month-to-month,Yes,Mailed check,70.6,70.6,No,0,61,3530,nan,0,70.6,0-6 months,Yes,1
6794-HKIAJ,1,United States,California,Redondo Beach,90278,"33.873395, -118.37019",33.873395,-118.37019,Male,No,No,No,62,Yes,Yes,Fiber optic,Yes,Yes,Yes,No,No,No,Month-to-month,No,Bank transfer (automatic),90.7,5586.45,No,0,67,5496,nan,0,90.1040322580645,49+ months,No,5
5950-AAAGJ,1,United States,California,Playa Del Rey,90293,"33.947305, -118.439841",33.947305,-118.439841,Male,No,No,No,18,Yes,Yes,Fiber optic,No,No,No,No,Yes,No,Month-to-month,No,Bank transfer (automatic),84.3,1537.9,No,0,72,4612,nan,0,85.4388888888889,13-24 months,No,3
0744-GKNGE,1,United States,California,Inglewood,90305,"33.958134, -118.330905",33.958134,-118.330905,Female,No,Yes,Yes,64,Yes,Yes,Fiber optic,Yes,No,No,Yes,No,No,Month-to-month,Yes,Bank transfer (automatic),86.8,5327.25,No,0,70,4915,nan,0,83.23828125,49+ months,No,4
5294-DMSFH,1,United States,California,Torrance,90503,"33.840399, -118.353714",33.840399,-118.353714,Female,No,Yes,Yes,29,Yes,No,Fiber optic,No,No,No,No,Yes,Yes,Month-to-month,Yes,Credit card (automatic),87.8,2621.75,No,0,25,4780,nan,0,90.40517241379311,25-48 months,No,3
4176-FXYBO,1,United States,California,Whittier,90603,"33.945318, -117.992066",33.945318,-117.992066,Male,No,Yes,No,54,Yes,Yes,Fiber optic,Yes,Yes,Yes,No,Yes,Yes,Month-to-month,No,Electronic check,109.55,6118.95,No,0,42,6130,nan,0,113.31388888888888,49+ months,No,7
9919-KNPOO,1,United States,California,La Mirada,90638,"33.902045, -118.008961",33.902045,-118.008961,Female,No,Yes,No,21,Yes,Yes,Fiber optic,No,No,No,No,Yes,Yes,Month-to-month,Yes,Electronic check,94.3,1948.35,No,0,55,2058,nan,0,92.77857142857142,13-24 months,No,4
4450-DLLMH,1,United States,California,Avalon,90704,"33.391181, -118.421305",33.391181,-118.421305,Male,No,No,No,2,Yes,No,Fiber optic,No,No,No,No,No,No,Month-to-month,Yes,Credit card (automatic),71.3,157.75,No,0,43,2274,nan,0,78.875,0-6 months,Yes,1
0468-YRPXN,1,United States,California,Lomita,90717,"33.794209, -118.317354",33.794209,-118.317354,Male,No,No,No,29,Yes,No,Fiber optic,No,No,Yes,Yes,Yes,Yes,Month-to-month,Yes,Credit card (automatic),98.8,2807.1,No,0,42,4580,nan,0,96.79655172413793,25-48 months,No,5
2669-OIDSD,1,United States,California,Long Beach,90810,"33.819814, -118.222416",33.819814,-118.222416,Female,No,Yes,No,48,Yes,No,Fiber optic,No,No,Yes,Yes,Yes,Yes,Month-to-month,Yes,Credit card (automatic),100.05,4834.0,No,0,34,3468,nan,0,100.70833333333333,25-48 months,No,5
9576-SYUHJ,1,United States,California,Long Beach,90815,"33.797638, -118.11662",33.797638,-118.11662,Male,No,No,No,37,Yes,Yes,Fiber optic,Yes,No,No,No,Yes,No,Month-to-month,Yes,Electronic check,91.15,3369.25,No,0,37,3194,nan,0,91.0608108108108,25-48 months,No,4
0410-IPFTY,1,United States,California,Long Beach,90822,"33.778436, -118.118648",33.778436,-118.118648,Female,No,Yes,No,31,Yes,No,Fiber optic,No,Yes,No,No,No,Yes,Month-to-month,Yes,Bank transfer (automatic),83.85,2674.15,No,0,56,4283,nan,0,86.26290322580645,25-48 months,No,3
9402-ORRAH,1,United States,California,La Canada Flintridge,91011,"34.234912, -118.153729",34.234912,-118.153729,Female,Yes,No,No,15,Yes,No,Fiber optic,No,No,No,No,Yes,Yes,Month-to-month,Yes,Electronic check,91.5,1400.3,No,0,41,4173,nan,0,93.35333333333332,13-24 months,No,3
4840-ORQXB,1,United States,California,Sierra Madre,91024,"34.168686, -118.057505",34.168686,-118.057505,Female,Yes,No,No,56,Yes,Yes,Fiber optic,No,Yes,Yes,No,Yes,Yes,Month-to-month,No,Electronic check,104.75,5841.35,No,0,35,5128,nan,0,104.30982142857144,49+ months,No,6
3982-DQLUS,1,United States,California,Sunland,91040,"34.282704, -118.312929",34.282704,-118.312929,Male,Yes,Yes,Yes,65,Yes,Yes,Fiber optic,Yes,Yes,No,No,No,No,Month-to-month,Yes,Electronic check,85.75,5688.45,No,0,21,4978,nan,0,87.51461538461538,49+ months,No,4
7801-KICAO,1,United States,California,Pasadena,91103,"34.167465, -118.165327",34.167465,-118.165327,Female,No,No,No,18,Yes,Yes,Fiber optic,No,No,No,No,No,No,Month-to-month,Yes,Electronic check,74.15,1345.75,No,0,73,5033,nan,0,74.76388888888889,13-24 months,No,2
4465-VDKIQ,1,United States,California,Glendale,91201,"34.17051, -118.289463",34.17051,-118.289463,Female,No,No,No,18,Yes,No,Fiber optic,No,Yes,Yes,No,No,No,Month-to-month,No,Electronic check,77.8,1358.6,No,0,42,4228,nan,0,75.47777777777777,13-24 months,No,3
2921-XWDJH,1,United States,California,Glendale,91202,"34.167926, -118.267539",34.167926,-118.267539,Female,Yes,Yes,No,38,Yes,No,Fiber optic,Yes,No,No,No,No,Yes,Month-to-month,Yes,Electronic check,83.45,3147.15,No,0,49,2768,nan,0,82.81973684210527,25-48 months,No,3
5201-FRKKS,1,United States,California,Winnetka,91306,"34.209532, -118.577563",34.209532,-118.577563,Male,No,No,No,25,Yes,No,Fiber optic,Yes,No,No,No,No,No,Month-to-month,No,Bank transfer (automatic),74.3,1952.25,No,0,64,4815,nan,0,78.09,25-48 months,No,2
9799-CAYJJ,1,United States,California,West Hills,91307,"34.199787, -118.68493",34.199787,-118.68493,Female,Yes,Yes,No,2,Yes,No,Fiber optic,No,No,No,No,No,No,Month-to-month,Yes,Electronic check,69.3,153.8,No,0,58,2901,nan,0,76.9,0-6 months,Yes,1
2916-BQZLN,1,United States,California,Reseda,91335,"34.200175, -118.540958",34.200175,-118.540958,Male,No,No,No,19,Yes,Yes,Fiber optic,Yes,No,Yes,No,No,No,Month-to-month,Yes,Electronic check,84.75,1651.95,No,0,24,5157,nan,0,86.94473684210527,13-24 months,No,4
3199-XGZCY,1,United States,California,Granada Hills,91344,"34.291273, -118.505104",34.291273,-118.505104,Female,No,No,No,8,Yes,Yes,Fiber optic,No,No,No,No,No,No,Month-to-month,Yes,Electronic check,75.25,576.7,No,0,74,2332,nan,0,72.0875,7-12 months,No,2
5019-GQVCR,1,United States,California,Westlake Village,91361,"34.130992, -118.894673",34.130992,-118.894673,Male,Yes,No,No,43,Yes,Yes,Fiber optic,No,No,No,No,Yes,No,Month-to-month,Yes,Electronic check,84.85,3645.6,No,0,56,4556,nan,0,84.78139534883721,25-48 months,No,3
2880-FPNAE,1,United States,California,Van Nuys,91405,"34.202494, -118.448048",34.202494,-118.448048,Male,Yes,Yes,No,2,Yes,No,Fiber optic,No,No,Yes,No,No,No,Month-to-month,Yes,Electronic check,74.2,140.1,No,0,32,3170,nan,0,70.05,0-6 months,Yes,2
2254-DLXRI,1,United States,California,Burbank,91504,"34.213049, -118.317651",34.213049,-118.317651,Female,No,No,No,1,Yes,Yes,Fiber optic,No,Yes,No,No,No,No,Month-to-month,Yes,Mailed check,79.15,79.15,No,0,57,2742,nan,0,79.15,0-6 months,Yes,3
6212-ATMLK,1,United States,California,Rancho Cucamonga,91701,"34.132275, -117.611478",34.132275,-117.611478,Female,No,No,No,50,Yes,Yes,Fiber optic,No,No,No,No,Yes,Yes,Month-to-month,Yes,Electronic check,95.7,4729.75,No,0,44,4164,nan,0,94.595,49+ months,No,4
1077-HUUJM,1,United States,California,Rancho Cucamonga,91730,"34.10097, -117.57882",34.10097,-117.57882,Female,No,No,Yes,7,Yes,No,Fiber optic,No,No,No,No,No,No,Month-to-month,Yes,Electronic check,71.05,472.65,No,0,49,4668,nan,0,67.52142857142857,7-12 months,No,1
6741-EGCBI,1,United States,California,Hacienda Heights,91745,"33.998471, -117.973758",33.998471,-117.973758,Male,Yes,No,No,30,Yes,Yes,Fiber optic,Yes,No,No,No,No,Yes,Month-to-month,Yes,Credit card (automatic),90.5,2595.85,No,0,53,5983,nan,0,86.52833333333334,25-48 months,No,4
2227-JRSJX,1,United States,California,Monterey Park,91754,"34.050322, -118.147037",34.050322,-118.147037,Female,No,No,No,21,Yes,No,Fiber optic,No,Yes,No,Yes,Yes,Yes,Month-to-month,Yes,Bank transfer (automatic),99.15,1956.4,No,0,36,5324,nan,0,93.16190476190476,13-24 months,No,5
1730-ZMAME,1,United States,California,Ontario,91762,"34.057256, -117.667677",34.057256,-117.667677,Female,Yes,No,No,32,Yes,No,Fiber optic,No,No,No,No,No,Yes,Month-to-month,Yes,Electronic check,79.5,2665.0,No,0,24,3041,nan,0,83.28125,25-48 months,No,2
6080-TCMYC,1,United States,California,Rosemead,91770,"34.065108, -118.082791",34.065108,-118.082791,Male,No,Yes,Yes,40,Yes,Yes,Fiber optic,No,No,Yes,No,No,No,Month-to-month,Yes,Electronic check,81.2,3292.3,No,0,61,5370,nan,0,82.3075,25-48 months,No,3
6357-JJPQT,1,United States,California,San Gabriel,91776,"34.089927, -118.095645",34.089927,-118.095645,Female,No,No,No,3,Yes,No,Fiber optic,No,No,No,No,Yes,No,Month-to-month,Yes,Electronic check,80.5,232.35,No,0,53,2032,nan,0,77.45,0-6 months,Yes,2
9552-TGUZV,1,United States,California,Upland,91784,"34.141146, -117.655583",34.141146,-117.655583,Male,No,Yes,No,8,Yes,No,Fiber optic,Yes,No,No,No,No,No,Month-to-month,Yes,Mailed check,75.0,658.1,No,0,80,5413,nan,0,82.2625,7-12 months,No,2
7011-CVEUC,1,United States,California,Chula Vista,91911,"32.607964, -117.059459",32.607964,-117.059459,Male,No,Yes,No,25,Yes,No,Fiber optic,No,No,No,Yes,Yes,Yes,Month-to-month,Yes,Credit card (automatic),95.7,2338.35,No,0,34,4535,nan,0,93.53399999999999,25-48 months,No,4
0491-KAPQG,1,United States,California,Pine Valley,91962,"32.800671, -116.483363",32.800671,-116.483363,Male,No,No,No,21,Yes,Yes,Fiber optic,No,No,No,No,No,No,Month-to-month,Yes,Electronic check,73.7,1558.7,No,0,39,2071,nan,0,74.22380952380952,13-24 months,No,2
9819-FBNSV,1,United States,California,El Cajon,92019,"32.785165, -116.862648",32.785165,-116.862648,Male,Yes,Yes,No,37,Yes,No,Fiber optic,No,No,No,No,No,No,Month-to-month,Yes,Bank transfer (automatic),72.25,2575.45,No,0,20,4121,nan,0,69.60675675675675,25-48 months,No,1
9544-PYPSJ,1,United States,California,El Cajon,92020,"32.79697, -116.969082",32.79697,-116.969082,Female,Yes,Yes,Yes,62,Yes,Yes,Fiber optic,No,Yes,Yes,No,No,Yes,Month-to-month,Yes,Credit card (automatic),96.1,6019.35,No,0,37,5868,nan,0,97.08629032258065,49+ months,No,5
2203-GHNWN,1,United States,California,Julian,92036,"32.980678, -116.262854",32.980678,-116.262854,Female,No,Yes,No,24,Yes,Yes,Fiber optic,No,No,Yes,No,No,No,Month-to-month,Yes,Mailed check,79.65,1928.7,No,0,72,3816,nan,0,80.3625,13-24 months,No,3
3878-AVSOQ,1,United States,California,La Jolla,92037,"32.853743, -117.25034",32.853743,-117.25034,Female,Yes,No,No,1,Yes,No,Fiber optic,No,No,No,No,No,No,Month-to-month,Yes,Electronic check,71.25,71.25,No,0,49,5033,nan,0,71.25,0-6 months,Yes,1
2107-FBPTK,1,United States,California,Ramona,92065,"33.044541, -116.833922",33.044541,-116.833922,Female,Yes,No,No,30,Yes,Yes,Fiber optic,No,Yes,Yes,No,Yes,Yes,Month-to-month,Yes,Electronic check,104.1,3121.1,No,0,59,5655,nan,0,104.03666666666666,25-48 months,No,6
1016-DJTSV,1,United States,California,Santee,92071,"32.847336, -116.997605",32.847336,-116.997605,Male,Yes,No,No,8,Yes,No,Fiber optic,No,No,No,No,No,No,Month-to-month,Yes,Electronic check,69.7,572.85,No,0,20,5242,nan,0,71.60625,7-12 months,No,1
8751-EDEKA,1,United States,California,Rancho Santa Fe,92091,"32.99356, -117.207121",32.99356,-117.207121,Female,No,Yes,No,28,Yes,No,Fiber optic,No,Yes,Yes,No,No,Yes,Month-to-month,No,Credit card (automatic),89.9,2433.5,No,0,55,3676,nan,0,86.91071428571429,25-48 months,No,4
4633-MKHYU,1,United States,California,San Diego,92109,"32.787836, -117.232376",32.787836,-117.232376,Female,No,No,No,9,Yes,No,Fiber optic,No,No,No,No,Yes,Yes,Month-to-month,Yes,Mailed check,88.4,788.6,No,0,32,2952,nan,0,87.62222222222222,7-12 months,No,3
2587-EKXTS,1,United States,California,San Diego,92116,"32.765299, -117.122565",32.765299,-117.122565,Male,No,No,No,44,Yes,Yes,Fiber optic,Yes,Yes,Yes,No,Yes,Yes,Month-to-month,Yes,Electronic check,111.5,4915.15,No,0,26,2827,nan,0,111.70795454545454,25-48 months,No,7
2842-BCQGE,1,United States,California,San Diego,92139,"32.677716, -117.047666",32.677716,-117.047666,Male,No,No,No,43,Yes,Yes,Fiber optic,No,No,No,No,No,No,Month-to-month,Yes,Credit card (automatic),75.35,3161.4,No,0,33,4898,nan,0,73.52093023255814,25-48 months,No,2
5312-UXESG,1,United States,California,Indio,92203,"33.752938, -116.230055",33.752938,-116.230055,Female,No,No,No,41,Yes,Yes,Fiber optic,No,No,Yes,No,Yes,Yes,Month-to-month,No,Bank transfer (automatic),98.05,3990.6,No,0,58,5614,nan,0,97.33170731707317,25-48 months,No,5
6088-BXMRG,1,United States,California,Cabazon,92230,"33.929812, -116.76058",33.929812,-116.76058,Female,No,Yes,Yes,32,Yes,Yes,Fiber optic,No,Yes,No,No,Yes,Yes,Month-to-month,Yes,Electronic check,98.85,3089.6,No,0,25,3149,nan,0,96.55,25-48 months,No,5
4821-SJHJV,1,United States,California,Calipatria,92233,"33.143826, -115.497485",33.143826,-115.497485,Female,No,Yes,Yes,32,Yes,Yes,Fiber optic,Yes,No,No,No,Yes,No,Month-to-month,No,Electronic check,89.6,2901.8,No,0,54,4444,nan,0,90.68125,25-48 months,No,4
7346-MEDWM,1,United States,California,Cathedral City,92234,"33.829583, -116.474131",33.829583,-116.474131,Female,No,No,No,59,Yes,Yes,Fiber optic,No,Yes,Yes,No,No,No,Month-to-month,Yes,Electronic check,83.25,4949.1,No,0,32,4094,nan,0,83.88305084745764,49+ months,No,4
4993-JCRGJ,1,United States,California,Holtville,92250,"32.811001, -115.152865",32.811001,-115.152865,Male,No,No,No,26,Yes,Yes,Fiber optic,No,No,Yes,Yes,No,No,Month-to-month,Yes,Mailed check,84.3,2281.6,No,0,66,5471,nan,0,87.75384615384615,25-48 months,No,4
5288-AHOUP,1,United States,California,Palm Desert,92260,"33.694501, -116.412711",33.694501,-116.412711,Male,Yes,No,No,11,Yes,No,Fiber optic,No,No,No,No,No,Yes,Month-to-month,Yes,Electronic check,78.5,874.2,No,0,51,4333,nan,0,79.47272727272728,7-12 months,No,2
8468-EHYJA,1,United States,California,Palo Verde,92266,"33.3249, -114.758334",33.3249,-114.758334,Female,No,Yes,No,57,Yes,Yes,Fiber optic,Yes,No,No,No,Yes,Yes,Month-to-month,Yes,Electronic check,99.65,5497.05,No,0,42,5106,nan,0,96.43947368421053,49+ months,No,5
2897-DOVND,1,United States,California,Winterhaven,92283,"32.852947, -114.850784",32.852947,-114.850784,Male,No,No,No,2,Yes,No,Fiber optic,No,No,No,No,No,No,Month-to-month,Yes,Electronic check,69.8,146.65,No,0,26,3527,nan,0,73.325,0-6 months,Yes,1
3489-HHPFY,1,United States,California,Amboy,92304,"34.559882, -115.637164",34.559882,-115.637164,Female,No,Yes,No,2,Yes,Yes,Fiber optic,No,No,No,No,Yes,No,Month-to-month,Yes,Electronic check,84.05,134.05,No,0,78,2115,nan,0,67.025,0-6 months,Yes,3
0508-OOLTO,1,United States,California,Fort Irwin,92310,"35.349241, -116.770281",35.349241,-116.770281,Female,No,Yes,Yes,2,Yes,No,Fiber optic,No,No,No,No,No,No,Month-to-month,Yes,Electronic check,71.65,135.75,No,0,67,3916,nan,0,67.875,0-6 months,Yes,1
9822-WMWVG,1,United States,California,Grand Terrace,92313,"34.029175, -117.307211",34.029175,-117.307211,Female,No,No,No,41,Yes,Yes,Fiber optic,Yes,Yes,Yes,Yes,Yes,No,Month-to-month,Yes,Electronic check,106.5,4282.4,No,0,75,4434,nan,0,104.44878048780487,25-48 months,No,7
2522-AHJXR,1,United States,California,Death Valley,92328,"36.27688, -117.033326",36.27688,-117.033326,Male,No,Yes,No,60,Yes,Yes,Fiber optic,Yes,No,Yes,Yes,Yes,Yes,Month-to-month,Yes,Bank transfer (automatic),109.45,6572.85,No,0,77,4350,nan,0,109.5475,49+ months,No,7
8617-ENBDS,1,United States,California,Helendale,92342,"34.757783, -117.33997",34.757783,-117.33997,Male,No,No,No,3,Yes,No,Fiber optic,No,No,Yes,No,No,No,Month-to-month,Yes,Credit card (automatic),73.6,232.5,No,0,53,5510,nan,0,77.5,0-6 months,Yes,2
3537-HPKQT,1,United States,California,Mentone,92359,"34.103578, -117.04054",34.103578,-117.04054,Female,No,Yes,No,55,Yes,Yes,Fiber optic,No,Yes,No,No,No,No,Month-to-month,Yes,Credit card (automatic),77.75,4266.4,No,0,46,4621,nan,0,77.57090909090908,49+ months,No,3
8800-JOOCF,1,United States,California,Tecopa,92389,"35.824572, -116.274755",35.824572,-116.274755,Female,No,No,Yes,12,Yes,Yes,Fiber optic,No,No,No,No,Yes,No,Month-to-month,Yes,Electronic check,84.05,966.55,No,0,77,4621,nan,0,80.54583333333333,7-12 months,No,3
1469-LBJQJ,1,United States,California,Victorville,92392,"34.486835, -117.362274",34.486835,-117.362274,Female,No,Yes,No,66,Yes,Yes,Fiber optic,No,Yes,Yes,No,Yes,Yes,Month-to-month,Yes,Electronic check,105.2,6936.85,No,0,20,4016,nan,0,105.10378787878788,49+ months,No,6
0064-YIJGF,1,United States,California,Yermo,92398,"35.013299, -116.834092",35.013299,-116.834092,Male,No,Yes,Yes,27,Yes,Yes,Fiber optic,No,No,No,No,No,No,Month-to-month,Yes,Bank transfer (automatic),75.75,1929.0,No,0,46,4994,nan,0,71.44444444444444,25-48 months,No,2
2386-OWURY,1,United States,California,Yucaipa,92399,"34.04597, -117.011825",34.04597,-117.011825,Female,No,No,No,58,Yes,No,Fiber optic,No,No,No,Yes,Yes,Yes,Month-to-month,Yes,Electronic check,95.3,5817.7,No,0,68,6460,nan,0,100.3051724137931,49+ months,No,4
3453-RTHJQ,1,United States,California,San Bernardino,92407,"34.250069, -117.393949",34.250069,-117.393949,Male,No,No,No,6,Yes,No,Fiber optic,No,No,No,No,No,No,Month-to-month,Yes,Electronic check,69.1,435.0,No,0,55,5741,nan,0,72.5,0-6 months,Yes,1
1508-DFXCU,1,United States,California,Riverside,92501,"33.994676, -117.372498",33.994676,-117.372498,Male,No,No,No,12,Yes,No,Fiber optic,No,No,No,No,Yes,No,Month-to-month,Yes,Electronic check,81.45,912.0,No,0,70,2916,nan,0,76.0,7-12 months,No,2
2800-QQUSO,1,United States,California,Riverside,92505,"33.920907, -117.489426",33.920907,-117.489426,Male,No,No,No,42,Yes,Yes,Fiber optic,No,No,No,Yes,Yes,Yes,Month-to-month,Yes,Electronic check,100.3,4222.95,No,0,33,3286,nan,0,100.54642857142856,25-48 months,No,5
9773-PEQBZ,1,United States,California,Lake Elsinore,92530,"33.655421, -117.391751",33.655421,-117.391751,Male,No,No,No,10,Yes,Yes,Fiber optic,No,Yes,No,No,No,No,Month-to-month,No,Electronic check,79.85,797.25,No,0,65,5739,nan,0,79.725,7-12 months,No,3
0650-BWOZN,1,United States,California,Aguanga,92536,"33.482243, -116.827173",33.482243,-116.827173,Female,Yes,No,No,18,Yes,No,Fiber optic,No,Yes,No,No,No,No,Month-to-month,Yes,Electronic check,73.55,1359.45,No,0,66,5313,nan,0,75.525,13-24 months,No,2
9481-IEBZY,1,United States,California,Nuevo,92567,"33.82769, -117.102244",33.82769,-117.102244,Male,Yes,Yes,No,72,Yes,Yes,Fiber optic,Yes,Yes,Yes,Yes,Yes,Yes,Month-to-month,Yes,Credit card (automatic),112.9,8061.5,No,0,29,5569,nan,0,111.96527777777777,49+ months,No,8
6137-NICCO,1,United States,California,Perris,92571,"33.828289, -117.201666",33.828289,-117.201666,Female,No,Yes,Yes,6,Yes,Yes,Fiber optic,No,Yes,Yes,No,Yes,No,Month-to-month,Yes,Mailed check,94.05,518.75,No,0,59,3083,nan,0,86.45833333333333,0-6 months,Yes,5
7714-YXSMB,1,United States,California,Irvine,92612,"33.643095, -117.810896",33.643095,-117.810896,Female,No,No,No,26,Yes,Yes,Fiber optic,No,No,Yes,No,Yes,Yes,Month-to-month,Yes,Bank transfer (automatic),100.5,2599.95,No,0,50,2921,nan,0,99.99807692307692,25-48 months,No,5
1194-HVAIF,1,United States,California,Capistrano Beach,92624,"33.458754, -117.665104",33.458754,-117.665104,Female,No,Yes,No,27,Yes,Yes,Fiber optic,No,No,No,No,Yes,Yes,Month-to-month,No,Credit card (automatic),95.0,2462.55,No,0,75,4235,nan,0,91.20555555555556,25-48 months,No,4
7128-GGCNO,1,United States,California,Laguna Hills,92653,"33.606899, -117.717854",33.606899,-117.717854,Male,No,No,No,46,Yes,Yes,Fiber optic,No,No,No,No,No,No,Month-to-month,No,Bank transfer (automatic),72.8,3249.4,No,0,66,2642,nan,0,70.63913043478261,25-48 months,No,2
0237-YFUTL,1,United States,California,Midway City,92655,"33.744439, -117.98588",33.744439,-117.98588,Female,No,Yes,No,50,Yes,Yes,Fiber optic,Yes,Yes,No,Yes,Yes,Yes,Month-to-month,Yes,Bank transfer (automatic),109.65,5405.8,No,0,21,4676,nan,0,108.116,49+ months,No,7
6710-HSJRD,1,United States,California,Newport Coast,92657,"33.603282, -117.821841",33.603282,-117.821841,Male,No,Yes,No,61,Yes,Yes,Fiber optic,No,Yes,Yes,Yes,Yes,Yes,Month-to-month,Yes,Electronic check,114.1,7132.15,No,0,64,5239,nan,0,116.92049180327868,49+ months,No,7
0365-BZUWY,1,United States,California,San Juan Capistrano,92675,"33.521447, -117.602555",33.521447,-117.602555,Male,No,Yes,No,17,Yes,Yes,Fiber optic,No,Yes,Yes,No,Yes,Yes,Month-to-month,Yes,Electronic check,102.55,1742.5,No,0,75,3803,nan,0,102.5,13-24 months,No,6
2018-PZKMU,1,United States,California,Santa Ana,92701,"33.748478, -117.858918",33.748478,-117.858918,Male,No,Yes,Yes,9,Yes,No,Fiber optic,No,No,Yes,Yes,Yes,Yes,Month-to-month,No,Electronic check,103.1,970.45,No,0,61,4171,nan,0,107.82777777777778,7-12 months,No,5
7392-YYPYJ,1,United States,California,Santa Ana,92706,"33.765893, -117.881533",33.765893,-117.881533,Male,No,No,No,22,Yes,Yes,Fiber optic,No,Yes,No,No,Yes,Yes,Month-to-month,Yes,Electronic check,100.65,2415.95,No,0,34,4094,nan,0,109.81590909090909,13-24 months,No,5
8104-OSKWT,1,United States,California,Anaheim,92804,"33.818, -117.974404",33.818,-117.974404,Female,No,No,No,12,Yes,Yes,Fiber optic,Yes,No,No,No,No,No,Month-to-month,Yes,Electronic check,79.8,1001.2,No,0,43,5906,nan,0,83.43333333333334,7-12 months,No,3
4521-YEEHE,1,United States,California,Anaheim,92805,"33.830209, -117.906099",33.830209,-117.906099,Female,No,Yes,No,18,Yes,Yes,Fiber optic,No,No,No,Yes,Yes,No,Month-to-month,Yes,Electronic check,88.85,1594.75,No,0,59,3127,nan,0,88.59722222222223,13-24 months,No,4
4090-KPJIP,1,United States,California,Anaheim,92806,"33.83796, -117.870494",33.83796,-117.870494,Female,No,No,No,3,Yes,Yes,Fiber optic,No,No,No,No,No,No,Month-to-month,Yes,Electronic check,74.95,212.4,No,0,70,3641,nan,0,70.8,0-6 months,Yes,2
9278-VZKCD,1,United States,California,Norco,92860,"33.925833, -117.559639",33.925833,-117.559639,Female,Yes,Yes,No,52,Yes,Yes,Fiber optic,Yes,Yes,Yes,No,Yes,Yes,Month-to-month,Yes,Electronic check,109.1,5647.95,No,0,49,4428,nan,0,108.61442307692307,49+ months,No,7
5206-XZZQI,1,United States,California,Orange,92867,"33.81859, -117.821288",33.81859,-117.821288,Male,No,No,No,53,Yes,No,Fiber optic,No,Yes,No,Yes,No,No,Month-to-month,Yes,Mailed check,80.6,4348.1,No,0,73,6113,nan,0,82.03962264150944,49+ months,No,3
2139-FQHLM,1,United States,California,Corona,92879,"33.893823, -117.531446",33.893823,-117.531446,Male,No,No,No,19,Yes,No,Fiber optic,No,No,Yes,Yes,Yes,No,Month-to-month,No,Mailed check,89.95,1682.4,No,0,35,3402,nan,0,88.54736842105264,13-24 months,No,4
5600-KTXFM,1,United States,California,Ventura,93004,"34.278697, -119.167798",34.278697,-119.167798,Male,No,Yes,Yes,2,Yes,No,Fiber optic,No,No,No,No,No,No,Month-to-month,No,Mailed check,69.95,143.9,No,0,46,5010,nan,0,71.95,0-6 months,Yes,1
6173-GOLSU,1,United States,California,Oak View,93022,"34.404544, -119.302118",34.404544,-119.302118,Male,Yes,Yes,No,67,Yes,Yes,Fiber optic,No,No,No,No,Yes,Yes,Month-to-month,Yes,Credit card (automatic),94.65,6079.0,No,0,47,4228,nan,0,90.73134328358209,49+ months,No,4
4647-MUZON,1,United States,California,Port Hueneme,93041,"34.110124, -119.100972",34.110124,-119.100972,Female,No,Yes,No,18,Yes,No,Fiber optic,No,No,Yes,No,Yes,Yes,Month-to-month,Yes,Credit card (automatic),95.95,1745.5,No,0,20,5009,nan,0,96.97222222222223,13-24 months,No,4
7225-CBZPL,1,United States,California,Earlimart,93219,"35.858054, -119.305858",35.858054,-119.305858,Male,Yes,Yes,No,17,Yes,Yes,Fiber optic,No,No,No,No,Yes,Yes,Month-to-month,Yes,Electronic check,94.8,1563.9,No,0,49,4831,nan,0,91.99411764705883,13-24 months,No,4
2920-RNCEZ,1,United States,California,Lebec,93243,"34.845861, -118.885163",34.845861,-118.885163,Male,No,Yes,Yes,1,Yes,No,Fiber optic,No,No,No,No,No,No,Month-to-month,Yes,Credit card (automatic),69.95,69.95,No,0,62,5133,nan,0,69.95,0-6 months,Yes,1
0432-CAJZV,1,United States,California,Onyx,93255,"35.676978, -118.101378",35.676978,-118.101378,Male,No,No,No,3,Yes,No,Fiber optic,No,No,No,No,Yes,Yes,Month-to-month,No,Mailed check,90.7,237.65,No,0,69,3953,nan,0,79.21666666666667,0-6 months,Yes,3
1200-TUZHR,1,United States,California,Posey,93260,"35.861928, -118.636698",35.861928,-118.636698,Female,Yes,No,No,8,Yes,Yes,Fiber optic,No,No,No,No,No,Yes,Month-to-month,No,Electronic check,85.2,695.75,No,0,53,2565,nan,0,86.96875,7-12 months,No,3
6986-IXNDM,1,United States,California,Three Rivers,93271,"36.413433, -118.854708",36.413433,-118.854708,Male,No,No,No,14,Yes,No,Fiber optic,No,No,No,No,Yes,Yes,Month-to-month,Yes,Electronic check,92.9,1337.45,No,0,38,4296,nan,0,95.53214285714286,13-24 months,No,3
0420-HLGXF,1,United States,California,Visalia,93291,"36.391777, -119.372842",36.391777,-119.372842,Female,Yes,No,No,39,Yes,Yes,Fiber optic,No,No,Yes,No,Yes,Yes,Month-to-month,Yes,Electronic check,99.75,4036.0,No,0,58,3860,nan,0,103.48717948717949,25-48 months,No,5
3657-COGMW,1,United States,California,San Luis Obispo,93405,"35.236549, -120.727344",35.236549,-120.727344,Female,Yes,No,No,52,Yes,Yes,Fiber optic,Yes,Yes,Yes,No,Yes,Yes,Month-to-month,No,Credit card (automatic),108.1,5839.3,No,0,69,4251,nan,0,112.29423076923078,49+ months,No,7
4098-NAUKP,1,United States,California,Oceano,93445,"35.059695, -120.604741",35.059695,-120.604741,Male,Yes,Yes,Yes,68,Yes,Yes,Fiber optic,No,Yes,Yes,No,No,No,Month-to-month,Yes,Electronic check,84.65,5683.6,No,0,72,6404,nan,0,83.58235294117648,49+ months,No,4
1485-YDHMM,1,United States,California,San Ardo,93450,"35.996008, -120.85305",35.996008,-120.85305,Male,No,Yes,Yes,52,Yes,Yes,Fiber optic,No,Yes,No,Yes,No,Yes,Month-to-month,Yes,Bank transfer (automatic),93.25,4631.7,No,0,56,4740,nan,0,89.07115384615385,49+ months,No,5
8161-QYMTT,1,United States,California,Santa Maria,93454,"34.943523, -120.256729",34.943523,-120.256729,Male,No,No,No,7,Yes,Yes,Fiber optic,No,No,No,No,Yes,Yes,Month-to-month,Yes,Electronic check,94.1,701.3,No,0,22,5259,nan,0,100.18571428571428,7-12 months,No,4
2675-DHUTR,1,United States,California,Big Pine,93513,"37.245505, -118.062943",37.245505,-118.062943,Male,Yes,Yes,No,58,Yes,Yes,Fiber optic,No,Yes,No,No,Yes,Yes,Month-to-month,Yes,Electronic check,98.9,5780.7,No,0,21,4993,nan,0,99.66724137931034,49+ months,No,5
0531-ZZJWQ,1,United States,California,Lone Pine,93545,"36.590415, -118.073839",36.590415,-118.073839,Male,Yes,Yes,No,55,Yes,Yes,Fiber optic,No,No,No,No,No,No,Month-to-month,Yes,Electronic check,74.0,4052.4,No,0,54,4958,nan,0,73.68,49+ months,No,2
2688-BHGOG,1,United States,California,Olancha,93549,"36.296851, -117.865469",36.296851,-117.865469,Male,Yes,No,No,9,Yes,No,Fiber optic,No,No,No,No,No,Yes,Month-to-month,Yes,Electronic check,79.55,718.55,No,0,76,5811,nan,0,79.83888888888889,7-12 months,No,2
0916-QOFDP,1,United States,California,Randsburg,93554,"35.405722, -117.773354",35.405722,-117.773354,Female,Yes,Yes,Yes,14,Yes,Yes,Fiber optic,No,No,No,No,Yes,Yes,Month-to-month,Yes,Electronic check,95.8,1346.3,No,0,29,3471,nan,0,96.16428571428571,13-24 months,No,4
5606-AMZBO,1,United States,California,Rosamond,93560,"34.903052, -118.411251",34.903052,-118.411251,Female,No,Yes,No,10,Yes,Yes,Fiber optic,Yes,No,No,No,No,No,Month-to-month,Yes,Credit card (automatic),78.15,765.15,No,0,26,3403,nan,0,76.515,7-12 months,No,3
2476-YGEFM,1,United States,California,Clovis,93611,"36.917652, -119.593757",36.917652,-119.593757,Female,No,No,No,29,Yes,Yes,Fiber optic,No,No,No,No,No,No,Month-to-month,Yes,Credit card (automatic),76.0,2215.25,No,0,46,5324,nan,0,76.38793103448276,25-48 months,No,2
8687-BAFGU,1,United States,California,Clovis,93612,"36.814539, -119.711868",36.814539,-119.711868,Male,No,No,No,1,Yes,No,Fiber optic,No,No,No,Yes,No,No,Month-to-month,No,Electronic check,74.0,74.0,No,0,34,4148,nan,0,74.0,0-6 months,Yes,2
0641-EVBOJ,1,United States,California,Coarsegold,93614,"37.212191, -119.749323",37.212191,-119.749323,Male,No,No,No,3,Yes,No,Fiber optic,Yes,No,No,Yes,No,No,Month-to-month,Yes,Mailed check,82.3,214.4,No,0,56,5755,nan,0,71.46666666666667,0-6 months,Yes,3
0829-XXPLX,1,United States,California,Cutler,93615,"36.497895, -119.285484",36.497895,-119.285484,Female,No,No,No,20,Yes,No,Fiber optic,Yes,No,Yes,No,Yes,No,Month-to-month,Yes,Bank transfer (automatic),89.4,1871.15,No,0,68,2098,nan,0,93.5575,13-24 months,No,4
9974-JFBHQ,1,United States,California,Del Rey,93616,"36.657462, -119.595293",36.657462,-119.595293,Male,No,No,Yes,64,Yes,No,Fiber optic,No,Yes,No,Yes,Yes,Yes,Month-to-month,Yes,Credit card (automatic),99.15,6171.2,No,0,52,4590,nan,0,96.425,49+ months,No,5
6627-CFOSN,1,United States,California,Madera,93637,"36.902954, -120.194274",36.902954,-120.194274,Female,No,No,No,59,Yes,Yes,Fiber optic,Yes,Yes,Yes,No,No,Yes,Month-to-month,Yes,Bank transfer (automatic),99.45,5623.7,No,0,51,5247,nan,0,95.31694915254236,49+ months,No,6
4826-TZEVA,1,United States,California,O Neals,93645,"37.140104, -119.657092",37.140104,-119.657092,Female,No,No,No,40,Yes,No,Fiber optic,No,Yes,No,No,No,No,Month-to-month,No,Credit card (automatic),74.8,2971.7,No,0,52,3258,nan,0,74.29249999999999,25-48 months,No,2
8910-LEDAG,1,United States,California,Prather,93651,"37.007238, -119.505661",37.007238,-119.505661,Male,Yes,Yes,No,34,Yes,No,Fiber optic,No,No,No,No,No,No,Month-to-month,No,Credit card (automatic),71.55,2427.35,No,0,72,3583,nan,0,71.39264705882353,25-48 months,No,1
3452-GWUIN,1,United States,California,Raisin City,93652,"36.594542, -119.905245",36.594542,-119.905245,Female,Yes,Yes,No,19,Yes,Yes,Fiber optic,No,No,No,No,Yes,Yes,Month-to-month,Yes,Electronic check,94.95,1760.25,No,0,40,5316,nan,0,92.64473684210526,13-24 months,No,4
2716-GFZOR,1,United States,California,Raymond,93653,"37.252057, -119.95783",37.252057,-119.95783,Male,No,Yes,No,43,Yes,No,Fiber optic,Yes,Yes,Yes,No,No,No,Month-to-month,Yes,Credit card (automatic),86.1,3551.65,No,0,42,2358,nan,0,82.59651162790698,25-48 months,No,4
3192-LNKRK,1,United States,California,San Joaquin,93660,"36.600193, -120.153393",36.600193,-120.153393,Male,No,Yes,Yes,34,Yes,No,Fiber optic,No,No,Yes,No,Yes,No,Month-to-month,Yes,Mailed check,84.05,2909.95,No,0,67,3476,nan,0,85.58676470588235,25-48 months,No,3
2208-UGTGR,1,United States,California,Sultana,93666,"36.545353, -119.338535",36.545353,-119.338535,Male,No,No,No,56,Yes,Yes,Fiber optic,No,Yes,No,No,Yes,Yes,Month-to-month,No,Electronic check,98.6,5581.05,No,0,58,5601,nan,0,99.66160714285715,49+ months,No,5
3005-TYFRD,1,United States,California,Tollhouse,93667,"36.993666, -119.348267",36.993666,-119.348267,Female,No,Yes,No,55,Yes,Yes,Fiber optic,No,Yes,Yes,No,Yes,Yes,Month-to-month,Yes,Credit card (automatic),103.65,5676.65,No,0,46,4768,nan,0,103.21181818181817,49+ months,No,6
7278-CKDNC,1,United States,California,Fresno,93701,"36.749403, -119.787574",36.749403,-119.787574,Male,Yes,No,No,24,Yes,Yes,Fiber optic,No,Yes,No,No,No,No,Month-to-month,Yes,Electronic check,80.5,2088.45,No,0,40,4422,nan,0,87.01875,13-24 months,No,3
7181-OQCUT,1,United States,California,Fresno,93706,"36.654614, -119.903674",36.654614,-119.903674,Male,No,No,No,21,Yes,Yes,Fiber optic,Yes,No,Yes,No,Yes,Yes,Month-to-month,No,Mailed check,103.85,2215.0,No,0,77,4520,nan,0,105.47619047619048,13-24 months,No,6
0187-QSXOE,1,United States,California,Fresno,93725,"36.623632, -119.741322",36.623632,-119.741322,Male,Yes,Yes,No,7,Yes,No,Fiber optic,No,No,No,No,Yes,Yes,Month-to-month,Yes,Electronic check,89.0,605.45,No,0,36,5711,nan,0,86.49285714285715,7-12 months,No,3
6917-YACBP,1,United States,California,Big Sur,93920,"36.092975, -121.549826",36.092975,-121.549826,Female,Yes,No,No,59,Yes,Yes,Fiber optic,Yes,Yes,Yes,No,No,No,Month-to-month,Yes,Electronic check,89.75,5496.9,No,0,70,5170,nan,0,93.16779661016949,49+ months,No,5
9741-YLNTD,1,United States,California,Greenfield,93927,"36.248708, -121.386617",36.248708,-121.386617,Male,No,No,No,6,Yes,Yes,Fiber optic,No,No,No,Yes,No,Yes,Month-to-month,Yes,Bank transfer (automatic),87.95,522.35,No,0,47,2684,nan,0,87.05833333333334,0-6 months,Yes,4
7858-GTZSP,1,United States,California,San Lucas,93954,"36.125529, -120.864443",36.125529,-120.864443,Female,No,No,No,12,Yes,Yes,Fiber optic,No,No,No,No,No,Yes,Month-to-month,Yes,Electronic check,86.55,1066.9,No,0,71,2061,nan,0,88.90833333333335,7-12 months,No,3
8224-DWCKX,1,United States,California,Burlingame,94010,"37.57028, -122.365778",37.57028,-122.365778,Male,Yes,No,No,12,Yes,Yes,Fiber optic,No,No,No,No,No,No,Month-to-month,Yes,Credit card (automatic),73.3,828.05,No,0,38,5159,nan,0,69.00416666666666,7-12 months,No,2
4553-DVPZG,1,United States,California,Daly City,94015,"37.680844, -122.48131",37.680844,-122.48131,Female,No,Yes,No,62,Yes,Yes,Fiber optic,No,No,Yes,No,Yes,Yes,Month-to-month,Yes,Electronic check,101.35,6164.7,No,0,77,5049,nan,0,99.43064516129031,49+ months,No,5
2027-WKXMW,1,United States,California,Montara,94037,"37.540582, -122.509594",37.540582,-122.509594,Female,No,Yes,No,63,Yes,Yes,Fiber optic,No,Yes,Yes,Yes,Yes,Yes,Month-to-month,Yes,Electronic check,108.75,6871.7,No,0,20,4582,nan,0,109.07460317460317,49+ months,No,7
5934-RMPOV,1,United States,California,Pescadero,94060,"37.22565, -122.297533",37.22565,-122.297533,Female,No,No,Yes,22,Yes,Yes,Fiber optic,No,No,No,No,No,Yes,Month-to-month,Yes,Electronic check,84.75,1816.75,No,0,79,4240,nan,0,82.57954545454545,13-24 months,No,3
4395-PZMSN,1,United States,California,San Gregorio,94074,"37.331762, -122.341444",37.331762,-122.341444,Male,Yes,No,No,5,Yes,No,Fiber optic,No,Yes,No,No,No,Yes,Month-to-month,Yes,Electronic check,85.55,408.5,No,0,48,2850,nan,0,81.7,0-6 months,Yes,3
8107-KNCIM,1,United States,California,San Francisco,94111,"37.801776, -122.402293",37.801776,-122.402293,Male,Yes,Yes,No,14,Yes,Yes,Fiber optic,No,No,No,No,No,No,Month-to-month,Yes,Electronic check,75.1,1013.35,No,0,66,3771,nan,0,72.38214285714285,13-24 months,No,2
4029-HPFVY,1,United States,California,San Francisco,94118,"37.781304, -122.461522",37.781304,-122.461522,Male,No,No,No,3,Yes,No,Fiber optic,No,No,No,No,No,No,Month-to-month,Yes,Mailed check,70.3,220.4,No,0,67,4275,nan,0,73.46666666666667,0-6 months,Yes,1
1020-JPQOW,1,United States,California,Angwin,94508,"38.542448, -122.419923",38.542448,-122.419923,Female,No,Yes,No,56,Yes,Yes,Fiber optic,No,Yes,Yes,Yes,No,No,Month-to-month,No,Electronic check,90.55,5116.6,No,0,63,6161,nan,0,91.36785714285715,49+ months,No,5
9054-FOWNV,1,United States,California,Brentwood,94513,"37.908242, -121.682472",37.908242,-121.682472,Male,No,Yes,Yes,22,Yes,Yes,Fiber optic,No,No,Yes,No,Yes,No,Month-to-month,Yes,Electronic check,88.75,1885.15,No,0,48,5585,nan,0,85.68863636363636,13-24 months,No,4
9732-EQMWY,1,United States,California,Concord,94518,"37.950248, -122.022455",37.950248,-122.022455,Female,No,Yes,No,49,Yes,No,Fiber optic,No,Yes,Yes,No,Yes,Yes,Month-to-month,No,Electronic check,99.4,5025.0,No,0,59,4725,nan,0,102.55102040816327,49+ months,No,5
8818-DOPVL,1,United States,California,El Cerrito,94530,"37.924838, -122.289145",37.924838,-122.289145,Female,Yes,No,No,46,Yes,Yes,Fiber optic,No,Yes,Yes,No,Yes,Yes,Month-to-month,Yes,Electronic check,104.45,4863.85,No,0,76,4103,nan,0,105.7358695652174,25-48 months,No,6
7044-YAACC,1,United States,California,Napa,94559,"38.232389, -122.324944",38.232389,-122.324944,Male,Yes,Yes,No,4,Yes,No,Fiber optic,No,No,No,No,No,No,Month-to-month,Yes,Electronic check,70.2,280.35,No,0,53,4444,nan,0,70.0875,0-6 months,Yes,1
8189-XRIKE,1,United States,California,Newark,94560,"37.504133, -122.032347",37.504133,-122.032347,Female,Yes,No,No,32,Yes,No,Fiber optic,No,No,No,No,Yes,Yes,Month-to-month,No,Electronic check,90.95,2897.95,No,0,52,5936,nan,0,90.5609375,25-48 months,No,3
4123-DVHPH,1,United States,California,Orinda,94563,"37.873916, -122.20522",37.873916,-122.20522,Male,No,Yes,No,9,Yes,Yes,Fiber optic,Yes,No,No,No,No,Yes,Month-to-month,Yes,Electronic check,88.05,801.3,No,0,30,2715,nan,0,89.03333333333333,7-12 months,No,4
2931-SVLTV,1,United States,California,Vallejo,94589,"38.161321, -122.271588",38.161321,-122.271588,Male,No,Yes,Yes,40,Yes,Yes,Fiber optic,Yes,Yes,No,Yes,Yes,Yes,Month-to-month,Yes,Credit card (automatic),110.1,4469.1,No,0,39,2283,nan,0,111.7275,25-48 months,No,7
7504-UWHNB,1,United States,California,Vallejo,94591,"38.105733, -122.186338",38.105733,-122.186338,Male,No,No,No,25,Yes,No,Fiber optic,No,No,No,No,No,No,Month-to-month,No,Electronic check,69.75,1729.35,No,0,26,3080,nan,0,69.17399999999999,25-48 months,No,1
6288-LBEAR,1,United States,California,Yountville,94599,"38.421458, -122.365048",38.421458,-122.365048,Female,No,No,No,23,Yes,No,Fiber optic,No,Yes,No,Yes,No,No,Month-to-month,Yes,Mailed check,79.1,1783.75,No,0,75,3619,nan,0,77.55434782608695,13-24 months,No,3
5599-HVLTW,1,United States,California,Oakland,94609,"37.834341, -122.26437",37.834341,-122.26437,Female,Yes,No,No,14,Yes,Yes,Fiber optic,No,No,Yes,No,No,No,Month-to-month,Yes,Bank transfer (automatic),80.35,1058.1,No,0,39,3276,nan,0,75.57857142857142,13-24 months,No,3
7394-LWLYN,1,United States,California,Oakland,94610,"37.808731, -122.238708",37.808731,-122.238708,Female,No,No,No,2,Yes,No,Fiber optic,No,No,No,No,No,No,Month-to-month,Yes,Electronic check,70.15,123.8,No,0,75,4840,nan,0,61.9,0-6 months,Yes,1
0958-YHXGP,1,United States,California,Oakland,94621,"37.750553, -122.197175",37.750553,-122.197175,Female,No,No,No,7,Yes,No,Fiber optic,No,No,No,No,No,No,Month-to-month,Yes,Mailed check,69.9,497.3,No,0,80,4562,nan,0,71.04285714285714,7-12 months,No,1
5325-UWTWJ,1,United States,California,Berkeley,94707,"37.897753, -122.279391",37.897753,-122.279391,Male,No,Yes,No,31,Yes,Yes,Fiber optic,Yes,Yes,No,Yes,No,No,Month-to-month,Yes,Credit card (automatic),90.55,2929.75,No,0,48,5722,nan,0,94.50806451612904,25-48 months,No,5
3969-GYXEL,1,United States,California,Berkeley,94708,"37.897743, -122.263124",37.897743,-122.263124,Female,No,No,No,11,Yes,No,Fiber optic,Yes,No,No,No,No,No,Month-to-month,No,Electronic check,76.4,838.7,No,0,41,4033,nan,0,76.24545454545455,7-12 months,No,2
9208-OLGAQ,1,United States,California,Berkeley,94709,"37.878554, -122.26609",37.878554,-122.26609,Female,Yes,No,No,18,Yes,No,Fiber optic,No,No,Yes,No,No,Yes,Month-to-month,Yes,Electronic check,84.95,1443.65,No,0,74,3878,nan,0,80.20277777777778,13-24 months,No,3
2674-MLXMN,1,United States,California,Richmond,94801,"37.945288, -122.383941",37.945288,-122.383941,Female,Yes,No,No,71,Yes,Yes,Fiber optic,No,Yes,No,No,Yes,Yes,Month-to-month,Yes,Credit card (automatic),99.65,6951.15,No,0,77,4241,nan,0,97.90352112676055,49+ months,No,5
0595-ITUDF,1,United States,California,Fairfax,94930,"37.971751, -122.611873",37.971751,-122.611873,Male,No,Yes,Yes,64,Yes,Yes,Fiber optic,Yes,Yes,Yes,No,No,No,Month-to-month,Yes,Electronic check,91.8,5960.5,No,0,37,5371,nan,0,93.1328125,49+ months,No,5
9133-AYJZG,1,United States,California,Mill Valley,94941,"37.901371, -122.572024",37.901371,-122.572024,Female,No,No,No,23,Yes,Yes,Fiber optic,No,Yes,No,No,Yes,Yes,Month-to-month,Yes,Credit card (automatic),98.7,2249.1,No,0,71,5781,nan,0,97.78695652173913,13-24 months,No,5
2675-OTVVJ,1,United States,California,Novato,94945,"38.135897, -122.563683",38.135897,-122.563683,Male,Yes,Yes,No,31,Yes,Yes,Fiber optic,Yes,No,No,No,Yes,No,Month-to-month,No,Electronic check,89.45,2807.65,No,0,68,5597,nan,0,90.56935483870969,25-48 months,No,4
5018-GWURO,1,United States,California,Novato,94949,"38.067204, -122.524004",38.067204,-122.524004,Female,No,Yes,No,56,Yes,Yes,Fiber optic,No,No,No,No,Yes,No,Month-to-month,Yes,Bank transfer (automatic),85.6,4902.8,No,0,20,6483,nan,0,87.55,49+ months,No,3
0537-QYZZN,1,United States,California,Petaluma,94952,"38.237018, -122.77872",38.237018,-122.77872,Male,Yes,Yes,Yes,24,Yes,Yes,Fiber optic,Yes,No,No,No,No,No,Month-to-month,Yes,Electronic check,79.85,1857.75,No,0,36,3412,nan,0,77.40625,13-24 months,No,3
8212-CRQXP,1,United States,California,Alviso,95002,"37.449537, -121.994813",37.449537,-121.994813,Female,No,Yes,No,22,Yes,No,Fiber optic,No,No,No,No,Yes,No,Month-to-month,Yes,Credit card (automatic),80.0,1706.45,No,0,80,2640,nan,0,77.56590909090909,13-24 months,No,2
1482-OXZSY,1,United States,California,Freedom,95019,"36.936228, -121.785559",36.936228,-121.785559,Male,No,No,No,30,Yes,Yes,Fiber optic,Yes,No,No,No,Yes,Yes,Month-to-month,Yes,Bank transfer (automatic),100.4,2936.25,No,0,37,3778,nan,0,97.875,25-48 months,No,5
3086-RUCRN,1,United States,California,Paicines,95043,"36.525703, -120.952122",36.525703,-120.952122,Female,No,No,No,66,Yes,Yes,Fiber optic,Yes,Yes,Yes,Yes,No,Yes,Month-to-month,Yes,Bank transfer (automatic),103.1,6595.0,No,0,46,6183,nan,0,99.92424242424242,49+ months,No,7
7576-JMYWV,1,United States,California,San Martin,95046,"37.084697, -121.606417",37.084697,-121.606417,Female,Yes,Yes,Yes,46,Yes,Yes,Fiber optic,Yes,Yes,No,Yes,Yes,Yes,Month-to-month,Yes,Electronic check,110.2,4972.1,No,0,55,4162,nan,0,108.08913043478262,25-48 months,No,7
1307-ATKGB,1,United States,California,Santa Clara,95054,"37.393554, -121.965114",37.393554,-121.965114,Male,No,No,No,24,Yes,No,Fiber optic,No,Yes,Yes,No,No,Yes,Month-to-month,Yes,Electronic check,89.55,2187.15,No,0,41,2007,nan,0,91.13125000000001,13-24 months,No,4
0848-ZGQIJ,1,United States,California,Saratoga,95070,"37.257772, -122.051824",37.257772,-122.051824,Female,No,Yes,No,16,Yes,No,Fiber optic,No,Yes,No,No,Yes,Yes,Month-to-month,Yes,Bank transfer (automatic),94.65,1461.15,No,0,36,3050,nan,0,91.321875,13-24 months,No,4
4636-JGAAI,1,United States,California,San Jose,95120,"37.186141, -121.843554",37.186141,-121.843554,Male,No,Yes,No,34,Yes,Yes,Fiber optic,No,Yes,No,No,No,Yes,Month-to-month,No,Mailed check,88.85,3000.25,No,0,70,4014,nan,0,88.24264705882354,25-48 months,No,4
8630-FJLIB,1,United States,California,San Jose,95130,"37.277592, -121.986477",37.277592,-121.986477,Female,No,No,No,18,Yes,No,Fiber optic,No,No,No,No,No,No,Month-to-month,Yes,Electronic check,69.8,1221.65,No,0,68,2421,nan,0,67.86944444444445,13-24 months,No,1
4749-OJKQU,1,United States,California,San Jose,95132,"37.424655, -121.74841",37.424655,-121.74841,Female,No,No,No,4,Yes,Yes,Fiber optic,No,No,No,No,No,No,Month-to-month,Yes,Electronic check,75.65,302.35,No,0,31,5396,nan,0,75.5875,0-6 months,Yes,2
0577-WHMEV,1,United States,California,San Jose,95133,"37.371862, -121.860349",37.371862,-121.860349,Female,No,Yes,No,16,Yes,Yes,Fiber optic,Yes,Yes,Yes,No,No,No,Month-to-month,No,Electronic check,90.7,1374.9,No,0,73,4839,nan,0,85.93125,13-24 months,No,5
5453-AXEPF,1,United States,California,San Jose,95134,"37.42765, -121.945416",37.42765,-121.945416,Male,No,Yes,No,17,Yes,Yes,Fiber optic,No,Yes,No,No,No,No,Month-to-month,Yes,Bank transfer (automatic),80.5,1336.9,No,0,76,3591,nan,0,78.64117647058823,13-24 months,No,3
7821-DPRQE,1,United States,California,Stockton,95207,"38.002125, -121.324979",38.002125,-121.324979,Male,No,Yes,No,68,Yes,Yes,Fiber optic,Yes,Yes,No,Yes,Yes,Yes,Month-to-month,Yes,Electronic check,107.7,7320.9,No,0,53,5015,nan,0,107.66029411764706,49+ months,No,7
1608-GMEWB,1,United States,California,Stockton,95215,"37.946282, -121.139499",37.946282,-121.139499,Male,Yes,No,No,45,Yes,Yes,Fiber optic,No,No,No,No,Yes,Yes,Month-to-month,Yes,Bank transfer (automatic),93.9,4200.25,No,0,58,3960,nan,0,93.33888888888889,25-48 months,No,4
7611-YKYTC,1,United States,California,Burson,95225,"38.183918, -120.898817",38.183918,-120.898817,Male,No,Yes,Yes,22,Yes,No,Fiber optic,Yes,No,No,No,No,No,Month-to-month,No,Bank transfer (automatic),75.0,1573.95,No,0,48,4040,nan,0,71.54318181818182,13-24 months,No,2
0365-GXEZS,1,United States,California,Copperopolis,95228,"37.943954, -120.67108",37.943954,-120.67108,Male,No,Yes,No,18,Yes,No,Fiber optic,No,No,Yes,Yes,No,No,Month-to-month,No,Electronic check,78.2,1468.75,No,0,79,2831,nan,0,81.59722222222223,13-24 months,No,3
0082-OQIQY,1,United States,California,Farmington,95230,"37.956963, -120.863055",37.956963,-120.863055,Male,No,No,No,29,Yes,No,Fiber optic,No,No,No,Yes,Yes,Yes,Month-to-month,Yes,Electronic check,94.2,2607.6,No,0,60,4561,nan,0,89.91724137931034,25-48 months,No,4
2665-NPTGL,1,United States,California,Sheep Ranch,95250,"38.244806, -120.417301",38.244806,-120.417301,Female,Yes,Yes,No,26,Yes,Yes,Fiber optic,No,No,Yes,No,Yes,Yes,Month-to-month,Yes,Bank transfer (automatic),98.1,2510.7,No,0,38,3114,nan,0,96.5653846153846,25-48 months,No,5
7465-ZZRVX,1,United States,California,Ceres,95307,"37.553469, -120.952825",37.553469,-120.952825,Male,No,No,No,1,Yes,No,Fiber optic,No,No,No,No,No,No,Month-to-month,Yes,Electronic check,70.35,70.35,No,0,32,2722,nan,0,70.35,0-6 months,Yes,1
7251-XFOIL,1,United States,California,Coulterville,95311,"37.722127, -120.110174",37.722127,-120.110174,Female,No,No,No,61,Yes,Yes,Fiber optic,No,No,Yes,No,No,Yes,Month-to-month,No,Mailed check,89.2,5500.6,No,0,23,5536,nan,0,90.17377049180328,49+ months,No,4
0225-ZORZP,1,United States,California,Groveland,95321,"37.902968, -119.667544",37.902968,-119.667544,Male,No,No,No,3,Yes,No,Fiber optic,No,Yes,No,No,No,Yes,Month-to-month,No,Electronic check,84.3,235.05,No,0,43,5828,nan,0,78.35000000000001,0-6 months,Yes,3
3956-MGXOG,1,United States,California,Modesto,95350,"37.671806, -121.007575",37.671806,-121.007575,Female,No,No,No,28,Yes,No,Fiber optic,No,No,No,No,No,Yes,Month-to-month,Yes,Electronic check,80.6,2244.95,No,0,70,2951,nan,0,80.17678571428571,25-48 months,No,2
9274-UARKJ,1,United States,California,Modesto,95351,"37.621458, -121.012295",37.621458,-121.012295,Female,No,No,No,15,Yes,No,Fiber optic,No,Yes,No,No,Yes,No,Month-to-month,Yes,Bank transfer (automatic),83.2,1130.0,No,0,36,4096,nan,0,75.33333333333333,13-24 months,No,3
9518-XXBXE,1,United States,California,Patterson,95363,"37.410236, -121.320337",37.410236,-121.320337,Male,Yes,Yes,No,10,Yes,No,Fiber optic,Yes,No,No,No,No,No,Month-to-month,No,Electronic check,75.3,720.45,No,0,41,4254,nan,0,72.045,7-12 months,No,2
6578-KRMAW,1,United States,California,Planada,95365,"37.329725, -120.306399",37.329725,-120.306399,Male,No,No,No,32,Yes,No,Fiber optic,Yes,Yes,Yes,No,No,Yes,Month-to-month,Yes,Credit card (automatic),93.4,2979.3,No,0,66,3224,nan,0,93.103125,25-48 months,No,5
4860-IJUDE,1,United States,California,Ripon,95366,"37.750778, -121.13238",37.750778,-121.13238,Male,No,No,No,13,Yes,No,Fiber optic,Yes,No,No,No,No,No,Month-to-month,Yes,Credit card (automatic),73.75,956.65,No,0,78,2070,nan,0,73.58846153846153,13-24 months,No,2
9688-YGXVR,1,United States,California,Salida,95368,"37.713152, -121.08739",37.713152,-121.08739,Female,No,No,No,44,Yes,No,Fiber optic,No,Yes,Yes,No,Yes,No,Month-to-month,Yes,Credit card (automatic),88.15,3973.2,No,0,59,4112,nan,0,90.3,25-48 months,No,4
9029-FEGVJ,1,United States,California,Yosemite National Park,95389,"37.704267, -119.607001",37.704267,-119.607001,Female,Yes,Yes,No,32,Yes,Yes,Fiber optic,No,No,Yes,No,No,No,Month-to-month,No,Mailed check,79.3,2570.0,No,0,27,5242,nan,0,80.3125,25-48 months,No,3
5339-TJFEK,1,United States,California,Santa Rosa,95407,"38.394091, -122.739814",38.394091,-122.739814,Male,No,Yes,Yes,62,Yes,Yes,Fiber optic,Yes,Yes,No,No,Yes,Yes,Month-to-month,Yes,Electronic check,105.5,6487.2,No,0,56,4271,nan,0,104.63225806451612,49+ months,No,6
2074-GUHPQ,1,United States,California,Albion,95410,"39.225694, -123.717354",39.225694,-123.717354,Female,No,No,Yes,17,Yes,Yes,Fiber optic,No,Yes,Yes,Yes,No,No,Month-to-month,Yes,Credit card (automatic),92.7,1556.85,No,0,41,2347,nan,0,91.57941176470588,13-24 months,No,5
5827-MWCZK,1,United States,California,Boonville,95415,"39.025867, -123.381544",39.025867,-123.381544,Male,No,Yes,Yes,56,Yes,Yes,Fiber optic,No,Yes,No,Yes,Yes,No,Month-to-month,Yes,Credit card (automatic),96.95,5432.2,No,0,66,6484,nan,0,97.00357142857142,49+ months,No,5
4329-YPDDQ,1,United States,California,Cazadero,95421,"38.578807, -123.19338",38.578807,-123.19338,Male,No,No,No,20,Yes,No,Fiber optic,Yes,Yes,Yes,Yes,Yes,Yes,Month-to-month,Yes,Bank transfer (automatic),108.2,2203.7,No,0,67,2102,nan,0,110.18499999999999,13-24 months,No,7
2697-NQBPF,1,United States,California,Fulton,95439,"38.493888, -122.777141",38.493888,-122.777141,Male,No,No,No,34,Yes,Yes,Fiber optic,No,Yes,No,Yes,Yes,Yes,Month-to-month,Yes,Electronic check,105.35,3540.65,No,0,74,5503,nan,0,104.13676470588236,25-48 months,No,6
0599-XNYDO,1,United States,California,Graton,95444,"38.434362, -122.86891",38.434362,-122.86891,Female,No,Yes,No,20,Yes,No,Fiber optic,No,No,No,No,No,No,Month-to-month,Yes,Bank transfer (automatic),69.8,1540.35,No,0,33,5456,nan,0,77.0175,13-24 months,No,1
6377-WHAOX,1,United States,California,Gualala,95445,"38.848082, -123.50608",38.848082,-123.50608,Female,No,Yes,No,60,Yes,Yes,Fiber optic,No,Yes,Yes,No,Yes,Yes,Month-to-month,Yes,Electronic check,106.15,6411.25,No,0,32,4115,nan,0,106.85416666666667,49+ months,No,6
5650-YLIBA,1,United States,California,Lakeport,95453,"39.080469, -122.955176",39.080469,-122.955176,Male,No,No,No,31,Yes,Yes,Fiber optic,No,Yes,No,No,No,No,Month-to-month,Yes,Electronic check,81.15,2640.55,No,0,25,3031,nan,0,85.17903225806452,25-48 months,No,3
5201-USSQZ,1,United States,California,Monte Rio,95462,"38.471049, -123.015549",38.471049,-123.015549,Female,No,Yes,No,26,Yes,No,Fiber optic,No,No,No,Yes,No,Yes,Month-to-month,No,Credit card (automatic),85.9,2196.45,No,0,67,4038,nan,0,84.47884615384615,25-48 months,No,3
2105-PHWON,1,United States,California,Navarro,95463,"39.182916, -123.552571",39.182916,-123.552571,Female,No,Yes,No,33,Yes,Yes,Fiber optic,No,No,Yes,Yes,No,Yes,Month-to-month,Yes,Credit card (automatic),95.0,3008.15,No,0,76,4639,nan,0,91.1560606060606,25-48 months,No,5
3932-IJWDZ,1,United States,California,Willits,95490,"39.492046, -123.375818",39.492046,-123.375818,Male,No,No,No,45,Yes,Yes,Fiber optic,No,No,Yes,Yes,Yes,Yes,Month-to-month,Yes,Bank transfer (automatic),103.65,4747.85,No,0,21,2183,nan,0,105.50777777777779,25-48 months,No,6
8065-BVEPF,1,United States,California,Yorkville,95494,"38.888351, -123.239647",38.888351,-123.239647,Male,Yes,No,No,65,Yes,No,Fiber optic,No,Yes,Yes,No,Yes,Yes,Month-to-month,Yes,Bank transfer (automatic),99.1,6496.15,No,0,52,4574,nan,0,99.94076923076922,49+ months,No,5
6350-XFYGW,1,United States,California,Ferndale,95536,"40.4785, -124.301372",40.4785,-124.301372,Male,Yes,No,No,4,Yes,No,Fiber optic,No,No,Yes,No,Yes,Yes,Month-to-month,Yes,Electronic check,94.75,422.4,No,0,44,2757,nan,0,105.6,0-6 months,Yes,4
8705-DWKTI,1,United States,California,Gasquet,95543,"41.867908, -123.794144",41.867908,-123.794144,Male,No,No,No,52,Yes,No,Fiber optic,No,No,Yes,No,No,Yes,Month-to-month,Yes,Credit card (automatic),83.8,4331.4,No,0,40,6339,nan,0,83.29615384615384,49+ months,No,3
8755-IWJHN,1,United States,California,Honeydew,95545,"40.342928, -124.063329",40.342928,-124.063329,Male,Yes,Yes,No,69,Yes,Yes,Fiber optic,No,Yes,Yes,No,No,Yes,Month-to-month,Yes,Bank transfer (automatic),95.35,6382.0,No,0,21,6132,nan,0,92.4927536231884,49+ months,No,5
4480-QQRHC,1,United States,California,Hydesville,95547,"40.557314, -124.081662",40.557314,-124.081662,Female,Yes,No,No,8,Yes,No,Fiber optic,No,No,Yes,No,No,No,Month-to-month,Yes,Bank transfer (automatic),74.05,600.15,No,0,79,4899,nan,0,75.01875,7-12 months,No,2
0929-PECLO,1,United States,California,Klamath,95548,"41.572813, -124.035011",41.572813,-124.035011,Female,Yes,No,No,63,Yes,Yes,Fiber optic,No,No,Yes,No,No,Yes,Month-to-month,Yes,Bank transfer (automatic),89.6,5538.8,No,0,38,4438,nan,0,87.91746031746032,49+ months,No,4
7402-EYFXX,1,United States,California,Salyer,95563,"40.89866, -123.539754",40.89866,-123.539754,Male,Yes,No,No,26,Yes,Yes,Fiber optic,No,No,No,No,Yes,Yes,Month-to-month,Yes,Electronic check,93.6,2404.1,No,0,54,4030,nan,0,92.46538461538461,25-48 months,No,4
5032-MIYKT,1,United States,California,Weott,95571,"40.310119, -123.909449",40.310119,-123.909449,Female,No,No,No,1,Yes,No,Fiber optic,No,No,No,No,No,No,Month-to-month,Yes,Mailed check,70.7,70.7,No,0,28,4056,nan,0,70.7,0-6 months,Yes,1
9717-QEBGU,1,United States,California,Leggett,95585,"39.873371, -123.741474",39.873371,-123.741474,Male,No,No,No,2,Yes,No,Fiber optic,No,No,No,No,No,No,Month-to-month,Yes,Electronic check,70.3,144.0,No,0,37,2980,nan,0,72.0,0-6 months,Yes,1
9800-ONTFE,1,United States,California,Brooks,95606,"38.809804, -122.241383",38.809804,-122.241383,Female,No,Yes,Yes,22,Yes,Yes,Fiber optic,No,No,No,No,No,No,Month-to-month,Yes,Bank transfer (automatic),75.8,1615.1,No,0,37,4479,nan,0,73.41363636363636,13-24 months,No,2
9360-OMDZZ,1,United States,California,Herald,95638,"38.313447, -121.123886",38.313447,-121.123886,Male,No,No,No,24,Yes,Yes,Fiber optic,No,No,No,No,Yes,Yes,Month-to-month,Yes,Electronic check,94.1,2322.85,No,0,69,3192,nan,0,96.78541666666666,13-24 months,No,4
2988-GBIVW,1,United States,California,Knights Landing,95645,"38.875508, -121.765866",38.875508,-121.765866,Female,Yes,Yes,No,70,Yes,Yes,Fiber optic,Yes,No,No,No,No,Yes,Month-to-month,Yes,Electronic check,90.85,6470.1,No,0,64,5129,nan,0,92.43,49+ months,No,4
0265-PSUAE,1,United States,California,Lotus,95651,"38.815515, -120.916997",38.815515,-120.916997,Female,No,Yes,Yes,16,Yes,No,Fiber optic,Yes,No,Yes,No,Yes,Yes,Month-to-month,No,Bank transfer (automatic),100.7,1522.7,No,0,72,3337,nan,0,95.16875,13-24 months,No,5
0129-KPTWJ,1,United States,California,North Highlands,95660,"38.671295, -121.388251",38.671295,-121.388251,Male,No,Yes,No,72,Yes,No,Fiber optic,No,No,Yes,No,Yes,Yes,Month-to-month,Yes,Electronic check,94.65,6747.35,No,0,20,5943,nan,0,93.71319444444445,49+ months,No,4
5956-YHHRX,1,United States,California,Pilot Hill,95664,"38.803731, -121.043799",38.803731,-121.043799,Male,Yes,No,No,21,Yes,Yes,Fiber optic,No,Yes,Yes,No,Yes,Yes,Month-to-month,Yes,Electronic check,104.35,2271.85,No,0,22,4934,nan,0,108.18333333333332,13-24 months,No,6
5760-FXFVO,1,United States,California,Pleasant Grove,95668,"38.833554, -121.498102",38.833554,-121.498102,Male,No,No,No,6,Yes,No,Fiber optic,Yes,Yes,No,No,No,No,Month-to-month,Yes,Electronic check,78.95,494.95,No,0,35,4093,nan,0,82.49166666666666,0-6 months,Yes,3
4007-NHVHI,1,United States,California,Rio Linda,95673,"38.688764, -121.457596",38.688764,-121.457596,Female,Yes,No,No,56,Yes,Yes,Fiber optic,Yes,Yes,No,No,No,Yes,Month-to-month,Yes,Electronic check,96.85,5219.65,No,0,57,5679,nan,0,93.20803571428571,49+ months,No,5
7813-ZGGAW,1,United States,California,Applegate,95703,"38.983388, -120.988814",38.983388,-120.988814,Male,Yes,No,No,31,Yes,Yes,Fiber optic,No,No,Yes,Yes,Yes,No,Month-to-month,Yes,Bank transfer (automatic),96.6,2877.95,No,0,40,3364,nan,0,92.83709677419354,25-48 months,No,5
1319-YLZJG,1,United States,California,Dutch Flat,95714,"39.197215, -120.83679",39.197215,-120.83679,Male,No,Yes,No,12,Yes,No,Fiber optic,Yes,Yes,Yes,No,No,No,Month-to-month,Yes,Electronic check,84.6,959.9,No,0,31,2499,nan,0,79.99166666666666,7-12 months,No,4
3088-LHEFH,1,United States,California,Pollock Pines,95726,"38.733908, -120.453416",38.733908,-120.453416,Female,No,No,No,11,Yes,Yes,Fiber optic,Yes,No,No,No,No,No,Month-to-month,Yes,Bank transfer (automatic),79.0,929.3,No,0,33,3885,nan,0,84.48181818181818,7-12 months,No,3
6583-KQJLK,1,United States,California,Twin Bridges,95735,"38.805481, -120.13287",38.805481,-120.13287,Female,Yes,Yes,No,15,Yes,No,Fiber optic,No,Yes,No,No,Yes,Yes,Month-to-month,Yes,Electronic check,94.65,1285.05,No,0,70,5868,nan,0,85.67,13-24 months,No,4
6116-RFVHN,1,United States,California,Roseville,95747,"38.784329, -121.373245",38.784329,-121.373245,Female,No,Yes,No,34,Yes,Yes,Fiber optic,No,No,Yes,No,Yes,Yes,Month-to-month,Yes,Electronic check,100.45,3414.65,No,0,42,3744,nan,0,100.43088235294118,25-48 months,No,5
8849-AYPTR,1,United States,California,Sacramento,95819,"38.567594, -121.437507",38.567594,-121.437507,Male,No,Yes,No,33,Yes,No,Fiber optic,No,No,No,No,Yes,Yes,Month-to-month,No,Electronic check,91.25,2964.05,No,0,57,3296,nan,0,89.81969696969698,25-48 months,No,3
7594-LZNWR,1,United States,California,Sacramento,95826,"38.542532, -121.378826",38.542532,-121.378826,Male,Yes,No,No,34,Yes,No,Fiber optic,No,No,No,No,No,No,Month-to-month,No,Credit card (automatic),69.15,2275.1,No,0,63,4478,nan,0,66.91470588235293,25-48 months,No,1
4001-TSBTV,1,United States,California,Sacramento,95827,"38.549185, -121.328386",38.549185,-121.328386,Female,No,Yes,Yes,58,Yes,No,Fiber optic,No,Yes,Yes,No,Yes,No,Month-to-month,Yes,Electronic check,91.55,5511.65,No,0,49,6423,nan,0,95.02844827586206,49+ months,No,4
0018-NYROU,1,United States,California,Antelope,95843,"38.715498, -121.363411",38.715498,-121.363411,Female,No,Yes,No,5,Yes,No,Fiber optic,No,No,No,No,No,No,Month-to-month,Yes,Electronic check,68.95,351.5,No,0,57,5536,nan,0,70.3,0-6 months,Yes,1
0480-BIXDE,1,United States,California,Beale Afb,95903,"39.125311, -121.392283",39.125311,-121.392283,Female,No,Yes,No,19,Yes,No,Fiber optic,No,No,Yes,No,Yes,Yes,Month-to-month,Yes,Electronic check,96.8,1743.05,No,0,66,3249,nan,0,91.73947368421052,13-24 months,No,4
5895-QSXOD,1,United States,California,Alleghany,95910,"39.467828, -120.841386",39.467828,-120.841386,Male,No,No,No,9,Yes,No,Fiber optic,No,No,No,No,No,No,Month-to-month,No,Mailed check,70.05,657.5,No,0,63,3522,nan,0,73.05555555555556,7-12 months,No,1
6175-IRFIT,1,United States,California,Bangor,95914,"39.396585, -121.38029",39.396585,-121.38029,Male,No,No,No,5,Yes,No,Fiber optic,No,No,No,No,No,Yes,Month-to-month,No,Mailed check,78.75,426.35,No,0,66,2610,nan,0,85.27000000000001,0-6 months,Yes,2
5216-WASFJ,1,United States,California,Challenge,95925,"39.461768, -121.195825",39.461768,-121.195825,Female,Yes,Yes,No,31,Yes,Yes,Fiber optic,No,No,No,No,No,Yes,Month-to-month,Yes,Electronic check,84.85,2633.4,No,0,30,5603,nan,0,84.9483870967742,25-48 months,No,3
4948-WBBKL,1,United States,California,Dunnigan,95937,"38.931425, -121.946081",38.931425,-121.946081,Female,Yes,No,No,36,Yes,Yes,Fiber optic,No,No,No,No,No,No,Month-to-month,Yes,Bank transfer (automatic),74.9,2659.45,No,0,23,5041,nan,0,73.8736111111111,25-48 months,No,2
3717-LNXKW,1,United States,California,Glenn,95943,"39.597975, -122.032248",39.597975,-122.032248,Male,No,Yes,No,38,Yes,Yes,Fiber optic,Yes,No,No,No,Yes,No,Month-to-month,No,Bank transfer (automatic),91.7,3479.05,No,0,36,3676,nan,0,91.55394736842106,25-48 months,No,4
8631-WUXGY,1,United States,California,Magalia,95954,"39.933852, -121.584371",39.933852,-121.584371,Female,No,No,Yes,46,Yes,No,Fiber optic,No,Yes,Yes,No,Yes,Yes,Month-to-month,Yes,Electronic check,99.8,4391.25,No,0,46,2405,nan,0,95.46195652173913,25-48 months,No,5
0921-OHLVP,1,United States,California,Paradise,95969,"39.69676, -121.644379",39.69676,-121.644379,Male,No,No,No,22,Yes,Yes,Fiber optic,No,No,No,No,No,Yes,Month-to-month,No,Electronic check,83.05,1799.3,No,0,59,5357,nan,0,81.78636363636363,13-24 months,No,3
2360-RDGRO,1,United States,California,Sutter,95982,"39.172777, -121.805845",39.172777,-121.805845,Male,No,Yes,No,65,Yes,Yes,Fiber optic,Yes,No,Yes,No,Yes,Yes,Month-to-month,Yes,Electronic check,104.25,6812.95,No,0,70,5089,nan,0,104.81461538461538,49+ months,No,6
9058-MJLZC,1,United States,California,Yuba City,95991,"39.02741, -121.614982",39.02741,-121.614982,Female,No,No,No,24,Yes,No,Fiber optic,Yes,No,No,No,Yes,Yes,Month-to-month,Yes,Electronic check,94.6,2283.15,No,0,42,3667,nan,0,95.13125000000001,13-24 months,No,4
8993-IZEUX,1,United States,California,Adin,96006,"41.171578, -120.913161",41.171578,-120.913161,Male,No,No,No,7,Yes,No,Fiber optic,No,No,No,No,No,No,Month-to-month,No,Bank transfer (automatic),69.15,488.65,No,0,20,4320,nan,0,69.80714285714285,7-12 months,No,1
0899-LIIBW,1,United States,California,Forks Of Salmon,96031,"41.232128, -123.194748",41.232128,-123.194748,Male,No,Yes,No,34,Yes,Yes,Fiber optic,No,No,Yes,No,Yes,Yes,Month-to-month,No,Electronic check,100.85,3527.3,No,0,76,5891,nan,0,103.74411764705883,25-48 months,No,5
1384-RCUXW,1,United States,California,French Gulch,96033,"40.740138, -122.587476",40.740138,-122.587476,Male,No,No,No,16,Yes,Yes,Fiber optic,No,Yes,No,No,No,No,Month-to-month,Yes,Mailed check,80.55,1248.9,No,0,24,5183,nan,0,78.05625,13-24 months,No,3
2305-MRGLV,1,United States,California,Klamath River,96050,"41.816595, -122.948287",41.816595,-122.948287,Male,No,Yes,No,28,Yes,No,Fiber optic,No,No,No,Yes,No,No,Month-to-month,No,Bank transfer (automatic),76.55,2065.4,No,0,71,2085,nan,0,73.76428571428572,25-48 months,No,2
2359-KLTEK,1,United States,California,Lookout,96054,"41.280478, -121.160249",41.280478,-121.160249,Female,No,Yes,Yes,41,Yes,No,Fiber optic,No,No,Yes,No,Yes,Yes,Month-to-month,Yes,Bank transfer (automatic),94.9,3848.0,No,0,53,3539,nan,0,93.85365853658537,25-48 months,No,4
3162-ZJZFU,1,United States,California,Mill Creek,96061,"40.331975, -121.460674",40.331975,-121.460674,Male,No,Yes,Yes,53,Yes,No,Fiber optic,No,Yes,No,Yes,Yes,No,Month-to-month,Yes,Electronic check,92.55,4779.45,No,0,27,4700,nan,0,90.17830188679245,49+ months,No,4
8875-AKBYH,1,United States,California,Mineral,96063,"40.408796, -121.579609",40.408796,-121.579609,Male,Yes,No,No,20,Yes,Yes,Fiber optic,No,No,No,No,Yes,No,Month-to-month,Yes,Electronic check,84.35,1745.2,No,0,70,4915,nan,0,87.26,13-24 months,No,3
1394-SUIUH,1,United States,California,Mount Shasta,96067,"41.33832, -122.290756",41.33832,-122.290756,Female,Yes,Yes,No,44,Yes,No,Fiber optic,Yes,Yes,No,Yes,No,No,Month-to-month,Yes,Electronic check,85.15,3670.5,No,0,45,2672,nan,0,83.42045454545455,25-48 months,No,4
0114-PEGZZ,1,United States,California,Round Mountain,96084,"40.923558, -122.059933",40.923558,-122.059933,Female,No,No,No,33,Yes,Yes,Fiber optic,No,Yes,Yes,No,Yes,Yes,Month-to-month,No,Electronic check,107.55,3645.5,No,0,33,4800,nan,0,110.46969696969697,25-48 months,No,6
3420-YJLQT,1,United States,California,Alturas,96101,"41.468877, -120.54229",41.468877,-120.54229,Female,No,No,No,2,Yes,Yes,Fiber optic,No,Yes,No,No,No,No,Month-to-month,No,Electronic check,79.55,151.75,No,0,24,5965,nan,0,75.875,0-6 months,Yes,3
0089-IIQKO,1,United States,California,Coleville,96107,"38.42528, -119.475741",38.42528,-119.475741,Female,No,Yes,Yes,39,Yes,Yes,Fiber optic,No,No,No,Yes,Yes,Yes,Month-to-month,Yes,Credit card (automatic),99.95,3767.4,No,0,43,4447,nan,0,96.60000000000001,25-48 months,No,5
4298-OYIFC,1,United States,California,Loyalton,96118,"39.637471, -120.226338",39.637471,-120.226338,Male,No,Yes,No,15,Yes,Yes,Fiber optic,No,No,Yes,Yes,Yes,Yes,Month-to-month,Yes,Electronic check,103.45,1539.8,No,0,53,5640,nan,0,102.65333333333334,13-24 months,No,6
3898-GUYTS,1,United States,California,Ravendale,96123,"40.845738, -120.322219",40.845738,-120.322219,Female,Yes,No,No,45,Yes,Yes,Fiber optic,Yes,Yes,No,Yes,Yes,No,Month-to-month,Yes,Electronic check,97.05,4385.05,No,0,34,4735,nan,0,97.44555555555556,25-48 months,No,6
3703-KBKZP,1,United States,California,Standish,96128,"40.346634, -120.386422",40.346634,-120.386422,Male,Yes,No,No,16,Yes,Yes,Fiber optic,No,No,No,No,No,No,Month-to-month,Yes,Bank transfer (automatic),74.45,1261.35,No,0,47,5111,nan,0,78.834375,13-24 months,No,2
5117-IFGPS,1,United States,California,Tahoe City,96145,"39.178337, -120.162806",39.178337,-120.162806,Male,Yes,Yes,No,29,Yes,Yes,Fiber optic,No,No,No,No,No,Yes,Month-to-month,Yes,Electronic check,84.3,2357.75,No,0,67,2217,nan,0,81.30172413793103,25-48 months,No,3
7379-FNIUJ,1,United States,California,Olympic Valley,96146,"39.191797, -120.212401",39.191797,-120.212401,Male,No,No,No,2,Yes,No,Fiber optic,Yes,Yes,No,No,Yes,Yes,Month-to-month,No,Electronic check,100.2,198.5,No,0,23,4855,nan,0,99.25,0-6 months,Yes,5
0060-FUALY,1,United States,California,Los Angeles,90003,"33.964131, -118.272783",33.964131,-118.272783,Female,No,Yes,No,59,Yes,Yes,Fiber optic,Yes,Yes,No,No,Yes,No,Month-to-month,Yes,Electronic check,94.75,5597.65,No,0,26,5238,nan,0,94.87542372881356,49+ months,No,5
7852-LECYP,1,United States,California,Los Angeles,90019,"34.049841, -118.33846",34.049841,-118.33846,Male,Yes,Yes,No,13,Yes,Yes,Fiber optic,Yes,Yes,No,No,No,Yes,Month-to-month,No,Credit card (automatic),93.8,1261.0,No,0,43,5870,nan,0,97.0,13-24 months,No,5
2694-CIUMO,1,United States,California,Los Angeles,90033,"34.050198, -118.210946",34.050198,-118.210946,Female,No,No,No,12,Yes,Yes,Fiber optic,No,No,No,Yes,No,No,Month-to-month,Yes,Credit card (automatic),79.55,958.25,No,0,62,3445,nan,0,79.85416666666667,7-12 months,No,3
2067-QYTCF,1,United States,California,Los Angeles,90057,"34.061918, -118.277939",34.061918,-118.277939,Female,No,Yes,No,64,Yes,Yes,Fiber optic,No,Yes,Yes,Yes,Yes,Yes,Month-to-month,Yes,Electronic check,111.15,6953.4,No,0,55,5455,nan,0,108.646875,49+ months,No,7
9699-UBQFS,1,United States,California,Los Angeles,90065,"34.108833, -118.229715",34.108833,-118.229715,Female,Yes,Yes,No,43,Yes,Yes,Fiber optic,Yes,Yes,No,No,Yes,No,Month-to-month,Yes,Electronic check,94.5,4156.8,No,0,32,4745,nan,0,96.66976744186047,25-48 months,No,5
3320-VEOYC,1,United States,California,Beverly Hills,90210,"34.099891, -118.414338",34.099891,-118.414338,Male,Yes,No,No,14,Yes,Yes,Fiber optic,No,No,No,No,Yes,Yes,Month-to-month,Yes,Electronic check,95.6,1273.3,No,0,78,3502,nan,0,90.95,13-24 months,No,4
7326-RIGQZ,1,United States,California,Culver City,90230,"33.993991, -118.39704",33.993991,-118.39704,Male,No,Yes,Yes,6,Yes,No,Fiber optic,No,No,No,No,No,No,Month-to-month,Yes,Electronic check,69.8,377.85,No,0,62,2651,nan,0,62.975,0-6 months,Yes,1
8118-TJAFG,1,United States,California,Gardena,90247,"33.890853, -118.297967",33.890853,-118.297967,Male,No,Yes,Yes,9,Yes,No,Fiber optic,No,Yes,No,Yes,Yes,Yes,Month-to-month,Yes,Electronic check,101.5,906.85,No,0,60,2757,nan,0,100.76111111111112,7-12 months,No,5
5429-LWCMV,1,United States,California,Gardena,90248,"33.876482, -118.284077",33.876482,-118.284077,Female,No,No,No,12,Yes,Yes,Fiber optic,No,Yes,No,No,No,Yes,Month-to-month,Yes,Electronic check,89.15,1057.55,No,0,80,4041,nan,0,88.12916666666666,7-12 months,No,4
3955-JBZZM,1,United States,California,Hermosa Beach,90254,"33.86532, -118.396336",33.86532,-118.396336,Male,No,No,No,20,Yes,No,Fiber optic,No,No,No,No,Yes,No,Month-to-month,No,Electronic check,78.8,1641.3,No,0,80,2317,nan,0,82.065,13-24 months,No,2
9909-IDLEK,1,United States,California,Malibu,90265,"34.074572, -118.831181",34.074572,-118.831181,Male,No,Yes,Yes,20,Yes,Yes,Fiber optic,No,Yes,No,Yes,Yes,No,Month-to-month,No,Mailed check,96.8,1826.7,No,0,26,3222,nan,0,91.33500000000001,13-24 months,No,5
9927-DSWDF,1,United States,California,Palos Verdes Peninsula,90274,"33.788208, -118.404955",33.788208,-118.404955,Male,No,Yes,No,22,Yes,No,Fiber optic,Yes,Yes,No,Yes,Yes,Yes,Month-to-month,Yes,Electronic check,104.6,2180.55,No,0,68,2429,nan,0,99.1159090909091,13-24 months,No,6
9500-LTVBP,1,United States,California,Rancho Palos Verdes,90275,"33.753146, -118.367459",33.753146,-118.367459,Female,No,No,No,35,Yes,Yes,Fiber optic,No,No,No,Yes,No,No,Month-to-month,No,Credit card (automatic),80.05,2835.9,No,0,31,3999,nan,0,81.02571428571429,25-48 months,No,3
8149-AIQCG,1,United States,California,Redondo Beach,90278,"33.873395, -118.37019",33.873395,-118.37019,Male,No,No,No,39,Yes,Yes,Fiber optic,No,No,No,No,No,No,Month-to-month,Yes,Credit card (automatic),73.15,2730.85,No,0,62,3271,nan,0,70.02179487179487,25-48 months,No,2
0899-WZRSD,1,United States,California,Marina Del Rey,90292,"33.977468, -118.445475",33.977468,-118.445475,Male,No,No,No,56,Yes,Yes,Fiber optic,Yes,No,No,Yes,Yes,Yes,Month-to-month,Yes,Mailed check,105.35,5794.45,No,0,31,5680,nan,0,103.47232142857142,49+ months,No,6
4828-FAZPK,1,United States,California,Inglewood,90301,"33.956445, -118.358634",33.956445,-118.358634,Female,No,Yes,Yes,16,Yes,Yes,Fiber optic,No,Yes,No,No,No,No,Month-to-month,Yes,Credit card (automatic),79.95,1267.95,No,0,65,3855,nan,0,79.246875,13-24 months,No,3
7354-OIJLX,1,United States,California,Inglewood,90305,"33.958134, -118.330905",33.958134,-118.330905,Male,No,No,No,9,Yes,Yes,Fiber optic,No,No,No,No,No,No,Month-to-month,Yes,Electronic check,75.85,724.65,No,0,70,5212,nan,0,80.51666666666667,7-12 months,No,2
1746-TGTWV,1,United States,California,Whittier,90604,"33.929704, -118.01208",33.929704,-118.01208,Male,No,Yes,No,1,Yes,No,Fiber optic,No,No,Yes,No,No,No,Month-to-month,No,Credit card (automatic),75.35,75.35,No,0,70,3514,nan,0,75.35,0-6 months,Yes,2
5995-SNNEW,1,United States,California,Whittier,90605,"33.960891, -118.032222",33.960891,-118.032222,Male,Yes,Yes,No,23,Yes,Yes,Fiber optic,No,Yes,Yes,No,Yes,Yes,Month-to-month,Yes,Electronic check,104.45,2184.85,No,0,37,5883,nan,0,94.99347826086957,13-24 months,No,6
4879-GZLFH,1,United States,California,Buena Park,90621,"33.874224, -117.993368",33.874224,-117.993368,Female,No,Yes,Yes,42,Yes,No,Fiber optic,No,No,Yes,No,Yes,Yes,Month-to-month,Yes,Electronic check,92.15,3875.4,No,0,33,5697,nan,0,92.27142857142857,25-48 months,No,4
2507-QZPQS,1,United States,California,La Mirada,90638,"33.902045, -118.008961",33.902045,-118.008961,Male,No,No,No,15,Yes,Yes,Fiber optic,No,Yes,No,Yes,No,Yes,Month-to-month,No,Electronic check,95.7,1451.1,No,0,23,4999,nan,0,96.74,13-24 months,No,5
8547-NSBBO,1,United States,California,San Pedro,90731,"33.736387, -118.284363",33.736387,-118.284363,Male,No,No,No,35,Yes,Yes,Fiber optic,Yes,Yes,Yes,Yes,No,No,Month-to-month,Yes,Mailed check,96.75,3403.4,No,0,37,5154,nan,0,97.24000000000001,25-48 months,No,6
6591-QGOYB,1,United States,California,Surfside,90743,"33.728273, -118.085304",33.728273,-118.085304,Male,No,No,No,17,Yes,Yes,Fiber optic,Yes,Yes,Yes,Yes,Yes,No,Month-to-month,Yes,Bank transfer (automatic),106.65,1672.1,No,0,25,2754,nan,0,98.35882352941177,13-24 months,No,7
8541-QVFKM,1,United States,California,Long Beach,90807,"33.830099, -118.182239",33.830099,-118.182239,Female,No,No,No,8,Yes,Yes,Fiber optic,No,No,No,No,No,No,Month-to-month,Yes,Electronic check,73.5,632.2,No,0,61,5777,nan,0,79.025,7-12 months,No,2
5371-VYLSX,1,United States,California,Long Beach,90814,"33.771612, -118.143866",33.771612,-118.143866,Female,Yes,No,No,50,Yes,Yes,Fiber optic,Yes,Yes,No,No,No,No,Month-to-month,Yes,Electronic check,83.4,4113.7,No,0,68,4977,nan,0,82.274,49+ months,No,4
7621-VPNET,1,United States,California,Arcadia,91006,"34.137319, -118.029837",34.137319,-118.029837,Female,No,Yes,No,42,Yes,Yes,Fiber optic,No,No,Yes,Yes,No,No,Month-to-month,Yes,Credit card (automatic),85.9,3729.75,No,0,25,2219,nan,0,88.80357142857143,25-48 months,No,4
6034-YMTOB,1,United States,California,Arcadia,91007,"34.128284, -118.047732",34.128284,-118.047732,Female,No,No,No,5,Yes,No,Fiber optic,No,No,No,Yes,No,No,Month-to-month,Yes,Mailed check,75.65,399.45,No,0,40,2296,nan,0,79.89,0-6 months,Yes,2
4188-FRABG,1,United States,California,Sunland,91040,"34.282704, -118.312929",34.282704,-118.312929,Male,No,Yes,No,57,Yes,Yes,Fiber optic,Yes,Yes,Yes,Yes,Yes,No,Month-to-month,Yes,Electronic check,103.05,5925.75,No,0,22,5586,nan,0,103.96052631578948,49+ months,No,7
4128-ETESU,1,United States,California,Pasadena,91101,"34.146635, -118.139225",34.146635,-118.139225,Female,Yes,Yes,No,47,Yes,Yes,Fiber optic,No,No,Yes,No,Yes,Yes,Month-to-month,No,Electronic check,99.7,4747.2,No,0,67,4787,nan,0,101.00425531914894,25-48 months,No,5
0620-DLSLK,1,United States,California,Pasadena,91103,"34.167465, -118.165327",34.167465,-118.165327,Female,No,No,No,13,Yes,No,Fiber optic,No,No,No,No,Yes,No,Month-to-month,Yes,Mailed check,81.9,1028.9,No,0,71,2054,nan,0,79.14615384615385,13-24 months,No,2
3295-YVUSR,1,United States,California,Glendale,91202,"34.167926, -118.267539",34.167926,-118.267539,Male,Yes,No,No,2,Yes,Yes,Fiber optic,No,No,No,No,No,No,Month-to-month,Yes,Mailed check,72.6,154.3,No,0,47,5098,nan,0,77.15,0-6 months,Yes,2
8016-NCFVO,1,United States,California,Glendale,91203,"34.153338, -118.262974",34.153338,-118.262974,Male,Yes,No,No,55,Yes,Yes,Fiber optic,Yes,Yes,Yes,Yes,Yes,Yes,Month-to-month,Yes,Electronic check,116.5,6382.55,No,0,58,4222,nan,0,116.04636363636364,49+ months,No,8
7577-SWIFR,1,United States,California,Glendale,91206,"34.162515, -118.203869",34.162515,-118.203869,Male,No,No,No,1,Yes,No,Fiber optic,No,No,No,No,Yes,Yes,Month-to-month,Yes,Electronic check,89.25,89.25,No,0,28,5579,nan,0,89.25,0-6 months,Yes,3
3797-FKOGQ,1,United States,California,Canoga Park,91303,"34.19829, -118.602203",34.19829,-118.602203,Male,No,No,Yes,11,Yes,Yes,Fiber optic,No,No,No,No,No,Yes,Month-to-month,No,Electronic check,86.2,893.2,No,0,41,3157,nan,0,81.2,7-12 months,No,3
5439-WIKXB,1,United States,California,Newhall,91321,"34.370378, -118.504118",34.370378,-118.504118,Male,Yes,Yes,No,41,Yes,No,Fiber optic,No,Yes,No,No,Yes,Yes,Month-to-month,Yes,Electronic check,94.55,3851.45,No,0,45,4914,nan,0,93.93780487804878,25-48 months,No,4
5928-QLDHB,1,United States,California,San Fernando,91340,"34.286131, -118.435969",34.286131,-118.435969,Male,No,No,No,9,Yes,Yes,Fiber optic,No,No,No,No,No,No,Month-to-month,Yes,Electronic check,76.25,684.85,No,0,62,2062,nan,0,76.09444444444445,7-12 months,No,2
9840-EFJQB,1,United States,California,Sylmar,91342,"34.321621, -118.399841",34.321621,-118.399841,Female,No,No,No,1,Yes,No,Fiber optic,No,Yes,No,No,No,No,Month-to-month,No,Electronic check,74.35,74.35,No,0,80,4237,nan,0,74.35,0-6 months,Yes,2
2080-CAZNM,1,United States,California,Burbank,91502,"34.177267, -118.31003",34.177267,-118.31003,Female,Yes,No,No,41,Yes,Yes,Fiber optic,No,Yes,Yes,No,Yes,Yes,Month-to-month,Yes,Electronic check,104.4,4133.95,No,0,61,4477,nan,0,100.8280487804878,25-48 months,No,6
1028-FFNJK,1,United States,California,Burbank,91504,"34.213049, -118.317651",34.213049,-118.317651,Male,Yes,Yes,No,30,Yes,Yes,Fiber optic,No,No,No,Yes,Yes,Yes,Month-to-month,Yes,Electronic check,101.5,2917.65,No,0,73,4828,nan,0,97.25500000000001,25-48 months,No,5
3001-UNBTL,1,United States,California,Burbank,91506,"34.169706, -118.323548",34.169706,-118.323548,Male,Yes,Yes,Yes,29,Yes,Yes,Fiber optic,No,No,Yes,No,Yes,Yes,Month-to-month,Yes,Electronic check,103.95,2964.8,No,0,58,3733,nan,0,102.2344827586207,25-48 months,No,5
0365-TRTPY,1,United States,California,Covina,91724,"34.08111, -117.853935",34.08111,-117.853935,Female,No,No,No,37,Yes,Yes,Fiber optic,Yes,Yes,Yes,No,No,No,Month-to-month,No,Bank transfer (automatic),91.2,3382.3,No,0,44,5135,nan,0,91.41351351351352,25-48 months,No,5
7668-XCFYV,1,United States,California,Glendora,91741,"34.14649, -117.849815",34.14649,-117.849815,Female,Yes,Yes,No,17,Yes,Yes,Fiber optic,No,No,No,No,Yes,Yes,Month-to-month,Yes,Electronic check,92.55,1614.7,No,0,23,3689,nan,0,94.98235294117647,13-24 months,No,4
4060-LDNLU,1,United States,California,Diamond Bar,91765,"33.992416, -117.807874",33.992416,-117.807874,Male,No,No,No,7,Yes,Yes,Fiber optic,No,No,No,No,Yes,Yes,Month-to-month,No,Electronic check,96.2,639.7,No,0,38,4329,nan,0,91.38571428571429,7-12 months,No,4
4299-SIMNS,1,United States,California,Temple City,91780,"34.101608, -118.055848",34.101608,-118.055848,Male,No,No,No,9,Yes,Yes,Fiber optic,Yes,No,No,No,No,No,Month-to-month,Yes,Electronic check,81.15,784.45,No,0,68,4544,nan,0,87.16111111111111,7-12 months,No,3
6233-HXJMX,1,United States,California,Alpine,91901,"32.827184, -116.703729",32.827184,-116.703729,Female,No,No,No,45,Yes,Yes,Fiber optic,No,No,Yes,No,No,Yes,Month-to-month,Yes,Credit card (automatic),89.3,4192.15,No,0,32,5470,nan,0,93.15888888888888,25-48 months,No,4
3338-CVVEH,1,United States,California,Chula Vista,91913,"32.64164, -116.985026",32.64164,-116.985026,Male,No,No,No,12,Yes,Yes,Fiber optic,No,No,No,No,Yes,Yes,Month-to-month,No,Electronic check,94.55,1173.55,No,0,25,5674,nan,0,97.79583333333333,7-12 months,No,4
2615-YVMYX,1,United States,California,Chula Vista,91915,"32.605012, -116.97595",32.605012,-116.97595,Male,Yes,Yes,No,71,Yes,Yes,Fiber optic,Yes,Yes,Yes,No,Yes,Yes,Month-to-month,Yes,Electronic check,107.5,7713.55,No,0,64,5775,nan,0,108.64154929577465,49+ months,No,7
8486-AYEQH,1,United States,California,Guatay,91931,"32.857946, -116.561917",32.857946,-116.561917,Female,No,No,No,31,Yes,Yes,Fiber optic,No,No,No,No,No,No,Month-to-month,Yes,Electronic check,76.05,2227.8,No,0,63,2421,nan,0,71.86451612903227,25-48 months,No,2
5419-JKZNQ,1,United States,California,La Mesa,91941,"32.759327, -116.99726",32.759327,-116.99726,Male,Yes,Yes,No,30,Yes,Yes,Fiber optic,No,No,No,No,No,No,Month-to-month,No,Mailed check,77.9,2351.45,No,0,49,2009,nan,0,78.38166666666666,25-48 months,No,2
2495-KZNFB,1,United States,California,La Mesa,91942,"32.782501, -117.01611",32.782501,-117.01611,Female,No,No,No,33,Yes,Yes,Fiber optic,Yes,No,No,No,No,Yes,Month-to-month,Yes,Electronic check,90.65,2989.6,No,0,44,4460,nan,0,90.5939393939394,25-48 months,No,4
1061-PNTHC,1,United States,California,Encinitas,92024,"33.054579, -117.25665",33.054579,-117.25665,Female,No,Yes,Yes,56,Yes,Yes,Fiber optic,Yes,No,Yes,Yes,Yes,Yes,Month-to-month,Yes,Mailed check,109.6,5953.0,No,0,67,5012,nan,0,106.30357142857143,49+ months,No,7
2144-BFDSO,1,United States,California,Ranchita,92066,"33.215251, -116.53633",33.215251,-116.53633,Female,Yes,Yes,No,50,Yes,Yes,Fiber optic,Yes,Yes,Yes,No,Yes,Yes,Month-to-month,No,Bank transfer (automatic),108.75,5431.9,No,0,54,5211,nan,0,108.63799999999999,49+ months,No,7
5647-FXOTP,1,United States,California,Santa Ysabel,92070,"33.174725, -116.743329",33.174725,-116.743329,Female,Yes,Yes,No,60,Yes,Yes,Fiber optic,No,Yes,Yes,No,Yes,Yes,Month-to-month,Yes,Electronic check,105.9,6401.25,No,0,40,5084,nan,0,106.6875,49+ months,No,6
6078-VESFR,1,United States,California,Vista,92084,"33.22784, -117.200024",33.22784,-117.200024,Male,Yes,Yes,No,13,Yes,No,Fiber optic,No,No,No,No,No,No,Month-to-month,No,Bank transfer (automatic),70.45,849.1,No,0,53,5225,nan,0,65.31538461538462,13-24 months,No,1
1941-HOSAM,1,United States,California,San Diego,92101,"32.72523, -117.171346",32.72523,-117.171346,Male,No,Yes,Yes,1,Yes,No,Fiber optic,No,No,No,No,Yes,Yes,Month-to-month,Yes,Electronic check,90.1,90.1,No,0,47,4142,nan,0,90.1,0-6 months,Yes,3
1935-IMVBB,1,United States,California,San Diego,92107,"32.741852, -117.243453",32.741852,-117.243453,Male,No,Yes,No,56,Yes,No,Fiber optic,No,No,No,No,Yes,Yes,Month-to-month,No,Mailed check,89.7,4952.95,No,0,49,5955,nan,0,88.44553571428571,49+ months,No,3
3370-GQEAL,1,United States,California,Indio,92201,"33.713891, -116.237257",33.713891,-116.237257,Male,No,Yes,Yes,30,Yes,Yes,Fiber optic,No,No,No,No,Yes,No,Month-to-month,No,Electronic check,85.45,2509.95,No,0,21,3409,nan,0,83.66499999999999,25-48 months,No,3
6559-PDZLR,1,United States,California,Desert Center,92239,"33.889605, -115.257009",33.889605,-115.257009,Male,No,No,No,26,Yes,No,Fiber optic,No,No,Yes,Yes,Yes,Yes,Month-to-month,Yes,Electronic check,98.65,2537.0,No,0,62,4191,nan,0,97.57692307692308,25-48 months,No,5
4273-MBHYA,1,United States,California,Desert Hot Springs,92241,"33.832799, -116.250973",33.832799,-116.250973,Female,No,No,Yes,1,Yes,No,Fiber optic,No,No,No,No,Yes,Yes,Month-to-month,Yes,Electronic check,89.35,89.35,No,0,38,2432,nan,0,89.35,0-6 months,Yes,3
4724-WXVWF,1,United States,California,Earp,92242,"34.137742, -114.36514",34.137742,-114.36514,Male,No,No,No,48,Yes,Yes,Fiber optic,Yes,No,No,Yes,No,Yes,Month-to-month,Yes,Electronic check,95.4,4445.3,No,0,33,4334,nan,0,92.61041666666667,25-48 months,No,5
0112-QAWRZ,1,United States,California,Palo Verde,92266,"33.3249, -114.758334",33.3249,-114.758334,Male,No,Yes,Yes,16,Yes,Yes,Fiber optic,No,No,Yes,No,Yes,No,Month-to-month,Yes,Bank transfer (automatic),90.8,1442.2,No,0,66,5560,nan,0,90.1375,13-24 months,No,4
2786-GCDPI,1,United States,California,Pioneertown,92268,"34.201108, -116.593456",34.201108,-116.593456,Female,Yes,No,No,50,Yes,Yes,Fiber optic,No,No,Yes,Yes,Yes,Yes,Month-to-month,Yes,Electronic check,104.95,5222.35,No,0,39,5570,nan,0,104.447,49+ months,No,6
9701-CDXHR,1,United States,California,Apple Valley,92307,"34.55082, -117.122396",34.55082,-117.122396,Female,No,Yes,No,51,Yes,No,Fiber optic,No,No,No,No,No,No,Month-to-month,No,Mailed check,69.15,3649.6,No,0,55,5187,nan,0,71.56078431372549,49+ months,No,1
5118-MUEYH,1,United States,California,Grand Terrace,92313,"34.029175, -117.307211",34.029175,-117.307211,Female,No,Yes,No,48,Yes,Yes,Fiber optic,No,Yes,No,Yes,Yes,Yes,Month-to-month,Yes,Credit card (automatic),105.1,5083.55,No,0,42,3109,nan,0,105.90729166666667,25-48 months,No,6
4067-HLYQI,1,United States,California,Colton,92324,"34.030915, -117.273201",34.030915,-117.273201,Female,No,No,No,33,Yes,No,Fiber optic,No,No,No,No,No,No,Month-to-month,Yes,Bank transfer (automatic),70.4,2406.1,No,0,29,4860,nan,0,72.9121212121212,25-48 months,No,1
6833-JMZYP,1,United States,California,Hesperia,92345,"34.361387, -117.337509",34.361387,-117.337509,Female,No,No,No,15,Yes,No,Fiber optic,No,No,Yes,No,Yes,Yes,Month-to-month,Yes,Credit card (automatic),94.0,1505.45,No,0,77,4521,nan,0,100.36333333333333,13-24 months,No,4
8490-BXHEO,1,United States,California,Lucerne Valley,92356,"34.508417, -116.856103",34.508417,-116.856103,Male,Yes,No,No,18,Yes,Yes,Fiber optic,No,Yes,No,No,No,No,Month-to-month,Yes,Credit card (automatic),80.55,1411.65,No,0,27,5137,nan,0,78.42500000000001,13-24 months,No,3
4998-IKFSE,1,United States,California,Phelan,92371,"34.441123, -117.537886",34.441123,-117.537886,Female,No,No,No,30,Yes,Yes,Fiber optic,No,No,Yes,No,Yes,Yes,Month-to-month,No,Electronic check,100.45,3096.9,No,0,32,3936,nan,0,103.23,25-48 months,No,5
2455-USLMV,1,United States,California,Redlands,92373,"34.003243, -117.138286",34.003243,-117.138286,Female,No,No,No,31,Yes,Yes,Fiber optic,Yes,No,Yes,No,No,No,Month-to-month,Yes,Credit card (automatic),84.75,2613.4,No,0,35,3727,nan,0,84.30322580645162,25-48 months,No,4
9921-EZKBY,1,United States,California,Tecopa,92389,"35.824572, -116.274755",35.824572,-116.274755,Male,No,No,Yes,33,Yes,Yes,Fiber optic,Yes,No,Yes,No,No,Yes,Month-to-month,Yes,Bank transfer (automatic),95.3,3275.15,No,0,38,3087,nan,0,99.2469696969697,25-48 months,No,5
1833-TCXKK,1,United States,California,San Bernardino,92408,"34.084909, -117.258107",34.084909,-117.258107,Male,No,Yes,No,45,Yes,Yes,Fiber optic,No,Yes,Yes,No,Yes,Yes,Month-to-month,Yes,Bank transfer (automatic),107.75,4882.8,No,0,27,3301,nan,0,108.50666666666667,25-48 months,No,6
2657-VPXTA,1,United States,California,Anza,92539,"33.527605, -116.666551",33.527605,-116.666551,Female,No,Yes,Yes,10,Yes,No,Fiber optic,No,No,No,No,Yes,Yes,Month-to-month,Yes,Electronic check,88.85,929.45,No,0,54,4531,nan,0,92.94500000000001,7-12 months,No,3
6538-POCHL,1,United States,California,Mountain Center,92561,"33.638645, -116.55783",33.638645,-116.55783,Male,No,No,No,33,Yes,No,Fiber optic,No,Yes,Yes,No,No,No,Month-to-month,Yes,Credit card (automatic),79.0,2576.8,No,0,21,4396,nan,0,78.0848484848485,25-48 months,No,3
3002-WQZWT,1,United States,California,Murrieta,92563,"33.581045, -117.14719",33.581045,-117.14719,Female,No,No,No,29,Yes,Yes,Fiber optic,No,No,No,No,No,No,Month-to-month,Yes,Electronic check,74.2,1993.25,No,0,55,3982,nan,0,68.73275862068965,25-48 months,No,2
4912-PIGUY,1,United States,California,Perris,92571,"33.828289, -117.201666",33.828289,-117.201666,Female,No,No,No,1,Yes,Yes,Fiber optic,No,No,No,No,Yes,No,Month-to-month,Yes,Electronic check,84.6,84.6,No,0,46,2196,nan,0,84.6,0-6 months,Yes,3
8990-ZXLSU,1,United States,California,Sun City,92586,"33.707483, -117.200006",33.707483,-117.200006,Female,No,No,No,9,Yes,No,Fiber optic,No,No,No,No,No,No,Month-to-month,No,Electronic check,69.05,651.5,No,0,50,5121,nan,0,72.38888888888889,7-12 months,No,1
6693-FRIRW,1,United States,California,Newport Beach,92661,"33.601309, -117.902304",33.601309,-117.902304,Male,No,No,No,18,Yes,No,Fiber optic,No,Yes,Yes,No,Yes,Yes,Month-to-month,No,Credit card (automatic),101.3,1794.65,No,0,80,5948,nan,0,99.70277777777778,13-24 months,No,5
5044-LRQAQ,1,United States,California,Ladera Ranch,92694,"33.569186, -117.640055",33.569186,-117.640055,Female,No,Yes,No,7,Yes,No,Fiber optic,No,No,No,No,No,No,Month-to-month,Yes,Bank transfer (automatic),69.2,477.55,No,0,73,2551,nan,0,68.22142857142858,7-12 months,No,1
9279-CJEOJ,1,United States,California,Anaheim,92801,"33.844983, -117.952151",33.844983,-117.952151,Female,Yes,No,No,21,Yes,Yes,Fiber optic,No,No,No,No,Yes,Yes,Month-to-month,Yes,Bank transfer (automatic),95.4,2025.1,No,0,47,5691,nan,0,96.43333333333332,13-24 months,No,4
7964-VEXDG,1,United States,California,Anaheim,92802,"33.807864, -117.923782",33.807864,-117.923782,Male,No,No,Yes,21,Yes,Yes,Fiber optic,Yes,No,No,No,No,No,Month-to-month,No,Electronic check,80.35,1747.2,No,0,62,4579,nan,0,83.2,13-24 months,No,3
6646-JPPHA,1,United States,California,Fullerton,92832,"33.868316, -117.929029",33.868316,-117.929029,Female,Yes,No,No,14,Yes,No,Fiber optic,Yes,Yes,No,No,No,No,Month-to-month,No,Electronic check,78.85,1043.8,No,0,44,5327,nan,0,74.55714285714285,13-24 months,No,3
7658-UYUQS,1,United States,California,Fullerton,92835,"33.902211, -117.914922",33.902211,-117.914922,Male,Yes,Yes,No,21,Yes,No,Fiber optic,No,No,Yes,No,Yes,No,Month-to-month,No,Bank transfer (automatic),86.55,1857.25,No,0,67,5318,nan,0,88.44047619047619,13-24 months,No,3
6918-UMQCG,1,United States,California,Orange,92869,"33.792791, -117.789749",33.792791,-117.789749,Female,No,No,No,5,Yes,No,Fiber optic,No,No,No,No,Yes,No,Month-to-month,No,Electronic check,80.2,384.25,No,0,46,3391,nan,0,76.85,0-6 months,Yes,2
1346-PJWTK,1,United States,California,Corona,92880,"33.918043, -117.617809",33.918043,-117.617809,Male,No,Yes,No,61,Yes,No,Fiber optic,No,Yes,Yes,Yes,No,Yes,Month-to-month,No,Credit card (automatic),94.15,5731.85,No,0,70,4806,nan,0,93.96475409836066,49+ months,No,5
8023-QHAIO,1,United States,California,Corona,92882,"33.819385, -117.600213",33.819385,-117.600213,Female,Yes,Yes,No,56,Yes,Yes,Fiber optic,No,No,No,Yes,No,No,Month-to-month,Yes,Bank transfer (automatic),76.85,4275.75,No,0,66,6035,nan,0,76.35267857142857,49+ months,No,3
2270-CHBFN,1,United States,California,Ventura,93004,"34.278697, -119.167798",34.278697,-119.167798,Female,No,Yes,No,44,Yes,Yes,Fiber optic,Yes,Yes,Yes,Yes,No,No,Month-to-month,Yes,Credit card (automatic),95.1,4060.55,No,0,20,2221,nan,0,92.28522727272728,25-48 months,No,6
5982-FPVQN,1,United States,California,Camarillo,93012,"34.205504, -118.993111",34.205504,-118.993111,Female,No,Yes,Yes,37,Yes,Yes,Fiber optic,No,Yes,Yes,No,No,Yes,Month-to-month,Yes,Electronic check,95.15,3532.85,No,0,22,3407,nan,0,95.48243243243243,25-48 months,No,5
0027-KWYKW,1,United States,California,Alpaugh,93201,"35.869626, -119.498771",35.869626,-119.498771,Female,No,Yes,Yes,23,Yes,Yes,Fiber optic,No,No,No,No,Yes,No,Month-to-month,Yes,Electronic check,83.75,1849.95,No,0,78,3585,nan,0,80.43260869565218,13-24 months,No,3
9432-VOFYX,1,United States,California,Delano,93215,"35.772244, -119.209689",35.772244,-119.209689,Male,No,No,No,17,Yes,No,Fiber optic,No,No,No,No,No,No,Month-to-month,Yes,Electronic check,70.8,1207.0,No,0,56,5420,nan,0,71.0,13-24 months,No,1
6847-KJLTS,1,United States,California,Frazier Park,93225,"34.827662, -118.999073",34.827662,-118.999073,Female,Yes,Yes,No,58,Yes,Yes,Fiber optic,No,No,No,Yes,Yes,Yes,Month-to-month,Yes,Bank transfer (automatic),100.4,5749.8,No,0,64,4005,nan,0,99.13448275862069,49+ months,No,5
4462-CYWMH,1,United States,California,Lindsay,93247,"36.205465, -119.085807",36.205465,-119.085807,Male,Yes,Yes,No,62,Yes,Yes,Fiber optic,No,Yes,No,No,No,Yes,Month-to-month,Yes,Bank transfer (automatic),89.8,5629.55,No,0,67,4981,nan,0,90.7991935483871,49+ months,No,4
9334-GWGOW,1,United States,California,Mc Kittrick,93251,"35.38381, -119.730885",35.38381,-119.730885,Male,Yes,Yes,No,7,Yes,Yes,Fiber optic,No,No,No,No,No,No,Month-to-month,Yes,Electronic check,74.85,485.25,No,0,44,2259,nan,0,69.32142857142857,7-12 months,No,2
3096-GKWEB,1,United States,California,Bakersfield,93306,"35.449881, -118.841442",35.449881,-118.841442,Male,No,Yes,No,18,Yes,Yes,Fiber optic,No,No,No,No,Yes,Yes,Month-to-month,Yes,Electronic check,94.75,1691.9,No,0,40,4477,nan,0,93.99444444444445,13-24 months,No,4
2371-JQHZZ,1,United States,California,Bakersfield,93307,"35.280113, -118.962329",35.280113,-118.962329,Male,No,Yes,No,24,Yes,Yes,Fiber optic,No,No,No,No,Yes,Yes,Month-to-month,Yes,Electronic check,93.0,2248.05,No,0,29,5886,nan,0,93.66875,13-24 months,No,4
2824-MYYBN,1,United States,California,Bakersfield,93313,"35.140938, -119.051348",35.140938,-119.051348,Female,No,Yes,Yes,37,Yes,Yes,Fiber optic,No,No,No,No,Yes,Yes,Month-to-month,Yes,Electronic check,95.25,3314.15,No,0,29,2969,nan,0,89.57162162162163,25-48 months,No,4
0147-ESWWR,1,United States,California,Atascadero,93422,"35.453912, -120.69461",35.453912,-120.69461,Female,Yes,Yes,No,39,Yes,Yes,Fiber optic,No,No,No,Yes,Yes,Yes,Month-to-month,Yes,Electronic check,101.25,3949.15,No,0,77,3172,nan,0,101.26025641025642,25-48 months,No,5
4983-CCWMC,1,United States,California,Creston,93432,"35.480896, -120.469476",35.480896,-120.469476,Male,No,No,No,3,Yes,No,Fiber optic,No,No,No,No,No,No,Month-to-month,Yes,Mailed check,69.6,207.4,No,0,39,5487,nan,0,69.13333333333334,0-6 months,Yes,1
5399-ZIMKF,1,United States,California,San Simeon,93452,"35.746484, -121.223355",35.746484,-121.223355,Male,No,No,No,5,Yes,No,Fiber optic,No,Yes,No,No,No,No,Month-to-month,Yes,Electronic check,74.65,383.65,No,0,34,3319,nan,0,76.72999999999999,0-6 months,Yes,2
6719-OXYBR,1,United States,California,California City,93505,"35.151491, -117.927597",35.151491,-117.927597,Male,No,No,No,15,Yes,No,Fiber optic,No,No,Yes,No,Yes,No,Month-to-month,No,Electronic check,85.3,1219.85,No,0,51,5559,nan,0,81.32333333333332,13-24 months,No,3
3312-ZWLGF,1,United States,California,Acton,93510,"34.501452, -118.207862",34.501452,-118.207862,Male,Yes,Yes,No,29,Yes,Yes,Fiber optic,No,No,No,Yes,No,No,Month-to-month,Yes,Electronic check,79.3,2414.55,No,0,21,3172,nan,0,83.26034482758621,25-48 months,No,3
0168-XZKBB,1,United States,California,Boron,93516,"34.95703, -117.73045",34.95703,-117.73045,Female,No,Yes,No,19,Yes,Yes,Fiber optic,No,No,No,No,Yes,No,Month-to-month,Yes,Electronic check,86.85,1564.4,No,0,64,5072,nan,0,82.33684210526316,13-24 months,No,3
7072-MBHEV,1,United States,California,Edwards,93523,"34.966777, -117.961179",34.966777,-117.961179,Female,Yes,Yes,Yes,11,Yes,Yes,Fiber optic,No,No,Yes,No,No,No,Month-to-month,Yes,Credit card (automatic),78.1,864.85,No,0,50,2333,nan,0,78.62272727272727,7-12 months,No,3
7824-PANSQ,1,United States,California,Mammoth Lakes,93546,"37.550074, -118.837167",37.550074,-118.837167,Male,No,No,No,58,Yes,Yes,Fiber optic,No,No,No,Yes,No,No,Month-to-month,No,Bank transfer (automatic),80.65,4807.35,No,0,33,6043,nan,0,82.88534482758621,49+ months,No,3
1580-BMCMR,1,United States,California,Tehachapi,93561,"35.073777, -118.652112",35.073777,-118.652112,Male,Yes,No,No,19,Yes,No,Fiber optic,Yes,No,No,No,No,Yes,Month-to-month,Yes,Electronic check,87.3,1637.3,No,0,70,4447,nan,0,86.17368421052632,13-24 months,No,3
4686-UXDML,1,United States,California,Cutler,93615,"36.497895, -119.285484",36.497895,-119.285484,Female,No,No,No,21,Yes,Yes,Fiber optic,No,Yes,No,No,Yes,Yes,Month-to-month,Yes,Credit card (automatic),99.85,1992.55,No,0,74,2113,nan,0,94.88333333333333,13-24 months,No,5
5937-EORGB,1,United States,California,Five Points,93624,"36.397745, -120.119911",36.397745,-120.119911,Male,Yes,Yes,No,15,Yes,Yes,Fiber optic,Yes,No,Yes,No,Yes,No,Month-to-month,Yes,Electronic check,96.5,1392.25,No,0,61,2394,nan,0,92.81666666666666,13-24 months,No,5
4583-PARNH,1,United States,California,Kerman,93630,"36.727418, -120.123526",36.727418,-120.123526,Male,Yes,Yes,No,16,Yes,No,Fiber optic,No,No,Yes,Yes,No,Yes,Month-to-month,Yes,Electronic check,91.55,1540.05,No,0,46,4045,nan,0,96.253125,13-24 months,No,4
1421-HCERK,1,United States,California,Lakeshore,93634,"37.290606, -119.216328",37.290606,-119.216328,Male,Yes,Yes,No,30,Yes,Yes,Fiber optic,Yes,Yes,Yes,Yes,Yes,No,Month-to-month,Yes,Bank transfer (automatic),105.7,3181.8,No,0,54,2455,nan,0,106.06,25-48 months,No,7
9633-XQABV,1,United States,California,Los Banos,93635,"36.995162, -120.955099",36.995162,-120.955099,Female,No,No,No,3,Yes,No,Fiber optic,No,No,No,No,No,No,Month-to-month,Yes,Electronic check,70.25,229.7,No,0,46,2156,nan,0,76.56666666666666,0-6 months,Yes,1
1818-ESQMW,1,United States,California,San Joaquin,93660,"36.600193, -120.153393",36.600193,-120.153393,Female,No,No,No,27,Yes,No,Fiber optic,No,No,Yes,Yes,No,Yes,Month-to-month,Yes,Electronic check,89.2,2383.6,No,0,54,4384,nan,0,88.28148148148148,25-48 months,No,4
7401-RUBNK,1,United States,California,South Dos Palos,93665,"36.959731, -120.653519",36.959731,-120.653519,Female,No,Yes,No,18,Yes,No,Fiber optic,Yes,No,No,No,No,No,Month-to-month,No,Electronic check,74.8,1438.05,No,0,39,4809,nan,0,79.89166666666667,13-24 months,No,2
7233-DRTRF,1,United States,California,Fresno,93701,"36.749403, -119.787574",36.749403,-119.787574,Male,No,Yes,No,63,Yes,Yes,Fiber optic,No,Yes,Yes,No,Yes,Yes,Month-to-month,Yes,Electronic check,102.4,6444.05,No,0,43,5096,nan,0,102.28650793650795,49+ months,No,6
7048-GXDAY,1,United States,California,Fresno,93705,"36.78724, -119.827813",36.78724,-119.827813,Male,No,No,No,39,Yes,Yes,Fiber optic,Yes,Yes,No,No,Yes,Yes,Month-to-month,Yes,Electronic check,106.4,4040.65,No,0,66,4111,nan,0,103.60641025641026,25-48 months,No,6
1169-WCVAK,1,United States,California,Fresno,93710,"36.822715, -119.761826",36.822715,-119.761826,Male,No,Yes,No,19,Yes,Yes,Fiber optic,Yes,Yes,No,Yes,No,No,Month-to-month,Yes,Credit card (automatic),88.8,1672.35,No,0,63,4600,nan,0,88.01842105263158,13-24 months,No,5
7129-CAKJW,1,United States,California,Fresno,93721,"36.732694, -119.783786",36.732694,-119.783786,Female,No,No,No,17,Yes,Yes,Fiber optic,No,No,Yes,No,No,No,Month-to-month,No,Bank transfer (automatic),80.05,1345.65,No,0,27,3443,nan,0,79.15588235294118,13-24 months,No,3
8695-ARGXZ,1,United States,California,Fresno,93722,"36.78979, -119.929894",36.78979,-119.929894,Male,Yes,Yes,No,34,Yes,Yes,Fiber optic,No,No,No,No,No,No,Month-to-month,Yes,Electronic check,75.55,2425.4,No,0,22,5381,nan,0,71.33529411764707,25-48 months,No,2
8132-YPVBX,1,United States,California,Salinas,93907,"36.77462, -121.664714",36.77462,-121.664714,Female,No,No,No,6,Yes,No,Fiber optic,No,Yes,No,No,No,Yes,Month-to-month,Yes,Mailed check,85.95,514.6,No,0,80,3291,nan,0,85.76666666666667,0-6 months,Yes,3
9112-WSNPU,1,United States,California,Monterey,93940,"36.362741, -121.869685",36.362741,-121.869685,Female,Yes,No,No,35,Yes,No,Fiber optic,No,No,No,No,No,No,Month-to-month,No,Electronic check,70.55,2419.0,No,0,45,5873,nan,0,69.11428571428571,25-48 months,No,1
3161-GETRM,1,United States,California,Soledad,93960,"36.414216, -121.360597",36.414216,-121.360597,Male,No,Yes,Yes,34,Yes,Yes,Fiber optic,No,No,Yes,No,No,Yes,Month-to-month,Yes,Credit card (automatic),90.05,3097.0,No,0,59,4648,nan,0,91.08823529411765,25-48 months,No,4
5055-MGMGF,1,United States,California,Half Moon Bay,94019,"37.45567, -122.407992",37.45567,-122.407992,Female,No,Yes,No,65,Yes,Yes,Fiber optic,Yes,No,Yes,No,Yes,Yes,Month-to-month,Yes,Electronic check,105.05,6914.95,No,0,53,5313,nan,0,106.38384615384615,49+ months,No,6
2077-MPJQO,1,United States,California,Menlo Park,94025,"37.449551, -122.183762",37.449551,-122.183762,Male,Yes,Yes,No,7,Yes,Yes,Fiber optic,No,No,No,No,No,No,Month-to-month,Yes,Electronic check,75.4,533.05,No,0,41,3533,nan,0,76.14999999999999,7-12 months,No,2
2905-KFQUV,1,United States,California,Moss Beach,94038,"37.515556, -122.502311",37.515556,-122.502311,Female,No,Yes,No,2,Yes,No,Fiber optic,No,No,No,No,No,No,Month-to-month,Yes,Credit card (automatic),70.4,154.8,No,0,39,5748,nan,0,77.4,0-6 months,Yes,1
3370-HXOPH,1,United States,California,Mountain View,94041,"37.388349, -122.075299",37.388349,-122.075299,Female,No,No,No,3,Yes,Yes,Fiber optic,No,No,No,No,No,No,Month-to-month,No,Electronic check,76.1,257.6,No,0,25,2650,nan,0,85.86666666666667,0-6 months,Yes,2
9584-EXCDZ,1,United States,California,San Francisco,94103,"37.773147, -122.411287",37.773147,-122.411287,Female,No,No,No,17,Yes,No,Fiber optic,No,No,No,No,No,No,Month-to-month,No,Bank transfer (automatic),70.5,1165.6,No,0,53,3650,nan,0,68.56470588235294,13-24 months,No,1
2122-YWVYA,1,United States,California,San Francisco,94116,"37.74441, -122.486764",37.74441,-122.486764,Female,No,No,No,18,Yes,No,Fiber optic,Yes,No,No,No,No,No,Month-to-month,Yes,Electronic check,75.4,1380.4,No,0,53,4792,nan,0,76.6888888888889,13-24 months,No,2
9943-VSZUV,1,United States,California,Alamo,94507,"37.855717, -121.994813",37.855717,-121.994813,Male,Yes,No,No,67,Yes,Yes,Fiber optic,No,No,No,No,No,No,Month-to-month,Yes,Mailed check,75.7,5060.85,No,0,30,5823,nan,0,75.53507462686568,49+ months,No,2
1628-BIZYP,1,United States,California,Brentwood,94513,"37.908242, -121.682472",37.908242,-121.682472,Male,No,No,No,1,Yes,No,Fiber optic,No,Yes,No,No,No,Yes,Month-to-month,Yes,Electronic check,85.0,85.0,No,0,46,5754,nan,0,85.0,0-6 months,Yes,3
9355-NPPFS,1,United States,California,Fremont,94538,"37.505768, -121.962472",37.505768,-121.962472,Female,Yes,No,No,26,Yes,No,Fiber optic,No,No,No,No,No,Yes,Month-to-month,Yes,Electronic check,78.8,2006.1,No,0,37,4509,nan,0,77.1576923076923,25-48 months,No,2
8035-PWSEV,1,United States,California,Hayward,94542,"37.656695, -122.048361",37.656695,-122.048361,Female,No,No,No,6,Yes,No,Fiber optic,No,No,Yes,Yes,No,Yes,Month-to-month,Yes,Electronic check,89.25,487.05,No,0,76,4430,nan,0,81.175,0-6 months,Yes,4
5828-DWPIL,1,United States,California,Livermore,94550,"37.571748, -121.659562",37.571748,-121.659562,Male,Yes,Yes,No,62,Yes,Yes,Fiber optic,Yes,Yes,Yes,No,No,No,Month-to-month,Yes,Electronic check,89.1,5618.3,No,0,25,4415,nan,0,90.61774193548388,49+ months,No,5
9971-ZWPBF,1,United States,California,Orinda,94563,"37.873916, -122.20522",37.873916,-122.20522,Male,Yes,Yes,Yes,34,Yes,Yes,Fiber optic,No,Yes,Yes,Yes,Yes,Yes,Month-to-month,Yes,Electronic check,108.9,3625.2,No,0,24,5151,nan,0,106.62352941176471,25-48 months,No,7
8421-WZOOW,1,United States,California,Rio Vista,94571,"38.148862, -121.737696",38.148862,-121.737696,Female,Yes,Yes,Yes,57,Yes,No,Fiber optic,No,Yes,Yes,Yes,Yes,No,Month-to-month,Yes,Credit card (automatic),95.3,5567.45,No,0,23,4912,nan,0,97.67456140350878,49+ months,No,5
5816-QVHRX,1,United States,California,San Leandro,94579,"37.687264, -122.15728",37.687264,-122.15728,Female,No,No,No,37,Yes,Yes,Fiber optic,No,No,No,Yes,Yes,Yes,Month-to-month,No,Credit card (automatic),100.3,3541.4,No,0,44,4040,nan,0,95.71351351351352,25-48 months,No,5
3842-QTGDL,1,United States,California,Walnut Creek,94595,"37.862128, -122.075197",37.862128,-122.075197,Male,No,Yes,No,16,Yes,No,Fiber optic,Yes,Yes,No,No,No,No,Month-to-month,No,Bank transfer (automatic),80.75,1321.3,No,0,55,2942,nan,0,82.58125,13-24 months,No,3
4673-KKSLS,1,United States,California,Oakland,94605,"37.758019, -122.138678",37.758019,-122.138678,Female,No,No,No,31,Yes,No,Fiber optic,Yes,No,Yes,Yes,No,No,Month-to-month,No,Electronic check,87.6,2724.25,No,0,48,5094,nan,0,87.87903225806451,25-48 months,No,4
4853-OITSN,1,United States,California,Oakland,94606,"37.792489, -122.244314",37.792489,-122.244314,Male,No,Yes,No,5,Yes,Yes,Fiber optic,Yes,No,No,No,No,Yes,Month-to-month,Yes,Electronic check,89.15,413.25,No,0,27,2576,nan,0,82.65,0-6 months,Yes,4
0239-OXEXL,1,United States,California,Oakland,94619,"37.787186, -122.14633",37.787186,-122.14633,Female,No,No,No,46,Yes,Yes,Fiber optic,Yes,Yes,No,No,No,No,Month-to-month,No,Mailed check,84.25,3847.6,No,0,49,3509,nan,0,83.64347826086956,25-48 months,No,4
5271-DBYSJ,1,United States,California,Berkeley,94708,"37.897743, -122.263124",37.897743,-122.263124,Male,Yes,No,No,11,Yes,No,Fiber optic,No,No,No,No,No,Yes,Month-to-month,Yes,Credit card (automatic),79.15,827.7,No,0,20,3355,nan,0,75.24545454545455,7-12 months,No,2
1472-TNCWL,1,United States,California,El Sobrante,94803,"37.963995, -122.288296",37.963995,-122.288296,Male,No,No,Yes,36,Yes,No,Fiber optic,No,Yes,No,No,Yes,Yes,Month-to-month,Yes,Electronic check,94.7,3512.5,No,0,76,4671,nan,0,97.56944444444444,25-48 months,No,4
2080-GKCWQ,1,United States,California,San Pablo,94806,"37.980269, -122.342635",37.980269,-122.342635,Male,No,No,No,2,Yes,No,Fiber optic,No,Yes,No,No,No,No,Month-to-month,No,Electronic check,74.95,151.75,No,0,76,3969,nan,0,75.875,0-6 months,Yes,2
3462-BJQQA,1,United States,California,Belvedere Tiburon,94920,"37.885629, -122.46858",37.885629,-122.46858,Female,No,No,No,6,Yes,Yes,Fiber optic,No,Yes,No,No,Yes,No,Month-to-month,Yes,Electronic check,89.75,552.65,No,0,63,2370,nan,0,92.10833333333333,0-6 months,Yes,4
2325-NBPZG,1,United States,California,Novato,94949,"38.067204, -122.524004",38.067204,-122.524004,Female,No,No,No,3,Yes,No,Fiber optic,Yes,No,No,No,No,No,Month-to-month,Yes,Electronic check,74.55,233.65,No,0,58,5125,nan,0,77.88333333333334,0-6 months,Yes,2
9714-EDSUC,1,United States,California,Alviso,95002,"37.449537, -121.994813",37.449537,-121.994813,Male,No,No,No,4,Yes,No,Fiber optic,Yes,Yes,No,Yes,No,Yes,Month-to-month,Yes,Mailed check,94.9,360.55,No,0,22,3094,nan,0,90.1375,0-6 months,Yes,5
7537-CBQUZ,1,United States,California,Castroville,95012,"36.784481, -121.759054",36.784481,-121.759054,Male,Yes,No,No,63,Yes,Yes,Fiber optic,Yes,Yes,Yes,No,Yes,Yes,Month-to-month,Yes,Bank transfer (automatic),109.4,7031.45,No,0,24,5961,nan,0,111.61031746031746,49+ months,No,7
1689-YQBYY,1,United States,California,Los Gatos,95030,"37.222842, -121.988727",37.222842,-121.988727,Female,No,No,Yes,12,Yes,Yes,Fiber optic,No,No,No,No,No,No,Month-to-month,Yes,Electronic check,76.6,893.0,No,0,61,3280,nan,0,74.41666666666667,7-12 months,No,2
2959-FENLU,1,United States,California,Los Gatos,95033,"37.160194, -121.945611",37.160194,-121.945611,Female,No,No,No,9,Yes,No,Fiber optic,No,No,Yes,No,No,Yes,Month-to-month,Yes,Credit card (automatic),85.3,781.4,No,0,28,5850,nan,0,86.82222222222222,7-12 months,No,3
0487-RPVUM,1,United States,California,Mount Hermon,95041,"37.051166, -122.056194",37.051166,-122.056194,Male,No,Yes,No,61,Yes,Yes,Fiber optic,Yes,No,Yes,Yes,Yes,No,Month-to-month,No,Bank transfer (automatic),99.4,5943.65,No,0,44,5404,nan,0,97.43688524590164,49+ months,No,6
4884-ZTHVF,1,United States,California,Santa Cruz,95065,"37.031404, -121.981865",37.031404,-121.981865,Female,Yes,No,No,8,Yes,No,Fiber optic,No,Yes,No,No,Yes,No,Month-to-month,Yes,Electronic check,87.1,713.6,No,0,65,3950,nan,0,89.2,7-12 months,No,3
3055-OYMSE,1,United States,California,Saratoga,95070,"37.257772, -122.051824",37.257772,-122.051824,Female,Yes,No,No,53,Yes,No,Fiber optic,No,Yes,No,No,No,No,Month-to-month,Yes,Credit card (automatic),73.8,4003.85,No,0,45,6469,nan,0,75.5443396226415,49+ months,No,2
5119-KEPFY,1,United States,California,San Jose,95131,"37.387027, -121.897775",37.387027,-121.897775,Male,No,Yes,No,36,Yes,Yes,Fiber optic,No,No,No,No,Yes,Yes,Month-to-month,Yes,Bank transfer (automatic),95.0,3440.25,No,0,64,3057,nan,0,95.5625,25-48 months,No,4
9605-WGJVW,1,United States,California,Stockton,95204,"37.974498, -121.319568",37.974498,-121.319568,Female,Yes,No,No,1,Yes,No,Fiber optic,No,No,No,No,No,No,Month-to-month,Yes,Electronic check,70.2,70.2,No,0,47,2422,nan,0,70.2,0-6 months,Yes,1
9812-GHVRI,1,United States,California,Clements,95227,"38.227285, -121.02789",38.227285,-121.02789,Female,No,No,No,40,Yes,Yes,Fiber optic,No,No,No,No,No,Yes,Month-to-month,No,Bank transfer (automatic),83.85,3532.25,No,0,31,4294,nan,0,88.30625,25-48 months,No,3
1228-ZLNBX,1,United States,California,Farmington,95230,"37.956963, -120.863055",37.956963,-120.863055,Male,No,No,No,21,Yes,Yes,Fiber optic,No,No,No,No,No,No,Month-to-month,No,Mailed check,75.3,1570.7,No,0,50,2847,nan,0,74.79523809523809,13-24 months,No,2
3317-VLGQT,1,United States,California,Wallace,95254,"38.192608, -120.957842",38.192608,-120.957842,Female,No,Yes,No,14,Yes,No,Fiber optic,No,No,No,No,No,Yes,Month-to-month,Yes,Electronic check,78.1,1122.4,No,0,68,3157,nan,0,80.17142857142858,13-24 months,No,2
4833-QTJNO,1,United States,California,Coulterville,95311,"37.722127, -120.110174",37.722127,-120.110174,Male,Yes,Yes,No,67,Yes,Yes,Fiber optic,Yes,Yes,No,No,No,No,Month-to-month,No,Bank transfer (automatic),83.85,5588.8,No,0,49,5261,nan,0,83.41492537313434,49+ months,No,4
2322-VCZHZ,1,United States,California,El Portal,95318,"37.654551, -119.822984",37.654551,-119.822984,Male,Yes,Yes,No,23,Yes,No,Fiber optic,Yes,Yes,No,No,No,Yes,Month-to-month,Yes,Electronic check,90.0,2024.1,No,0,50,4999,nan,0,88.00434782608696,13-24 months,No,4
5222-IMUKT,1,United States,California,Hornitos,95325,"37.479926, -120.230424",37.479926,-120.230424,Male,No,No,No,32,Yes,No,Fiber optic,No,No,No,No,Yes,Yes,Month-to-month,No,Electronic check,91.05,2871.5,No,0,80,2716,nan,0,89.734375,25-48 months,No,3
0118-JPNOY,1,United States,California,Le Grand,95333,"37.249377, -120.249581",37.249377,-120.249581,Female,Yes,No,No,26,Yes,No,Fiber optic,Yes,No,No,No,Yes,No,Month-to-month,Yes,Credit card (automatic),85.8,2193.65,No,0,46,5700,nan,0,84.37115384615385,25-48 months,No,3
4343-EJVQB,1,United States,California,Mariposa,95338,"37.526791, -119.99437",37.526791,-119.99437,Male,No,No,No,7,Yes,No,Fiber optic,Yes,No,No,No,No,No,Month-to-month,No,Mailed check,74.35,533.6,No,0,51,2463,nan,0,76.22857142857143,7-12 months,No,2
3427-GGZZI,1,United States,California,Midpines,95345,"37.581496, -119.972762",37.581496,-119.972762,Female,No,Yes,No,19,Yes,Yes,Fiber optic,No,Yes,No,No,No,Yes,Month-to-month,Yes,Electronic check,89.1,1620.8,No,0,66,3624,nan,0,85.30526315789473,13-24 months,No,4
0644-OQMDK,1,United States,California,Merced,95348,"37.40122, -120.514191",37.40122,-120.514191,Male,Yes,No,No,4,Yes,No,Fiber optic,No,No,No,No,No,No,Month-to-month,Yes,Electronic check,70.65,293.85,No,0,34,4510,nan,0,73.4625,0-6 months,Yes,1
3154-CFSZG,1,United States,California,Modesto,95351,"37.621458, -121.012295",37.621458,-121.012295,Male,No,Yes,Yes,47,Yes,No,Fiber optic,Yes,No,Yes,No,No,Yes,Month-to-month,No,Electronic check,90.05,4137.2,No,0,78,3291,nan,0,88.02553191489362,25-48 months,No,4
1658-XUHBX,1,United States,California,Modesto,95357,"37.670526, -120.877572",37.670526,-120.877572,Female,Yes,Yes,Yes,59,Yes,Yes,Fiber optic,No,No,Yes,No,No,Yes,Month-to-month,Yes,Credit card (automatic),88.75,5348.65,No,0,21,6492,nan,0,90.65508474576271,49+ months,No,4
2378-HTWFW,1,United States,California,Newman,95360,"37.343846, -121.039391",37.343846,-121.039391,Male,Yes,No,No,35,Yes,Yes,Fiber optic,Yes,No,No,No,No,Yes,Month-to-month,No,Credit card (automatic),91.0,3180.5,No,0,35,5527,nan,0,90.87142857142857,25-48 months,No,4
0439-IFYUN,1,United States,California,Westley,95387,"37.546007, -121.28257",37.546007,-121.28257,Female,Yes,No,No,18,Yes,No,Fiber optic,No,Yes,No,No,No,No,Month-to-month,Yes,Electronic check,74.7,1294.6,No,0,62,3896,nan,0,71.92222222222222,13-24 months,No,2
6458-CYIDZ,1,United States,California,Albion,95410,"39.225694, -123.717354",39.225694,-123.717354,Female,Yes,No,No,5,Yes,No,Fiber optic,Yes,Yes,No,No,No,No,Month-to-month,No,Electronic check,80.7,374.8,No,0,51,3468,nan,0,74.96000000000001,0-6 months,Yes,3
2279-AXJJK,1,United States,California,Cazadero,95421,"38.578807, -123.19338",38.578807,-123.19338,Male,No,Yes,No,52,Yes,Yes,Fiber optic,No,Yes,No,Yes,No,Yes,Month-to-month,Yes,Credit card (automatic),95.65,5088.4,No,0,45,4465,nan,0,97.85384615384615,49+ months,No,5
0130-SXOUN,1,United States,California,Glenhaven,95443,"39.045246, -122.743181",39.045246,-122.743181,Male,No,No,No,66,Yes,Yes,Fiber optic,No,Yes,No,No,No,Yes,Month-to-month,No,Credit card (automatic),89.4,5976.9,No,0,49,4889,nan,0,90.5590909090909,49+ months,No,4
1932-UEDCX,1,United States,California,Manchester,95459,"38.966713, -123.586412",38.966713,-123.586412,Male,Yes,Yes,No,33,Yes,Yes,Fiber optic,No,Yes,No,No,Yes,Yes,Month-to-month,Yes,Bank transfer (automatic),100.6,3270.25,No,0,55,3669,nan,0,99.09848484848484,25-48 months,No,5
5188-HGMLP,1,United States,California,Middletown,95461,"38.787446, -122.58675",38.787446,-122.58675,Male,Yes,Yes,No,54,Yes,Yes,Fiber optic,No,No,No,No,No,No,Month-to-month,No,Bank transfer (automatic),74.0,3919.15,No,0,30,4991,nan,0,72.57685185185186,49+ months,No,2
5331-RGMTT,1,United States,California,Point Arena,95468,"38.911299, -123.609588",38.911299,-123.609588,Male,Yes,Yes,No,54,Yes,Yes,Fiber optic,No,No,Yes,No,Yes,Yes,Month-to-month,Yes,Credit card (automatic),99.05,5295.7,No,0,34,4011,nan,0,98.06851851851852,49+ months,No,5
7823-JSOAG,1,United States,California,Sonoma,95476,"38.25485, -122.461799",38.25485,-122.461799,Male,No,No,No,3,Yes,Yes,Fiber optic,No,No,No,No,No,No,Month-to-month,No,Electronic check,74.5,217.45,No,0,36,5203,nan,0,72.48333333333333,0-6 months,Yes,2
2985-FMWYF,1,United States,California,Myers Flat,95554,"40.267158, -123.805913",40.267158,-123.805913,Female,No,No,No,23,Yes,Yes,Fiber optic,No,No,No,No,Yes,Yes,Month-to-month,Yes,Electronic check,93.5,2341.55,No,0,73,4861,nan,0,101.80652173913045,13-24 months,No,4
3422-GALYP,1,United States,California,Phillipsville,95559,"40.184094, -123.745487",40.184094,-123.745487,Male,No,No,No,2,Yes,Yes,Fiber optic,No,Yes,No,No,No,No,Month-to-month,Yes,Electronic check,79.45,145.15,No,0,65,2657,nan,0,72.575,0-6 months,Yes,3
7356-IWLFW,1,United States,California,Weott,95571,"40.310119, -123.909449",40.310119,-123.909449,Male,No,Yes,Yes,46,Yes,Yes,Fiber optic,No,Yes,No,No,No,No,Month-to-month,Yes,Bank transfer (automatic),80.0,3769.7,No,0,51,3315,nan,0,81.95,25-48 months,No,3
5442-BHQNG,1,United States,California,Brooks,95606,"38.809804, -122.241383",38.809804,-122.241383,Female,No,No,No,2,Yes,No,Fiber optic,No,No,No,No,No,No,Month-to-month,No,Electronic check,70.35,139.25,No,0,73,3430,nan,0,69.625,0-6 months,Yes,1
8873-GLDMH,1,United States,California,Courtland,95615,"38.311609, -121.554034",38.311609,-121.554034,Female,No,No,No,6,Yes,Yes,Fiber optic,No,No,No,No,No,No,Month-to-month,Yes,Mailed check,73.85,401.3,No,0,76,4220,nan,0,66.88333333333334,0-6 months,Yes,2
5022-JNQEQ,1,United States,California,Esparto,95627,"38.834469, -122.127193",38.834469,-122.127193,Female,No,Yes,Yes,9,Yes,No,Fiber optic,No,No,No,Yes,No,No,Month-to-month,Yes,Electronic check,75.85,647.5,No,0,51,4843,nan,0,71.94444444444444,7-12 months,No,2
9921-QFQUL,1,United States,California,Garden Valley,95633,"38.852544, -120.837669",38.852544,-120.837669,Female,No,Yes,No,23,Yes,Yes,Fiber optic,No,No,Yes,No,No,Yes,Month-to-month,No,Mailed check,90.15,2044.95,No,0,50,5110,nan,0,88.9108695652174,13-24 months,No,4
8647-SDTWQ,1,United States,California,Hood,95639,"38.375325, -121.507935",38.375325,-121.507935,Male,No,Yes,Yes,57,Yes,Yes,Fiber optic,No,No,No,No,No,No,Month-to-month,Yes,Electronic check,74.3,4018.35,No,0,65,4133,nan,0,70.49736842105263,49+ months,No,2
3323-CPBWR,1,United States,California,Knights Landing,95645,"38.875508, -121.765866",38.875508,-121.765866,Male,No,No,No,23,Yes,Yes,Fiber optic,No,No,Yes,Yes,Yes,No,Month-to-month,Yes,Credit card (automatic),96.9,2085.45,No,0,22,3875,nan,0,90.67173913043477,13-24 months,No,5
3384-CTMSF,1,United States,California,Lincoln,95648,"38.922812, -121.312005",38.922812,-121.312005,Male,No,Yes,No,47,Yes,Yes,Fiber optic,No,Yes,Yes,No,Yes,Yes,Month-to-month,Yes,Electronic check,104.1,5135.15,No,0,71,3142,nan,0,109.25851063829786,25-48 months,No,6
7718-RXDGG,1,United States,California,Newcastle,95658,"38.883224, -121.15918",38.883224,-121.15918,Male,No,Yes,No,15,Yes,No,Fiber optic,No,No,No,No,No,No,Month-to-month,Yes,Bank transfer (automatic),68.6,1108.6,No,0,47,3351,nan,0,73.90666666666667,13-24 months,No,1
1025-FALIX,1,United States,California,Nicolaus,95659,"38.788898, -121.608624",38.788898,-121.608624,Female,No,No,No,26,Yes,No,Fiber optic,No,No,No,No,No,No,Month-to-month,Yes,Credit card (automatic),69.05,1815.65,No,0,23,5379,nan,0,69.83269230769231,25-48 months,No,1
2347-WKKAE,1,United States,California,Penryn,95663,"38.859093, -121.182872",38.859093,-121.182872,Male,No,Yes,No,42,Yes,Yes,Fiber optic,Yes,No,Yes,No,No,Yes,Month-to-month,Yes,Electronic check,94.4,4014.6,No,0,47,2662,nan,0,95.58571428571429,25-48 months,No,5
7148-XZPHA,1,United States,California,Rancho Cordova,95670,"38.602723, -121.279913",38.602723,-121.279913,Male,No,Yes,Yes,55,Yes,No,Fiber optic,No,Yes,No,Yes,No,No,Month-to-month,No,Electronic check,79.4,4238.45,No,0,32,4162,nan,0,77.06272727272727,49+ months,No,3
6856-RAURS,1,United States,California,Rio Oso,95674,"38.954144, -121.482536",38.954144,-121.482536,Female,No,No,No,2,Yes,Yes,Fiber optic,No,No,No,No,No,No,Month-to-month,Yes,Mailed check,74.9,136.05,No,0,62,2044,nan,0,68.025,0-6 months,Yes,2
8778-LMWTJ,1,United States,California,River Pines,95675,"38.545775, -120.743325",38.545775,-120.743325,Female,No,No,No,9,Yes,No,Fiber optic,Yes,No,No,No,No,No,Month-to-month,Yes,Electronic check,74.85,708.2,No,0,66,5770,nan,0,78.6888888888889,7-12 months,No,2
0943-ZQPXH,1,United States,California,Vacaville,95688,"38.419088, -122.024568",38.419088,-122.024568,Male,No,Yes,Yes,44,Yes,No,Fiber optic,No,No,Yes,No,Yes,Yes,Month-to-month,Yes,Bank transfer (automatic),92.95,4122.9,No,0,78,5635,nan,0,93.70227272727271,25-48 months,No,4
2378-VTKDH,1,United States,California,Woodland,95695,"38.71967, -121.862416",38.71967,-121.862416,Male,Yes,Yes,No,65,Yes,Yes,Fiber optic,No,Yes,Yes,No,Yes,Yes,Month-to-month,Yes,Electronic check,104.35,6578.55,No,0,69,4073,nan,0,101.20846153846153,49+ months,No,6
3466-RITXD,1,United States,California,Twin Bridges,95735,"38.805481, -120.13287",38.805481,-120.13287,Male,No,No,No,26,Yes,Yes,Fiber optic,Yes,Yes,No,No,Yes,No,Month-to-month,Yes,Credit card (automatic),92.4,2349.8,No,0,75,5461,nan,0,90.37692307692308,25-48 months,No,5
2974-GGUXS,1,United States,California,Granite Bay,95746,"38.749466, -121.184196",38.749466,-121.184196,Female,Yes,Yes,No,36,Yes,Yes,Fiber optic,No,Yes,No,No,Yes,No,Month-to-month,Yes,Credit card (automatic),91.95,3301.05,No,0,48,3273,nan,0,91.69583333333334,25-48 months,No,4
2101-RANCD,1,United States,California,El Dorado Hills,95762,"38.684437, -121.055634",38.684437,-121.055634,Female,No,No,No,55,Yes,Yes,Fiber optic,No,No,No,No,No,No,Month-to-month,Yes,Electronic check,73.1,4144.9,No,0,46,5832,nan,0,75.36181818181818,49+ months,No,2
5119-NZPTV,1,United States,California,Sacramento,95823,"38.475465, -121.443625",38.475465,-121.443625,Male,Yes,Yes,No,2,Yes,No,Fiber optic,No,No,No,No,No,No,Month-to-month,No,Electronic check,70.1,141.65,No,0,74,5592,nan,0,70.825,0-6 months,Yes,1
3865-ZYKAD,1,United States,California,Sacramento,95831,"38.494832, -121.529447",38.494832,-121.529447,Male,Yes,Yes,No,69,Yes,Yes,Fiber optic,Yes,Yes,No,No,No,No,Month-to-month,Yes,Credit card (automatic),84.9,5785.65,No,0,59,4503,nan,0,83.85,49+ months,No,4
9137-UIYPG,1,United States,California,Butte City,95920,"39.449794, -121.936372",39.449794,-121.936372,Female,No,Yes,Yes,35,Yes,No,Fiber optic,Yes,No,Yes,Yes,Yes,Yes,Month-to-month,Yes,Electronic check,106.9,3756.45,No,0,80,5447,nan,0,107.32714285714285,25-48 months,No,6
2809-ZMYOQ,1,United States,California,Camptonville,95922,"39.432127, -121.099287",39.432127,-121.099287,Female,No,No,No,32,Yes,Yes,Fiber optic,No,No,Yes,No,Yes,Yes,Month-to-month,Yes,Electronic check,101.35,3334.9,No,0,72,4341,nan,0,104.215625,25-48 months,No,5
5339-PXDVH,1,United States,California,Clipper Mills,95930,"39.562239, -121.14836",39.562239,-121.14836,Male,No,No,No,4,Yes,Yes,Fiber optic,Yes,No,No,No,Yes,No,Month-to-month,No,Electronic check,90.65,367.95,No,0,70,3559,nan,0,91.9875,0-6 months,Yes,4
9529-OFXHY,1,United States,California,Elk Creek,95939,"39.53222, -122.594879",39.53222,-122.594879,Male,No,No,No,15,Yes,Yes,Fiber optic,Yes,No,No,No,Yes,No,Month-to-month,Yes,Bank transfer (automatic),87.75,1242.2,No,0,61,5415,nan,0,82.81333333333333,13-24 months,No,4
2669-QVCRG,1,United States,California,Forest Ranch,95942,"40.077028, -121.494168",40.077028,-121.494168,Female,No,No,No,41,Yes,Yes,Fiber optic,Yes,No,No,No,No,No,Month-to-month,Yes,Credit card (automatic),81.3,3190.65,No,0,62,2299,nan,0,77.82073170731708,25-48 months,No,3
0419-YAAPX,1,United States,California,Grass Valley,95949,"39.099204, -121.137962",39.099204,-121.137962,Male,No,Yes,No,49,Yes,No,Fiber optic,No,Yes,No,No,Yes,No,Month-to-month,Yes,Credit card (automatic),85.3,4297.95,No,0,71,4696,nan,0,87.71326530612245,49+ months,No,3
3094-JOJAI,1,United States,California,Maxwell,95955,"39.281194, -122.226568",39.281194,-122.226568,Male,No,No,No,18,Yes,Yes,Fiber optic,No,No,No,No,No,No,Month-to-month,No,Mailed check,74.15,1387.0,No,0,49,2643,nan,0,77.05555555555556,13-24 months,No,2
9494-MRNYX,1,United States,California,Meadow Valley,95956,"39.937017, -121.058043",39.937017,-121.058043,Male,No,No,No,10,Yes,Yes,Fiber optic,No,No,No,No,No,No,Month-to-month,No,Electronic check,75.05,786.3,No,0,23,3399,nan,0,78.63,7-12 months,No,2
9389-ACWBI,1,United States,California,Richvale,95974,"39.495768, -121.747472",39.495768,-121.747472,Female,No,Yes,Yes,5,Yes,No,Fiber optic,No,No,No,No,No,No,Month-to-month,No,Credit card (automatic),69.95,320.4,No,0,73,3850,nan,0,64.08,0-6 months,Yes,1
3644-QXEHN,1,United States,California,Smartville,95977,"39.176595, -121.291692",39.176595,-121.291692,Male,No,Yes,Yes,13,Yes,No,Fiber optic,No,No,Yes,No,Yes,Yes,Month-to-month,No,Electronic check,97.0,1334.45,No,0,35,5282,nan,0,102.65,13-24 months,No,4
5921-NGYRH,1,United States,California,Stonyford,95979,"39.288127, -122.415841",39.288127,-122.415841,Male,No,Yes,No,64,Yes,No,Fiber optic,Yes,No,No,No,No,No,Month-to-month,Yes,Mailed check,73.55,4764.0,No,0,50,5018,nan,0,74.4375,49+ months,No,2
4062-HBMOS,1,United States,California,Redding,96003,"40.677649, -122.29467",40.677649,-122.29467,Male,No,No,No,52,Yes,Yes,Fiber optic,No,Yes,Yes,No,Yes,Yes,Month-to-month,Yes,Electronic check,103.05,5364.8,No,0,80,5432,nan,0,103.16923076923078,49+ months,No,6
1104-TNLZA,1,United States,California,Klamath River,96050,"41.816595, -122.948287",41.816595,-122.948287,Male,Yes,Yes,No,28,Yes,Yes,Fiber optic,No,Yes,No,Yes,Yes,Yes,Month-to-month,Yes,Electronic check,105.8,2998.0,No,0,73,4174,nan,0,107.07142857142857,25-48 months,No,6
8709-KRDVL,1,United States,California,Scott Bar,96085,"41.737962, -123.07557",41.737962,-123.07557,Female,No,No,No,33,Yes,Yes,Fiber optic,No,Yes,No,No,Yes,Yes,Month-to-month,Yes,Electronic check,100.0,3320.6,No,0,76,4643,nan,0,100.62424242424242,25-48 months,No,5
1427-VERSM,1,United States,California,Shasta,96087,"40.617614, -122.512861",40.617614,-122.512861,Female,No,Yes,No,56,Yes,No,Fiber optic,No,No,Yes,Yes,Yes,Yes,Month-to-month,Yes,Electronic check,98.7,5669.5,No,0,44,5141,nan,0,101.24107142857143,49+ months,No,5
6339-YPSAH,1,United States,California,Tehama,96090,"40.021787, -122.127576",40.021787,-122.127576,Male,No,No,No,9,Yes,No,Fiber optic,No,No,Yes,No,No,No,Month-to-month,Yes,Electronic check,73.8,704.3,No,0,52,4895,nan,0,78.25555555555555,7-12 months,No,2
1548-FEHVL,1,United States,California,Weed,96094,"41.465121, -122.380947",41.465121,-122.380947,Male,No,Yes,No,61,Yes,Yes,Fiber optic,Yes,Yes,No,No,Yes,Yes,Month-to-month,Yes,Electronic check,106.2,6375.2,No,0,74,6298,nan,0,104.51147540983607,49+ months,No,6
6215-NQCPY,1,United States,California,Yreka,96097,"41.764869, -122.671316",41.764869,-122.671316,Male,No,No,No,15,Yes,Yes,Fiber optic,Yes,No,No,No,Yes,Yes,Month-to-month,Yes,Electronic check,99.7,1566.75,No,0,60,4157,nan,0,104.45,13-24 months,No,5
6969-MVBAI,1,United States,California,Davis Creek,96108,"41.750354, -120.403885",41.750354,-120.403885,Female,Yes,No,No,9,Yes,Yes,Fiber optic,No,No,Yes,No,Yes,No,Month-to-month,Yes,Electronic check,90.1,816.8,No,0,48,2893,nan,0,90.75555555555555,7-12 months,No,4
7426-GSWPO,1,United States,California,Portola,96122,"39.786755, -120.445626",39.786755,-120.445626,Male,Yes,No,No,64,Yes,Yes,Fiber optic,Yes,Yes,No,No,Yes,Yes,Month-to-month,Yes,Bank transfer (automatic),103.5,6548.65,No,0,63,5125,nan,0,102.32265625,49+ months,No,6
4657-FWVFY,1,United States,California,Kings Beach,96143,"39.246654, -120.029273",39.246654,-120.029273,Female,No,Yes,Yes,40,Yes,Yes,Fiber optic,No,Yes,Yes,No,Yes,No,Month-to-month,Yes,Credit card (automatic),96.35,3915.4,No,0,52,2004,nan,0,97.885,25-48 months,No,5
9696-RMYBA,1,United States,California,Los Angeles,90003,"33.964131, -118.272783",33.964131,-118.272783,Male,No,No,No,5,Yes,No,Fiber optic,No,No,No,No,Yes,No,Month-to-month,Yes,Mailed check,80.1,398.55,No,0,22,5225,nan,0,79.71000000000001,0-6 months,Yes,2
8404-FYDIB,1,United States,California,Los Angeles,90012,"34.065875, -118.238728",34.065875,-118.238728,Male,No,No,No,26,Yes,Yes,Fiber optic,Yes,Yes,No,No,No,No,Month-to-month,Yes,Credit card (automatic),86.65,2208.75,No,0,54,4469,nan,0,84.95192307692308,25-48 months,No,4
1226-IENZN,1,United States,California,Los Angeles,90024,"34.066303, -118.435479",34.066303,-118.435479,Male,Yes,No,No,16,Yes,No,Fiber optic,No,No,No,No,No,Yes,Month-to-month,Yes,Electronic check,78.75,1218.25,No,0,74,4351,nan,0,76.140625,13-24 months,No,2
3411-WLRSQ,1,United States,California,Los Angeles,90038,"34.088017, -118.327168",34.088017,-118.327168,Female,Yes,Yes,No,3,Yes,No,Fiber optic,No,Yes,No,No,No,No,Month-to-month,Yes,Bank transfer (automatic),74.6,239.05,No,0,57,3711,nan,0,79.68333333333334,0-6 months,Yes,2
2832-KJCRD,1,United States,California,Los Angeles,90071,"34.052917, -118.255178",34.052917,-118.255178,Female,No,No,No,38,Yes,Yes,Fiber optic,No,No,Yes,Yes,Yes,Yes,Month-to-month,Yes,Electronic check,103.65,3988.5,No,0,47,2511,nan,0,104.96052631578948,25-48 months,No,6
3588-WSTTJ,1,United States,California,Los Angeles,90077,"34.102084, -118.451629",34.102084,-118.451629,Female,Yes,No,No,35,Yes,Yes,Fiber optic,Yes,No,No,No,Yes,Yes,Month-to-month,Yes,Electronic check,99.05,3554.6,No,0,63,3484,nan,0,101.56,25-48 months,No,5
5274-XHAKY,1,United States,California,Compton,90222,"33.912246, -118.236773",33.912246,-118.236773,Female,No,Yes,Yes,41,Yes,Yes,Fiber optic,Yes,Yes,No,No,Yes,No,Month-to-month,Yes,Bank transfer (automatic),94.3,3893.6,No,0,43,2196,nan,0,94.96585365853659,25-48 months,No,5
4566-NECEV,1,United States,California,Palos Verdes Peninsula,90274,"33.788208, -118.404955",33.788208,-118.404955,Male,No,No,No,5,Yes,Yes,Fiber optic,No,Yes,Yes,No,No,Yes,Month-to-month,No,Electronic check,96.55,500.1,No,0,56,3787,nan,0,100.02000000000001,0-6 months,Yes,5
2027-CWDNU,1,United States,California,Venice,90291,"33.991782, -118.479229",33.991782,-118.479229,Male,No,Yes,Yes,18,Yes,No,Fiber optic,No,No,No,Yes,No,Yes,Month-to-month,Yes,Electronic check,85.6,1601.5,No,0,63,5968,nan,0,88.97222222222223,13-24 months,No,3
3545-CNWRG,1,United States,California,Santa Monica,90402,"34.035849, -118.503508",34.035849,-118.503508,Female,No,Yes,Yes,49,Yes,Yes,Fiber optic,No,Yes,No,No,Yes,Yes,Month-to-month,Yes,Electronic check,98.35,4889.2,No,0,39,4325,nan,0,99.7795918367347,49+ months,No,5
1785-BPHTP,1,United States,California,Santa Monica,90403,"34.031529, -118.491156",34.031529,-118.491156,Male,No,Yes,Yes,28,Yes,No,Fiber optic,No,No,Yes,No,Yes,No,Month-to-month,No,Electronic check,85.45,2289.9,No,0,26,4022,nan,0,81.78214285714286,25-48 months,No,3
4989-LIXVT,1,United States,California,Santa Monica,90404,"34.026334, -118.474222",34.026334,-118.474222,Male,Yes,No,No,68,Yes,Yes,Fiber optic,No,Yes,Yes,No,No,Yes,Month-to-month,Yes,Electronic check,95.9,6503.2,No,0,68,5080,nan,0,95.63529411764705,49+ months,No,5
7315-WYOAW,1,United States,California,Santa Monica,90405,"34.005439, -118.477507",34.005439,-118.477507,Male,No,No,No,13,Yes,Yes,Fiber optic,No,No,No,Yes,Yes,Yes,Month-to-month,No,Electronic check,100.75,1313.25,No,0,80,5985,nan,0,101.01923076923077,13-24 months,No,5
1173-XZPYF,1,United States,California,Torrance,90501,"33.833699, -118.314387",33.833699,-118.314387,Female,No,No,No,11,Yes,Yes,Fiber optic,No,No,Yes,No,Yes,No,Month-to-month,Yes,Electronic check,89.2,990.3,No,0,32,3734,nan,0,90.02727272727272,7-12 months,No,4
5666-CYCYZ,1,United States,California,Montebello,90640,"34.015217, -118.109962",34.015217,-118.109962,Female,No,No,No,24,Yes,Yes,Fiber optic,No,No,No,Yes,No,Yes,Month-to-month,Yes,Electronic check,89.55,2259.35,No,0,76,5352,nan,0,94.13958333333333,13-24 months,No,4
9003-CPATH,1,United States,California,Carson,90745,"33.822295, -118.26411",33.822295,-118.26411,Male,No,No,No,42,Yes,Yes,Fiber optic,No,No,Yes,No,No,No,Month-to-month,No,Electronic check,79.9,3313.4,No,0,70,2583,nan,0,78.89047619047619,25-48 months,No,3
1754-GKYPY,1,United States,California,Carson,90746,"33.859171, -118.252272",33.859171,-118.252272,Male,Yes,Yes,No,22,Yes,No,Fiber optic,No,No,No,No,Yes,Yes,Month-to-month,Yes,Bank transfer (automatic),89.75,1938.9,No,0,23,4180,nan,0,88.13181818181819,13-24 months,No,3
3855-ONCAR,1,United States,California,Arcadia,91006,"34.137319, -118.029837",34.137319,-118.029837,Female,No,Yes,Yes,4,Yes,No,Fiber optic,No,No,No,No,Yes,No,Month-to-month,Yes,Mailed check,78.9,299.75,No,0,50,5775,nan,0,74.9375,0-6 months,Yes,2
3174-RKMOW,1,United States,California,Glendale,91201,"34.17051, -118.289463",34.17051,-118.289463,Male,No,Yes,Yes,35,Yes,Yes,Fiber optic,No,Yes,Yes,Yes,Yes,Yes,Month-to-month,Yes,Electronic check,109.95,3782.4,No,0,71,5721,nan,0,108.06857142857143,25-48 months,No,7
3541-ZNUHK,1,United States,California,La Crescenta,91214,"34.239636, -118.245259",34.239636,-118.245259,Female,No,Yes,Yes,55,Yes,Yes,Fiber optic,Yes,Yes,No,No,No,No,Month-to-month,Yes,Electronic check,85.1,4600.95,No,0,76,4026,nan,0,83.65363636363637,49+ months,No,4
8725-JEDFD,1,United States,California,Calabasas,91302,"34.130861, -118.68346",34.130861,-118.68346,Male,No,No,No,27,Yes,No,Fiber optic,No,No,No,No,No,No,Month-to-month,Yes,Mailed check,69.05,1793.25,No,0,27,3241,nan,0,66.41666666666667,25-48 months,No,1
7562-UXTPG,1,United States,California,Canoga Park,91303,"34.19829, -118.602203",34.19829,-118.602203,Female,No,No,No,13,Yes,No,Fiber optic,No,No,No,No,No,No,Month-to-month,Yes,Mailed check,70.15,886.7,No,0,56,2992,nan,0,68.20769230769231,13-24 months,No,1
5626-MGTUK,1,United States,California,Chatsworth,91311,"34.294142, -118.603883",34.294142,-118.603883,Female,No,No,No,20,Yes,Yes,Fiber optic,Yes,No,No,No,Yes,No,Month-to-month,Yes,Bank transfer (automatic),89.1,1879.25,No,0,70,3027,nan,0,93.9625,13-24 months,No,4
8212-DJRCH,1,United States,California,Newbury Park,91320,"34.172071, -118.946262",34.172071,-118.946262,Male,No,Yes,Yes,5,Yes,No,Fiber optic,Yes,No,Yes,No,No,Yes,Month-to-month,Yes,Mailed check,90.35,434.5,No,0,66,4014,nan,0,86.9,0-6 months,Yes,4
6563-VNPMN,1,United States,California,Sylmar,91342,"34.321621, -118.399841",34.321621,-118.399841,Female,Yes,No,No,45,Yes,No,Fiber optic,Yes,Yes,No,Yes,No,No,Month-to-month,Yes,Bank transfer (automatic),85.7,3778.1,No,0,44,5397,nan,0,83.95777777777778,25-48 months,No,4
2267-WTPYD,1,United States,California,Granada Hills,91344,"34.291273, -118.505104",34.291273,-118.505104,Female,Yes,Yes,No,57,Yes,Yes,Fiber optic,No,Yes,Yes,No,No,Yes,Month-to-month,No,Credit card (automatic),94.0,5438.95,No,0,49,6015,nan,0,95.42017543859649,49+ months,No,5
6300-BWMJX,1,United States,California,Valencia,91355,"34.43987, -118.644609",34.43987,-118.644609,Female,No,Yes,No,59,Yes,Yes,Fiber optic,No,No,Yes,Yes,Yes,No,Month-to-month,No,Electronic check,93.35,5386.5,No,0,44,4814,nan,0,91.29661016949153,49+ months,No,5
5022-KVDQT,1,United States,California,Woodland Hills,91364,"34.153733, -118.593408",34.153733,-118.593408,Male,No,No,No,27,Yes,Yes,Fiber optic,No,No,Yes,No,No,No,Month-to-month,Yes,Electronic check,81.3,2272.8,No,0,72,5158,nan,0,84.17777777777779,25-48 months,No,3
9129-UXERG,1,United States,California,Van Nuys,91405,"34.202494, -118.448048",34.202494,-118.448048,Female,Yes,No,No,18,Yes,Yes,Fiber optic,No,Yes,No,Yes,Yes,Yes,Month-to-month,Yes,Credit card (automatic),103.6,1806.35,No,0,73,2094,nan,0,100.35277777777777,13-24 months,No,6
6229-LSCKB,1,United States,California,Encino,91436,"34.152875, -118.486056",34.152875,-118.486056,Male,Yes,No,No,6,Yes,No,Fiber optic,No,No,No,No,Yes,No,Month-to-month,Yes,Electronic check,79.7,497.6,No,0,44,2893,nan,0,82.93333333333334,0-6 months,Yes,2
6897-UUBNU,1,United States,California,North Hollywood,91602,"34.15136, -118.364786",34.15136,-118.364786,Male,No,No,No,29,Yes,No,Fiber optic,No,Yes,No,Yes,Yes,No,Month-to-month,No,Mailed check,89.65,2623.65,No,0,51,2681,nan,0,90.47068965517242,25-48 months,No,4
5060-TQUQN,1,United States,California,Rancho Cucamonga,91701,"34.132275, -117.611478",34.132275,-117.611478,Male,No,Yes,Yes,30,Yes,Yes,Fiber optic,No,Yes,No,Yes,No,No,Month-to-month,Yes,Bank transfer (automatic),83.55,2570.2,No,0,31,3558,nan,0,85.67333333333333,25-48 months,No,4
1930-WNXSB,1,United States,California,Covina,91724,"34.08111, -117.853935",34.08111,-117.853935,Male,No,Yes,Yes,58,Yes,No,Fiber optic,No,Yes,No,No,Yes,Yes,Month-to-month,Yes,Electronic check,92.85,5305.05,No,0,36,4879,nan,0,91.46637931034483,49+ months,No,4
3452-SRFEG,1,United States,California,La Verne,91750,"34.144703, -117.770299",34.144703,-117.770299,Male,No,No,No,49,Yes,Yes,Fiber optic,No,No,No,No,No,No,Month-to-month,Yes,Bank transfer (automatic),74.6,3720.35,No,0,79,4516,nan,0,75.92551020408163,49+ months,No,2
4070-OKWVH,1,United States,California,Mira Loma,91752,"33.999992, -117.535395",33.999992,-117.535395,Female,No,Yes,No,52,Yes,Yes,Fiber optic,No,Yes,Yes,No,Yes,No,Month-to-month,No,Bank transfer (automatic),94.6,5025.8,No,0,57,6212,nan,0,96.65,49+ months,No,5
0682-USIXD,1,United States,California,Diamond Bar,91765,"33.992416, -117.807874",33.992416,-117.807874,Female,No,Yes,No,21,Yes,No,Fiber optic,No,No,No,Yes,Yes,No,Month-to-month,Yes,Electronic check,86.05,1818.9,No,0,23,2937,nan,0,86.61428571428571,13-24 months,No,3
2133-TSRRM,1,United States,California,Rosemead,91770,"34.065108, -118.082791",34.065108,-118.082791,Female,No,No,Yes,34,Yes,No,Fiber optic,Yes,Yes,Yes,No,Yes,Yes,Month-to-month,Yes,Bank transfer (automatic),105.35,3688.6,No,0,39,5432,nan,0,108.48823529411764,25-48 months,No,6
3191-CSNMG,1,United States,California,Upland,91784,"34.141146, -117.655583",34.141146,-117.655583,Female,No,Yes,Yes,3,Yes,No,Fiber optic,No,No,No,No,Yes,No,Month-to-month,Yes,Electronic check,80.7,239.45,No,0,46,2081,nan,0,79.81666666666666,0-6 months,Yes,2
7952-OBOYL,1,United States,California,Upland,91786,"34.105493, -117.660934",34.105493,-117.660934,Male,No,No,No,3,Yes,No,Fiber optic,No,No,Yes,Yes,Yes,No,Month-to-month,Yes,Mailed check,89.85,244.45,No,0,53,4096,nan,0,81.48333333333333,0-6 months,Yes,4
2215-ZAFGX,1,United States,California,La Mesa,91942,"32.782501, -117.01611",32.782501,-117.01611,Male,No,No,No,9,Yes,Yes,Fiber optic,No,No,No,No,Yes,No,Month-to-month,Yes,Electronic check,85.5,791.7,No,0,69,4867,nan,0,87.96666666666667,7-12 months,No,3
5136-GFPMB,1,United States,California,Spring Valley,91978,"32.730264, -116.950963",32.730264,-116.950963,Male,No,No,No,54,Yes,Yes,Fiber optic,No,No,Yes,No,No,Yes,Month-to-month,No,Credit card (automatic),89.4,4869.5,No,0,56,5871,nan,0,90.17592592592592,49+ months,No,4
5243-SAOTC,1,United States,California,Bonsall,92003,"33.290907, -117.202895",33.290907,-117.202895,Male,No,No,No,54,Yes,Yes,Fiber optic,No,Yes,No,No,No,No,Month-to-month,Yes,Bank transfer (automatic),79.85,4308.25,No,0,46,5166,nan,0,79.7824074074074,49+ months,No,3
9398-MMQTO,1,United States,California,Borrego Springs,92004,"33.200369, -116.192313",33.200369,-116.192313,Male,No,No,No,3,Yes,No,Fiber optic,No,Yes,No,No,No,No,Month-to-month,No,Credit card (automatic),74.45,221.1,No,0,61,3956,nan,0,73.7,0-6 months,Yes,2
3914-FDRHP,1,United States,California,Warner Springs,92086,"33.323705, -116.626907",33.323705,-116.626907,Male,No,No,No,9,Yes,No,Fiber optic,No,No,No,Yes,Yes,No,Month-to-month,No,Electronic check,86.25,770.5,No,0,42,4754,nan,0,85.61111111111111,7-12 months,No,3
4690-PKDQG,1,United States,California,San Diego,92102,"32.716007, -117.117462",32.716007,-117.117462,Female,Yes,Yes,No,42,Yes,Yes,Fiber optic,No,Yes,Yes,No,Yes,No,Month-to-month,Yes,Electronic check,95.55,3930.6,No,0,26,4121,nan,0,93.58571428571429,25-48 months,No,5
9547-ITEFG,1,United States,California,San Diego,92105,"32.741859, -117.090353",32.741859,-117.090353,Male,No,Yes,Yes,9,Yes,Yes,Fiber optic,No,Yes,Yes,No,Yes,Yes,Month-to-month,Yes,Credit card (automatic),102.6,897.75,No,0,32,4062,nan,0,99.75,7-12 months,No,6
7789-CRUVC,1,United States,California,San Diego,92107,"32.741852, -117.243453",32.741852,-117.243453,Female,Yes,Yes,No,61,Yes,Yes,Fiber optic,Yes,Yes,Yes,Yes,No,No,Month-to-month,Yes,Credit card (automatic),94.2,5895.45,No,0,76,5274,nan,0,96.6467213114754,49+ months,No,6
6633-SYEUS,1,United States,California,San Diego,92127,"33.017518, -117.118456",33.017518,-117.118456,Female,No,No,No,23,Yes,No,Fiber optic,No,Yes,Yes,Yes,No,No,Month-to-month,No,Bank transfer (automatic),83.2,2032.3,No,0,28,2061,nan,0,88.36086956521739,13-24 months,No,4
0376-OIWME,1,United States,California,San Ysidro,92173,"32.555828, -117.040073",32.555828,-117.040073,Male,No,Yes,No,36,Yes,No,Fiber optic,Yes,No,No,No,Yes,Yes,Month-to-month,Yes,Electronic check,93.6,3366.05,No,0,53,2701,nan,0,93.5013888888889,25-48 months,No,4
2523-EWWZL,1,United States,California,Blythe,92225,"33.674583, -114.71612",33.674583,-114.71612,Female,No,Yes,No,27,Yes,No,Fiber optic,No,Yes,No,No,No,No,Month-to-month,Yes,Electronic check,76.1,2093.4,No,0,43,3291,nan,0,77.53333333333333,25-48 months,No,2
0928-XUTSN,1,United States,California,Brawley,92227,"33.03933, -115.191857",33.03933,-115.191857,Female,No,No,No,13,Yes,No,Fiber optic,No,No,No,No,No,Yes,Month-to-month,Yes,Electronic check,80.5,1011.8,No,0,37,3895,nan,0,77.83076923076922,13-24 months,No,2
6075-SLNIL,1,United States,California,Desert Center,92239,"33.889605, -115.257009",33.889605,-115.257009,Male,No,No,No,38,Yes,Yes,Fiber optic,No,Yes,Yes,No,No,Yes,Month-to-month,Yes,Credit card (automatic),95.1,3691.2,No,0,62,5393,nan,0,97.13684210526316,25-48 months,No,5
1685-BQULA,1,United States,California,La Quinta,92253,"33.695532, -116.310571",33.695532,-116.310571,Female,No,No,No,40,Yes,Yes,Fiber optic,No,Yes,Yes,No,Yes,No,Month-to-month,Yes,Bank transfer (automatic),93.4,3756.4,No,0,53,3819,nan,0,93.91,25-48 months,No,5
9053-EJUNL,1,United States,California,Mecca,92254,"33.543835, -115.993906",33.543835,-115.993906,Male,No,No,No,41,Yes,Yes,Fiber optic,No,Yes,No,No,Yes,No,Month-to-month,Yes,Electronic check,89.2,3645.75,No,0,77,3259,nan,0,88.92073170731707,25-48 months,No,4
0666-UXTJO,1,United States,California,Morongo Valley,92256,"34.097863, -116.594561",34.097863,-116.594561,Male,Yes,Yes,No,34,Yes,No,Fiber optic,No,No,Yes,No,Yes,No,Month-to-month,Yes,Credit card (automatic),85.2,2874.45,No,0,27,5393,nan,0,84.54264705882352,25-48 months,No,3
1035-IPQPU,1,United States,California,Parker Dam,92267,"34.273872, -114.192901",34.273872,-114.192901,Female,Yes,Yes,No,63,Yes,Yes,Fiber optic,No,Yes,Yes,No,Yes,Yes,Month-to-month,Yes,Electronic check,103.5,6479.4,No,0,53,5187,nan,0,102.84761904761905,49+ months,No,6
7398-LXGYX,1,United States,California,Pioneertown,92268,"34.201108, -116.593456",34.201108,-116.593456,Male,No,Yes,No,44,Yes,Yes,Fiber optic,Yes,No,Yes,No,No,No,Month-to-month,Yes,Credit card (automatic),84.8,3626.35,No,0,44,2770,nan,0,82.41704545454546,25-48 months,No,4
2823-LKABH,1,United States,California,Rancho Mirage,92270,"33.763678, -116.429928",33.763678,-116.429928,Female,No,No,No,18,Yes,Yes,Fiber optic,No,No,Yes,Yes,No,Yes,Month-to-month,Yes,Bank transfer (automatic),95.05,1679.4,No,0,60,4524,nan,0,93.30000000000001,13-24 months,No,5
9767-FFLEM,1,United States,California,Westmorland,92281,"33.03679, -115.60503",33.03679,-115.60503,Male,No,No,No,38,Yes,No,Fiber optic,No,No,No,No,No,No,Month-to-month,Yes,Credit card (automatic),69.5,2625.25,No,0,35,4591,nan,0,69.08552631578948,25-48 months,No,1
8456-QDAVC,1,United States,California,Winterhaven,92283,"32.852947, -114.850784",32.852947,-114.850784,Male,No,No,No,19,Yes,No,Fiber optic,No,No,No,No,Yes,No,Month-to-month,Yes,Bank transfer (automatic),78.7,1495.1,No,0,20,2464,nan,0,78.68947368421053,13-24 months,No,2
